entry_date,expiry_date,spot_entry,spot_expiry,signal,direction,K1,K2,sigma_used,entry_cost,expiry_value,pnl,pnl_pct,max_profit,max_loss,win,cumulative_pnl,equity
2004-02-06,2004-03-08,1.27,1.24261,-1.0,bear_put,1.2573,1.27,0.1478,0.005607,0.0127,0.007093,1.2649,0.007093,0.005607,True,0.007093,181.51550213659448
2004-02-11,2004-03-11,1.28301,1.2351,-1.0,bear_put,1.27018,1.28301,0.1474,0.005663,0.01283,0.007167,1.2657,0.007167,0.005663,True,0.01426,263.88144092314076
2004-02-20,2004-03-22,1.2542,1.2346,1.0,bull_call,1.24166,1.26674,0.1332,0.012865,0.0,-0.012865,-1.0,0.012219,0.012865,False,0.0013950000000000004,116.03188009030725
2004-02-25,2004-03-25,1.2497,1.2137,1.0,bull_call,1.23721,1.2622,0.1313,0.01283,0.0,-0.01283,-1.0,0.012164,0.01283,False,-0.011434999999999999,-31.415447191873398
2004-02-26,2004-03-26,1.2448,1.21269,1.0,bull_call,1.23235,1.25725,0.1204,0.012843,0.0,-0.012843,-1.0,0.012053,0.012843,False,-0.024278,-179.0121755071537
2004-03-02,2004-03-31,1.22041,1.2313,1.0,bull_call,1.2082,1.23261,0.1379,0.012494,0.023099,0.010604,0.8487,0.011914,0.012494,True,-0.013674,-57.14690204649557
2004-03-03,2004-04-01,1.2191,1.23651,1.0,bull_call,1.2069,1.23129,0.134,0.012501,0.024382,0.011881,0.9504,0.011881,0.012501,True,-0.0017930000000000012,79.39414981941152
2004-03-24,2004-04-22,1.2139,1.19251,1.0,bull_call,1.20176,1.22604,0.1454,0.012392,0.0,-0.012392,-1.0,0.011886,0.012392,False,-0.014185000000000001,-63.01951188602749
2004-04-05,2004-05-04,1.2013,1.21051,1.0,bull_call,1.18929,1.21332,0.1383,0.012297,0.021218,0.008921,0.7255,0.011729,0.012297,True,-0.005264000000000001,39.50407398180833
2004-04-20,2004-05-19,1.18481,1.20039,1.0,bull_call,1.17296,1.19665,0.1266,0.012188,0.023696,0.011508,0.9442,0.011508,0.012188,True,0.006243999999999998,171.75846543647197
2004-04-21,2004-05-20,1.181,1.1957,1.0,bull_call,1.16919,1.19281,0.1265,0.01215,0.02362,0.01147,0.9441,0.01147,0.01215,True,0.017713999999999997,303.5761461789983
2004-05-04,2004-06-02,1.21051,1.2219,-1.0,bear_put,1.1984,1.21051,0.1133,0.005082,0.0,-0.005082,-1.0,0.007023,0.005082,False,0.012631999999999997,245.17183462420152
2004-05-05,2004-06-03,1.21589,1.22211,-1.0,bear_put,1.20374,1.21589,0.1091,0.005063,0.0,-0.005063,-1.0,0.007096,0.005063,False,0.007568999999999998,186.98587842547352
2004-05-25,2004-06-23,1.2101,1.20861,-1.0,bear_put,1.198,1.2101,0.1225,0.005164,0.001492,-0.003672,-0.7111,0.006937,0.005164,False,0.0038969999999999977,144.7858327684067
2004-05-27,2004-06-25,1.2276,1.2203,-1.0,bear_put,1.21532,1.2276,0.1255,0.005263,0.007295,0.002032,0.3861,0.007013,0.005263,True,0.005928999999999998,168.13836348059615
2004-06-09,2004-07-08,1.2043,1.2395,1.0,bull_call,1.19225,1.21634,0.1151,0.012458,0.024086,0.011628,0.9334,0.011628,0.012458,True,0.017556999999999996,301.7718413946411
2004-06-11,2004-07-12,1.2015,1.2408,1.0,bull_call,1.18949,1.21352,0.1155,0.012426,0.02403,0.011604,0.9338,0.011604,0.012426,True,0.029160999999999996,435.1295020168098
2004-07-02,2004-08-02,1.2311,1.2022,-1.0,bear_put,1.21879,1.2311,0.1197,0.005229,0.012311,0.007082,1.3546,0.007082,0.005229,True,0.036243,516.5185878946277
2004-07-05,2004-08-03,1.23,1.2053,-1.0,bear_put,1.2177,1.23,0.1188,0.005216,0.0123,0.007084,1.358,0.007084,0.005216,True,0.043327,597.9306585467685
2004-07-07,2004-08-05,1.2371,1.2052,-1.0,bear_put,1.22473,1.2371,0.1195,0.005253,0.012371,0.007118,1.3552,0.007118,0.005253,True,0.050445,679.7334703624008
2004-07-08,2004-08-06,1.2395,1.2308,-1.0,bear_put,1.2271,1.2395,0.0994,0.005051,0.008696,0.003645,0.7217,0.007344,0.005051,True,0.05409,721.6232215661068
2004-07-16,2004-08-16,1.24559,1.2359,-1.0,bear_put,1.23314,1.24559,0.0826,0.004826,0.009699,0.004873,1.0097,0.00763,0.004826,True,0.058963,777.6256242041479
2004-07-21,2004-08-19,1.2263,1.2372,1.0,bull_call,1.21404,1.23856,0.0878,0.012905,0.023156,0.010251,0.7944,0.011621,0.012905,True,0.069214,895.4340849967928
2004-07-22,2004-08-20,1.2256,1.23219,1.0,bull_call,1.21334,1.23785,0.0869,0.012906,0.018855,0.00595,0.461,0.011606,0.012906,True,0.075164,963.8137886077806
2004-07-23,2004-08-23,1.2096,1.2152,1.0,bull_call,1.1975,1.2217,0.0956,0.012658,0.017696,0.005039,0.3981,0.011534,0.012658,True,0.080203,1021.7239275146325
2004-07-27,2004-08-25,1.2064,1.20861,1.0,bull_call,1.19434,1.21847,0.0982,0.012602,0.014266,0.001664,0.132,0.011526,0.012602,True,0.081867,1040.847259751386
2004-08-06,2004-09-06,1.2308,1.20659,-1.0,bear_put,1.21849,1.2308,0.1078,0.005111,0.012308,0.007197,1.408,0.007197,0.005111,True,0.08906399999999999,1123.5579701527777
2004-08-09,2004-09-07,1.2273,1.20991,-1.0,bear_put,1.21502,1.2273,0.1078,0.005097,0.012273,0.007176,1.4079,0.007176,0.005097,True,0.09623999999999999,1206.0273404237773
2004-08-13,2004-09-13,1.23759,1.22641,-1.0,bear_put,1.22522,1.23759,0.1125,0.005189,0.011186,0.005997,1.1558,0.007187,0.005189,True,0.102237,1274.9471862313565
2004-08-23,2004-09-21,1.2152,1.23289,1.0,bull_call,1.20305,1.22735,0.1051,0.01264,0.024304,0.011664,0.9228,0.011664,0.01264,True,0.113901,1408.9943900832156
2004-08-24,2004-09-22,1.2082,1.22669,1.0,bull_call,1.19611,1.22028,0.1064,0.012558,0.024164,0.011606,0.9242,0.011606,0.012558,True,0.125507,1542.3750354797075
2004-08-25,2004-09-23,1.20861,1.2272,1.0,bull_call,1.19652,1.22069,0.1041,0.012579,0.024172,0.011593,0.9217,0.011593,0.012579,True,0.1371,1675.6062798430994
2004-09-09,2004-10-08,1.2242,1.241,-1.0,bear_put,1.21196,1.2242,0.0953,0.004935,0.0,-0.004935,-1.0,0.007307,0.004935,False,0.132165,1618.891349201045
2004-09-10,2004-10-11,1.2273,1.23841,-1.0,bear_put,1.21502,1.2273,0.0956,0.004952,0.0,-0.004952,-1.0,0.007321,0.004952,False,0.127213,1561.9810479772443
2004-09-21,2004-10-20,1.23289,1.25789,-1.0,bear_put,1.22056,1.23289,0.088,0.004866,0.0,-0.004866,-1.0,0.007463,0.004866,False,0.122347,1506.059092049334
2004-09-30,2004-11-01,1.24339,1.2746,-1.0,bear_put,1.23096,1.24339,0.0797,0.004766,0.0,-0.004766,-1.0,0.007668,0.004766,False,0.11758099999999999,1451.2863748375744
2004-10-15,2004-11-16,1.24789,1.29619,-1.0,bear_put,1.23542,1.24789,0.0818,0.004822,0.0,-0.004822,-1.0,0.007657,0.004822,False,0.112759,1395.8700839447706
2004-10-18,2004-11-17,1.24891,1.3038,-1.0,bear_put,1.23642,1.24891,0.0816,0.004821,0.0,-0.004821,-1.0,0.007668,0.004821,False,0.10793799999999999,1340.4652854391281
2004-10-19,2004-11-18,1.25189,1.2949,-1.0,bear_put,1.23937,1.25189,0.0814,0.004829,0.0,-0.004829,-1.0,0.007689,0.004829,False,0.10310899999999999,1284.9685478361937
2004-10-20,2004-11-19,1.25789,1.3039,-1.0,bear_put,1.24531,1.25789,0.0714,0.00465,0.0,-0.00465,-1.0,0.007929,0.00465,False,0.09845899999999999,1231.5289475351694
2004-10-21,2004-11-22,1.262,1.304,-1.0,bear_put,1.24938,1.262,0.0684,0.004593,0.0,-0.004593,-1.0,0.008028,0.004593,False,0.09386599999999999,1178.7444133023514
2004-10-22,2004-11-23,1.2691,1.30971,-1.0,bear_put,1.25641,1.2691,0.0698,0.004654,0.0,-0.004654,-1.0,0.008037,0.004654,False,0.08921199999999999,1125.258843452681
2004-10-25,2004-11-24,1.2811,1.3178,-1.0,bear_put,1.26829,1.2811,0.0747,0.004809,0.0,-0.004809,-1.0,0.008002,0.004809,False,0.08440299999999999,1069.9919535929766
2004-11-04,2004-12-03,1.2873,1.3466,-1.0,bear_put,1.27443,1.2873,0.0741,0.00482,0.0,-0.00482,-1.0,0.008053,0.00482,False,0.07958299999999999,1014.5986474744957
2004-11-05,2004-12-06,1.2967,1.3396,-1.0,bear_put,1.28373,1.2967,0.0739,0.00485,0.0,-0.00485,-1.0,0.008117,0.00485,False,0.074733,958.8605697411696
2004-11-17,2004-12-16,1.3038,1.3251,-1.0,bear_put,1.29076,1.3038,0.0704,0.004795,0.0,-0.004795,-1.0,0.008243,0.004795,False,0.069938,903.7545733017264
2004-11-19,2004-12-20,1.3039,1.33921,-1.0,bear_put,1.29086,1.3039,0.0783,0.00497,0.0,-0.00497,-1.0,0.008069,0.00497,False,0.064968,846.6374091090189
2004-11-23,2004-12-22,1.30971,1.3391,-1.0,bear_put,1.29661,1.30971,0.0776,0.004978,0.0,-0.004978,-1.0,0.00812,0.004978,False,0.05999,789.4283058190193
2004-11-24,2004-12-23,1.3178,1.35121,-1.0,bear_put,1.30462,1.3178,0.0741,0.004933,0.0,-0.004933,-1.0,0.008245,0.004933,False,0.055057,732.7363599512876
2004-11-25,2004-12-24,1.3258,1.3538,-1.0,bear_put,1.31254,1.3258,0.0735,0.004951,0.0,-0.004951,-1.0,0.008307,0.004951,False,0.050106000000000005,675.8375511146488
2004-11-26,2004-12-27,1.3295,1.3624,-1.0,bear_put,1.31621,1.3295,0.0698,0.004873,0.0,-0.004873,-1.0,0.008422,0.004873,False,0.045233,619.8351484766077
2004-12-03,2005-01-03,1.3466,1.347,-1.0,bear_put,1.33314,1.3466,0.0829,0.005224,0.0,-0.005224,-1.0,0.008242,0.005224,False,0.040009,559.7989179448765
2004-12-23,2005-01-21,1.35121,1.2999,-1.0,bear_put,1.33769,1.35121,0.1025,0.005547,0.013512,0.007966,1.4361,0.007966,0.005547,True,0.047975000000000004,651.3472740734697
2004-12-24,2005-01-24,1.3538,1.3039,-1.0,bear_put,1.34026,1.3538,0.101,0.005538,0.013538,0.008,1.4447,0.008,0.005538,True,0.055975000000000004,743.2863713655544
2004-12-27,2005-01-25,1.3624,1.2971,-1.0,bear_put,1.34877,1.3624,0.1025,0.005593,0.013624,0.008031,1.4359,0.008031,0.005593,True,0.06400600000000001,835.5817326596458
2005-01-04,2005-02-02,1.3282,1.3032,1.0,bull_call,1.31492,1.34148,0.1006,0.013853,0.0,-0.013853,-1.0,0.012711,0.013853,False,0.050153,676.3776933112398
2005-01-05,2005-02-03,1.328,1.2972,1.0,bull_call,1.31472,1.34128,0.1,0.013856,0.0,-0.013856,-1.0,0.012704,0.013856,False,0.036297,517.1391768013493
2005-01-06,2005-02-04,1.3183,1.28579,1.0,bull_call,1.30512,1.33149,0.1008,0.013749,0.0,-0.013749,-1.0,0.012617,0.013749,False,0.022548000000000002,359.13034571774045
2005-01-07,2005-02-07,1.3061,1.27641,1.0,bull_call,1.29304,1.31916,0.1049,0.013587,0.0,-0.013587,-1.0,0.012535,0.013587,False,0.008961000000000002,202.98328135429625
2005-02-03,2005-03-04,1.2972,1.3247,1.0,bull_call,1.28423,1.31017,0.0792,0.013749,0.025944,0.012195,0.8869,0.012195,0.013749,True,0.021156,343.1329427889177
2005-02-04,2005-03-07,1.28579,1.32219,1.0,bull_call,1.27294,1.29865,0.0808,0.013609,0.025716,0.012107,0.8897,0.012107,0.013609,True,0.033263,482.2712741533262
2005-02-07,2005-03-08,1.27641,1.3352,1.0,bull_call,1.26364,1.28917,0.0786,0.013536,0.025528,0.011992,0.8859,0.011992,0.013536,True,0.045255000000000004,620.0879809941611
2005-02-08,2005-03-09,1.27699,1.3377,1.0,bull_call,1.26422,1.28976,0.0768,0.013564,0.02554,0.011976,0.8829,0.011976,0.013564,True,0.057231000000000004,757.7208096404116
2005-02-17,2005-03-18,1.3075,1.3322,-1.0,bear_put,1.29442,1.3075,0.0735,0.004882,0.0,-0.004882,-1.0,0.008193,0.004882,False,0.05234900000000001,701.6149755179171
2005-02-22,2005-03-23,1.3261,1.29929,-1.0,bear_put,1.31284,1.3261,0.0882,0.005237,0.013261,0.008024,1.5322,0.008024,0.005237,True,0.06037300000000001,793.8298901018779
2005-03-08,2005-04-06,1.3352,1.2867,-1.0,bear_put,1.32185,1.3352,0.0845,0.005208,0.013352,0.008144,1.5637,0.008144,0.005208,True,0.06851700000000001,887.42389114522
2005-03-09,2005-04-07,1.3377,1.285,-1.0,bear_put,1.32433,1.3377,0.0842,0.005214,0.013377,0.008163,1.5656,0.008163,0.005214,True,0.07668000000000001,981.2362475446308
2005-03-10,2005-04-08,1.3438,1.29349,-1.0,bear_put,1.33036,1.3438,0.0846,0.005243,0.013438,0.008195,1.5629,0.008195,0.005243,True,0.084875,1075.41636033321
2005-03-11,2005-04-11,1.34729,1.2971,-1.0,bear_put,1.33382,1.34729,0.084,0.005247,0.013473,0.008226,1.5676,0.008226,0.005247,True,0.093101,1169.952737123796
2005-03-21,2005-04-19,1.3161,1.30651,1.0,bull_call,1.30294,1.32926,0.1037,0.013701,0.003566,-0.010135,-0.7397,0.012621,0.013701,False,0.082966,1053.4773932418861
2005-03-22,2005-04-20,1.3077,1.30869,1.0,bull_call,1.29463,1.32078,0.1063,0.013593,0.01407,0.000477,0.0351,0.012561,0.013593,True,0.083443,1058.9592619179266
2005-03-23,2005-04-21,1.29929,1.3047,1.0,bull_call,1.2863,1.31228,0.0934,0.013617,0.0184,0.004783,0.3513,0.012369,0.013617,True,0.088226,1113.9273497114318
2005-03-24,2005-04-22,1.29319,1.3062,1.0,bull_call,1.28026,1.30612,0.0935,0.013552,0.025864,0.012312,0.9085,0.012312,0.013552,True,0.100538,1255.4216204439501
2005-04-04,2005-05-03,1.285,1.28869,1.0,bull_call,1.27215,1.29785,0.0868,0.013533,0.016543,0.00301,0.2224,0.012167,0.013533,True,0.103548,1290.013705800097
2005-04-14,2005-05-13,1.27949,1.26161,1.0,bull_call,1.2667,1.29229,0.0729,0.013643,0.0,-0.013643,-1.0,0.011946,0.013643,False,0.089905,1133.2230677556079
2005-04-18,2005-05-17,1.3018,1.2603,-1.0,bear_put,1.28878,1.3018,0.0901,0.005171,0.013018,0.007847,1.5176,0.007847,0.005171,True,0.097752,1223.4038298119815
2005-04-19,2005-05-18,1.30651,1.2681,-1.0,bear_put,1.29344,1.30651,0.082,0.005051,0.013065,0.008014,1.5866,0.008014,0.005051,True,0.105766,1315.5038205243272
2005-04-20,2005-05-19,1.30869,1.2635,-1.0,bear_put,1.29561,1.30869,0.0792,0.005006,0.013087,0.008081,1.6142,0.008081,0.005006,True,0.113847,1408.3738011764942
2005-04-29,2005-05-30,1.2876,1.2483,1.0,bull_call,1.27472,1.30047,0.0749,0.013702,0.0,-0.013702,-1.0,0.01205,0.013702,False,0.100145,1250.9051122894762
2005-05-02,2005-05-31,1.2846,1.2308,1.0,bull_call,1.27176,1.29745,0.0738,0.013686,0.0,-0.013686,-1.0,0.012006,0.013686,False,0.086459,1093.6203015970427
2005-05-06,2005-06-06,1.2812,1.226,1.0,bull_call,1.26839,1.29401,0.0845,0.013517,0.0,-0.013517,-1.0,0.012107,0.013517,False,0.07294199999999999,938.2777043349041
2005-05-12,2005-06-10,1.2681,1.2137,1.0,bull_call,1.25542,1.28078,0.0898,0.013325,0.0,-0.013325,-1.0,0.012037,0.013325,False,0.05961699999999999,785.1416454077757
2005-05-13,2005-06-13,1.26161,1.2118,1.0,bull_call,1.24899,1.27422,0.0862,0.013293,0.0,-0.013293,-1.0,0.011939,0.013293,False,0.04632399999999999,632.3733428698157
2005-05-26,2005-06-24,1.25139,1.2098,1.0,bull_call,1.23888,1.26391,0.0761,0.013301,0.0,-0.013301,-1.0,0.011727,0.013301,False,0.03302299999999999,479.5131012345635
2005-05-30,2005-06-28,1.2483,1.20731,1.0,bull_call,1.23582,1.26078,0.0831,0.013186,0.0,-0.013186,-1.0,0.01178,0.013186,False,0.01983699999999999,327.9744841228851
2005-05-31,2005-06-29,1.2308,1.2078,1.0,bull_call,1.21849,1.24311,0.0938,0.012895,0.0,-0.012895,-1.0,0.011721,0.012895,False,0.00694199999999999,179.7801516752063
2005-06-01,2005-06-30,1.2196,1.2091,1.0,bull_call,1.20741,1.2318,0.0949,0.012768,0.001697,-0.011072,-0.8671,0.011624,0.012768,False,-0.00413000000000001,52.53644102296121
2005-06-13,2005-07-12,1.2118,1.223,1.0,bull_call,1.19968,1.22392,0.0848,0.012783,0.023322,0.01054,0.8245,0.011453,0.012783,True,0.00640999999999999,173.66620170528267
2005-06-14,2005-07-13,1.2026,1.20801,1.0,bull_call,1.19058,1.21463,0.0858,0.012675,0.01743,0.004755,0.3751,0.011377,0.012675,True,0.011164999999999991,228.31250265826543
2005-07-01,2005-08-01,1.1936,1.2184,1.0,bull_call,1.18167,1.20554,0.1047,0.012419,0.023872,0.011453,0.9223,0.011453,0.012419,True,0.022617999999999992,359.93481281904604
2005-07-04,2005-08-02,1.1909,1.21939,1.0,bull_call,1.17899,1.20281,0.1045,0.012391,0.023818,0.011427,0.9221,0.011427,0.012391,True,0.03404499999999999,491.25832091362736
2005-07-12,2005-08-10,1.223,1.2386,-1.0,bear_put,1.21077,1.223,0.1158,0.005159,0.0,-0.005159,-1.0,0.007071,0.005159,False,0.02888599999999999,431.9690955473943
2005-08-03,2005-09-01,1.2335,1.249,-1.0,bear_put,1.22117,1.2335,0.0981,0.00501,0.0,-0.00501,-1.0,0.007325,0.00501,False,0.02387599999999999,374.39223586822635
2005-08-04,2005-09-02,1.2385,1.25331,-1.0,bear_put,1.22611,1.2385,0.0983,0.005032,0.0,-0.005032,-1.0,0.007353,0.005032,False,0.018843999999999993,316.5625436715052
2005-08-17,2005-09-15,1.22781,1.2236,1.0,bull_call,1.21553,1.24009,0.082,0.012981,0.008071,-0.00491,-0.3782,0.011575,0.012981,False,0.013933999999999992,260.1349227084882
2005-08-18,2005-09-16,1.2184,1.2239,1.0,bull_call,1.20621,1.23058,0.0793,0.012912,0.017686,0.004774,0.3698,0.011456,0.012912,True,0.018707999999999992,314.99957901753976
2005-08-19,2005-09-19,1.2155,1.2139,1.0,bull_call,1.20334,1.22765,0.0798,0.012876,0.010561,-0.002314,-0.1797,0.011434,0.012876,False,0.016393999999999992,288.40619512580423
2005-08-31,2005-09-30,1.2341,1.2028,-1.0,bear_put,1.22175,1.2341,0.0815,0.004763,0.012341,0.007578,1.591,0.007578,0.004763,True,0.023971999999999993,375.49550503573136
2005-09-01,2005-10-03,1.249,1.1913,-1.0,bear_put,1.23651,1.249,0.0824,0.004836,0.01249,0.007654,1.5827,0.007654,0.004836,True,0.031625999999999994,463.4582363699333
2005-09-02,2005-10-04,1.25331,1.1919,-1.0,bear_put,1.24077,1.25331,0.0821,0.004848,0.012533,0.007685,1.5854,0.007685,0.004848,True,0.03931099999999999,551.7772317061421
2005-09-19,2005-10-19,1.2139,1.1974,1.0,bull_call,1.20176,1.22604,0.0842,0.012811,0.0,-0.012811,-1.0,0.011467,0.012811,False,0.026499999999999992,404.5482597800301
2005-09-20,2005-10-20,1.2119,1.20179,1.0,bull_call,1.19978,1.22402,0.0808,0.012826,0.002011,-0.010815,-0.8432,0.011412,0.012826,False,0.01568499999999999,280.2580926282932
2005-09-23,2005-10-24,1.20409,1.1976,1.0,bull_call,1.19205,1.21613,0.0862,0.012686,0.005552,-0.007135,-0.5624,0.011395,0.012686,False,0.008549999999999992,198.2599102309153
2005-10-03,2005-11-01,1.1913,1.2024,1.0,bull_call,1.17939,1.20321,0.0681,0.012769,0.023014,0.010245,0.8024,0.011057,0.012769,True,0.018794999999999992,315.9994167005911
2005-10-04,2005-11-02,1.1919,1.20675,1.0,bull_call,1.17998,1.20381,0.0657,0.012811,0.023838,0.011027,0.8608,0.011027,0.012811,True,0.029821999999999994,442.7259699305682
2005-10-06,2005-11-04,1.2172,1.18131,-1.0,bear_put,1.20502,1.2172,0.0901,0.004835,0.012172,0.007337,1.5174,0.007337,0.004835,True,0.037159,527.0456145345713
2005-10-25,2005-11-23,1.2112,1.1808,-1.0,bear_put,1.19908,1.2112,0.0955,0.004886,0.012112,0.007226,1.479,0.007226,0.004886,True,0.044384999999999994,610.0896041636468
2005-10-27,2005-11-25,1.2143,1.1725,-1.0,bear_put,1.20216,1.2143,0.0972,0.00492,0.012143,0.007223,1.4681,0.007223,0.00492,True,0.051607999999999994,693.0991166312376
2005-11-04,2005-12-05,1.18131,1.1787,1.0,bull_call,1.16949,1.19312,0.0938,0.012377,0.009209,-0.003168,-0.2559,0.011249,0.012377,False,0.04844,656.6912341035721
2005-11-07,2005-12-06,1.1793,1.1798,1.0,bull_call,1.16751,1.19109,0.0935,0.012358,0.012294,-6.4e-05,-0.0052,0.011228,0.012358,False,0.048375999999999995,655.9557213252355
2005-11-08,2005-12-07,1.1768,1.1718,1.0,bull_call,1.16503,1.18857,0.0915,0.012349,0.006762,-0.005587,-0.4524,0.011187,0.012349,False,0.042788999999999994,591.7477542538758
2005-11-10,2005-12-09,1.16756,1.1814,1.0,bull_call,1.15588,1.17923,0.0929,0.012241,0.023351,0.011111,0.9077,0.011111,0.012241,True,0.05389999999999999,719.4396680054197
2005-11-22,2005-12-21,1.1814,1.1834,-1.0,bear_put,1.16959,1.1814,0.0981,0.004798,0.0,-0.004798,-1.0,0.007016,0.004798,False,0.04910199999999999,664.299194404492
2005-11-28,2005-12-27,1.185,1.18561,-1.0,bear_put,1.17315,1.185,0.0922,0.004736,0.0,-0.004736,-1.0,0.007114,0.004736,False,0.044365999999999996,609.871248807578
2005-12-12,2006-01-10,1.1956,1.2064,-1.0,bear_put,1.18364,1.1956,0.0905,0.004755,0.0,-0.004755,-1.0,0.007201,0.004755,False,0.03961099999999999,555.2249478545953
2005-12-13,2006-01-11,1.1949,1.2139,-1.0,bear_put,1.18295,1.1949,0.0891,0.004732,0.0,-0.004732,-1.0,0.007217,0.004732,False,0.03487899999999999,500.84297180632717
2006-01-02,2006-01-31,1.1817,1.21485,1.0,bull_call,1.16988,1.19351,0.0768,0.012553,0.023634,0.011081,0.8827,0.011081,0.012553,True,0.045959999999999994,628.1901139430258
2006-01-03,2006-02-01,1.2033,1.20669,-1.0,bear_put,1.19126,1.2033,0.0972,0.004876,0.0,-0.004876,-1.0,0.007157,0.004876,False,0.041083999999999996,572.1532341435003
2006-01-04,2006-02-02,1.2112,1.2084,-1.0,bear_put,1.19908,1.2112,0.0991,0.004932,0.002795,-0.002136,-0.4332,0.00718,0.004932,False,0.038947999999999997,547.6054951665137
2006-01-05,2006-02-03,1.2107,1.2027,-1.0,bear_put,1.19859,1.2107,0.095,0.004877,0.007994,0.003117,0.6392,0.00723,0.004877,True,0.042065,583.4272659489422
2006-01-06,2006-02-06,1.21541,1.1963,-1.0,bear_put,1.20325,1.21541,0.0924,0.004861,0.012154,0.007293,1.5004,0.007293,0.004861,True,0.049358,667.2412455178388
2006-01-23,2006-02-21,1.23041,1.19199,-1.0,bear_put,1.2181,1.23041,0.0983,0.004999,0.012304,0.007305,1.4611,0.007305,0.004999,True,0.056663,751.1931337326735
2006-01-24,2006-02-22,1.2265,1.1916,-1.0,bear_put,1.21423,1.2265,0.0985,0.004986,0.012265,0.007279,1.4599,0.007279,0.004986,True,0.063942,834.846219881309
2006-02-06,2006-03-07,1.1963,1.189,1.0,bull_call,1.18434,1.20826,0.0906,0.012563,0.004666,-0.007897,-0.6286,0.011363,0.012563,False,0.056045,744.0908384668601
2006-02-10,2006-03-13,1.1907,1.1967,1.0,bull_call,1.1788,1.20261,0.0858,0.012549,0.017906,0.005356,0.4268,0.011265,0.012549,True,0.061401,805.6440641039106
2006-02-24,2006-03-27,1.1878,1.2011,1.0,bull_call,1.17593,1.19968,0.0605,0.012851,0.023756,0.010905,0.8486,0.010905,0.012851,True,0.072306,930.9685461001834
2006-02-27,2006-03-28,1.185,1.2011,1.0,bull_call,1.17315,1.19685,0.0521,0.012983,0.0237,0.010717,0.8254,0.010717,0.012983,True,0.083023,1054.1324593100921
2006-03-02,2006-03-31,1.20391,1.2115,-1.0,bear_put,1.19187,1.20391,0.0623,0.004226,0.0,-0.004226,-1.0,0.007813,0.004226,False,0.078797,1005.5656311655487
2006-03-03,2006-04-03,1.2046,1.2139,-1.0,bear_put,1.19256,1.2046,0.0621,0.004223,0.0,-0.004223,-1.0,0.007823,0.004223,False,0.074574,957.0332801824895
2006-03-16,2006-04-14,1.21749,1.2112,-1.0,bear_put,1.20532,1.21749,0.0723,0.00452,0.006297,0.001776,0.3929,0.007655,0.00452,True,0.07635,977.4437597813323
2006-03-17,2006-04-17,1.2192,1.2254,-1.0,bear_put,1.20701,1.2192,0.0723,0.004526,0.0,-0.004526,-1.0,0.007666,0.004526,False,0.071824,925.4292154883353
2006-04-04,2006-05-03,1.226,1.26231,-1.0,bear_put,1.21374,1.226,0.0895,0.004862,0.0,-0.004862,-1.0,0.007398,0.004862,False,0.066962,869.5532291090709
2006-04-05,2006-05-04,1.2288,1.2701,-1.0,bear_put,1.21652,1.2288,0.0793,0.004702,0.0,-0.004702,-1.0,0.007586,0.004702,False,0.062259999999999996,815.5160246756483
2006-04-18,2006-05-17,1.23671,1.27419,-1.0,bear_put,1.22434,1.23671,0.0975,0.005015,0.0,-0.005015,-1.0,0.007352,0.005015,False,0.057245,757.8817030606726
2006-04-19,2006-05-18,1.23781,1.2851,-1.0,bear_put,1.22543,1.23781,0.0956,0.004994,0.0,-0.004994,-1.0,0.007384,0.004994,False,0.052251,700.4887215760889
2006-04-27,2006-05-26,1.2532,1.2739,-1.0,bear_put,1.24066,1.2532,0.0912,0.004995,0.0,-0.004995,-1.0,0.007537,0.004995,False,0.047256,643.0842477043436
2006-04-28,2006-05-29,1.2636,1.2751,-1.0,bear_put,1.25096,1.2636,0.0878,0.004983,0.0,-0.004983,-1.0,0.007653,0.004983,False,0.042273,585.8176824785364
2006-05-11,2006-06-09,1.2852,1.26409,-1.0,bear_put,1.27235,1.2852,0.0685,0.00468,0.012852,0.008172,1.7463,0.008172,0.00468,True,0.050445,679.7334703624008
2006-05-12,2006-06-12,1.29299,1.25861,-1.0,bear_put,1.28006,1.29299,0.0687,0.004712,0.01293,0.008218,1.744,0.008218,0.004712,True,0.05866299999999999,774.1779080556946
2006-06-02,2006-07-03,1.29181,1.2801,-1.0,bear_put,1.27889,1.29181,0.0938,0.005187,0.011708,0.00652,1.257,0.007731,0.005187,True,0.06518299999999999,849.1082723487435
2006-06-08,2006-07-07,1.26489,1.2824,1.0,bull_call,1.25225,1.27754,0.104,0.013165,0.025298,0.012133,0.9216,0.012133,0.013165,True,0.077316,988.5454057793513
2006-06-09,2006-07-10,1.26409,1.2745,1.0,bull_call,1.25145,1.27674,0.1013,0.013179,0.023049,0.00987,0.7489,0.012103,0.013179,True,0.087186,1101.9752670634607
2006-06-12,2006-07-11,1.25861,1.27675,1.0,bull_call,1.24602,1.27119,0.0989,0.013142,0.025172,0.01203,0.9154,0.01203,0.013142,True,0.099216,1240.228684616433
2006-06-13,2006-07-12,1.25459,1.2712,1.0,bull_call,1.24205,1.26714,0.0929,0.013153,0.025092,0.011939,0.9077,0.011939,0.013153,True,0.111155,1377.4362949377078
2006-06-23,2006-07-24,1.2524,1.2624,1.0,bull_call,1.23987,1.26492,0.0822,0.013239,0.022532,0.009293,0.702,0.011809,0.013239,True,0.120448,1484.2350488296254
2006-06-30,2006-07-31,1.2783,1.2774,-1.0,bear_put,1.26552,1.2783,0.0901,0.005077,0.000898,-0.004179,-0.8231,0.007706,0.005077,False,0.116269,1436.2083628816727
2006-07-03,2006-08-01,1.2801,1.282,-1.0,bear_put,1.2673,1.2801,0.0849,0.005001,0.0,-0.005001,-1.0,0.0078,0.005001,False,0.11126799999999999,1378.7349346869582
2006-07-13,2006-08-11,1.2697,1.27251,1.0,bull_call,1.257,1.28239,0.0745,0.013517,0.015508,0.001991,0.1473,0.011877,0.013517,True,0.113259,1401.616277525526
2006-07-14,2006-08-14,1.2644,1.2723,1.0,bull_call,1.25175,1.27704,0.0757,0.013445,0.020543,0.007097,0.5279,0.011843,0.013445,True,0.120356,1483.1777492107665
2006-07-17,2006-08-15,1.2518,1.2791,1.0,bull_call,1.23928,1.26432,0.0832,0.013222,0.025036,0.011814,0.8935,0.011814,0.013222,True,0.13217,1618.9488111368523
2006-07-18,2006-08-16,1.2502,1.28431,1.0,bull_call,1.2377,1.26271,0.0815,0.013224,0.025004,0.01178,0.8908,0.01178,0.013224,True,0.14395000000000002,1754.3291318994472
2006-08-01,2006-08-30,1.282,1.28409,-1.0,bear_put,1.26918,1.282,0.0808,0.004936,0.0,-0.004936,-1.0,0.007884,0.004936,False,0.13901400000000003,1697.602708870231
2006-08-04,2006-09-04,1.2879,1.28569,-1.0,bear_put,1.27502,1.2879,0.0816,0.004973,0.002202,-0.002771,-0.5571,0.007906,0.004973,False,0.13624300000000003,1665.7573040456853
2006-08-11,2006-09-11,1.27251,1.271,1.0,bull_call,1.25978,1.28523,0.0894,0.013374,0.011221,-0.002153,-0.161,0.012076,0.013374,False,0.13409000000000004,1641.014194486953
2006-09-07,2006-10-06,1.2732,1.2604,1.0,bull_call,1.26047,1.28594,0.0544,0.013898,0.0,-0.013898,-1.0,0.011567,0.013898,False,0.12019200000000005,1481.2929977162794
2006-09-08,2006-10-09,1.2673,1.2601,1.0,bull_call,1.25463,1.27997,0.0523,0.013879,0.005471,-0.008408,-0.6058,0.011467,0.013879,False,0.11178400000000005,1384.6650064622984
2006-09-21,2006-10-20,1.2781,1.26161,-1.0,bear_put,1.26532,1.2781,0.0541,0.004213,0.012781,0.008568,2.0337,0.008568,0.004213,True,0.12035200000000004,1483.1317796621208
2006-09-22,2006-10-23,1.28,1.2551,-1.0,bear_put,1.2672,1.28,0.0541,0.004217,0.0128,0.008583,2.0352,0.008583,0.004217,True,0.12893500000000005,1581.7709386693662
2006-10-06,2006-11-06,1.2604,1.27256,1.0,bull_call,1.24779,1.273,0.0609,0.01363,0.024762,0.011132,0.8167,0.011578,0.01363,True,0.14006700000000005,1709.7041925513017
2006-10-09,2006-11-07,1.2601,1.27791,1.0,bull_call,1.2475,1.2727,0.0589,0.013662,0.025202,0.01154,0.8447,0.01154,0.013662,True,0.15160700000000005,1842.326340395134
2006-10-10,2006-11-08,1.2532,1.276,1.0,bull_call,1.24066,1.26573,0.0604,0.013561,0.025064,0.011503,0.8483,0.011503,0.013561,True,0.16311000000000003,1974.5232699139897
2006-10-11,2006-11-09,1.2524,1.28325,1.0,bull_call,1.23987,1.26492,0.0603,0.013552,0.025048,0.011496,0.8482,0.011496,0.013552,True,0.17460600000000004,2106.6397527227155
2006-10-19,2006-11-17,1.26271,1.285,-1.0,bear_put,1.25008,1.26271,0.0635,0.004465,0.0,-0.004465,-1.0,0.008162,0.004465,False,0.17014100000000004,2055.3262440465705
2006-10-26,2006-11-24,1.26941,1.30851,-1.0,bear_put,1.25671,1.26941,0.0625,0.004461,0.0,-0.004461,-1.0,0.008233,0.004461,False,0.16568000000000005,2004.0587049190724
2006-10-27,2006-11-27,1.27431,1.3133,-1.0,bear_put,1.26156,1.27431,0.0639,0.004519,0.0,-0.004519,-1.0,0.008224,0.004519,False,0.16116100000000005,1952.124607336206
2006-11-09,2006-12-08,1.28325,1.33941,-1.0,bear_put,1.27042,1.28325,0.0582,0.004376,0.0,-0.004376,-1.0,0.008457,0.004376,False,0.15678500000000006,1901.8339211174357
2006-11-10,2006-12-11,1.2854,1.3251,-1.0,bear_put,1.27254,1.2854,0.0579,0.004373,0.0,-0.004373,-1.0,0.008481,0.004373,False,0.15241200000000008,1851.5777120601501
2006-11-22,2006-12-21,1.2939,1.31839,-1.0,bear_put,1.28096,1.2939,0.0549,0.004295,0.0,-0.004295,-1.0,0.008644,0.004295,False,0.14811700000000008,1802.2179092014626
2006-11-23,2006-12-22,1.2952,1.3137,-1.0,bear_put,1.28225,1.2952,0.0537,0.004255,0.0,-0.004255,-1.0,0.008697,0.004255,False,0.14386200000000007,1753.3178018292347
2006-11-24,2006-12-25,1.30851,1.31359,-1.0,bear_put,1.29542,1.30851,0.06,0.004519,0.0,-0.004519,-1.0,0.008566,0.004519,False,0.13934300000000008,1701.3837042463686
2006-11-27,2006-12-26,1.3133,1.31099,-1.0,bear_put,1.30017,1.3133,0.0599,0.004533,0.002307,-0.002225,-0.491,0.0086,0.004533,False,0.13711800000000007,1675.8131428120075
2006-11-28,2006-12-27,1.32039,1.31251,-1.0,bear_put,1.30719,1.32039,0.06,0.004562,0.007885,0.003323,0.7285,0.008642,0.004562,True,0.14044100000000007,1714.0023453497072
2006-12-01,2007-01-01,1.3341,1.32189,-1.0,bear_put,1.32076,1.3341,0.0683,0.004852,0.012204,0.007351,1.515,0.008489,0.004852,True,0.14779200000000006,1798.4828833739712
2006-12-13,2007-01-11,1.32181,1.28951,1.0,bull_call,1.30859,1.33503,0.0822,0.013973,0.0,-0.013973,-1.0,0.012463,0.013973,False,0.13381900000000008,1637.8997575661842
2006-12-14,2007-01-12,1.31565,1.29281,1.0,bull_call,1.30249,1.32881,0.0849,0.013876,0.0,-0.013876,-1.0,0.012437,0.013876,False,0.11994300000000008,1478.4313933130636
2006-12-15,2007-01-15,1.30989,1.29359,1.0,bull_call,1.2968,1.32299,0.0863,0.013801,0.0,-0.013801,-1.0,0.012397,0.013801,False,0.10614200000000007,1319.824958097056
2007-01-02,2007-01-31,1.3276,1.3023,-1.0,bear_put,1.31432,1.3276,0.069,0.004848,0.013276,0.008428,1.7384,0.008428,0.004848,True,0.11457000000000007,1416.6827970942672
2007-01-05,2007-02-05,1.2985,1.29319,1.0,bull_call,1.28551,1.31148,0.0804,0.013748,0.007679,-0.006069,-0.4415,0.012222,0.013748,False,0.10850100000000007,1346.9354994110595
2007-01-23,2007-02-21,1.3023,1.31391,-1.0,bear_put,1.28928,1.3023,0.0629,0.004588,0.0,-0.004588,-1.0,0.008435,0.004588,False,0.10391300000000007,1294.2084271140488
2007-01-31,2007-03-01,1.3023,1.317,-1.0,bear_put,1.28928,1.3023,0.0623,0.004569,0.0,-0.004569,-1.0,0.008454,0.004569,False,0.09934400000000007,1241.6997101731072
2007-02-14,2007-03-15,1.31399,1.3283,-1.0,bear_put,1.30085,1.31399,0.0553,0.004377,0.0,-0.004377,-1.0,0.008763,0.004377,False,0.09496700000000007,1191.3975315671753
2007-02-15,2007-03-16,1.31351,1.33181,-1.0,bear_put,1.30037,1.31351,0.0554,0.004378,0.0,-0.004378,-1.0,0.008757,0.004378,False,0.09058900000000006,1141.0838605740819
2007-02-27,2007-03-28,1.32321,1.3315,-1.0,bear_put,1.30997,1.32321,0.0491,0.004149,0.0,-0.004149,-1.0,0.009083,0.004149,False,0.08644000000000006,1093.4019462409747
2007-02-28,2007-03-29,1.32289,1.33349,-1.0,bear_put,1.30966,1.32289,0.0492,0.004153,0.0,-0.004153,-1.0,0.009076,0.004153,False,0.08228700000000005,1045.6740623592211
2007-03-05,2007-04-03,1.30869,1.3325,1.0,bull_call,1.29561,1.32178,0.0532,0.014311,0.026174,0.011863,0.8289,0.011863,0.014311,True,0.09415000000000005,1182.008251256221
2007-03-14,2007-04-12,1.3235,1.34911,-1.0,bear_put,1.31027,1.3235,0.0522,0.004286,0.0,-0.004286,-1.0,0.008949,0.004286,False,0.08986400000000005,1132.7518798819867
2007-03-15,2007-04-13,1.3283,1.3521,-1.0,bear_put,1.31502,1.3283,0.0459,0.004009,0.0,-0.004009,-1.0,0.009274,0.004009,False,0.08585500000000006,1086.678899751491
2007-03-16,2007-04-16,1.33181,1.35291,-1.0,bear_put,1.31849,1.33181,0.0463,0.004043,0.0,-0.004043,-1.0,0.009275,0.004043,False,0.08181200000000005,1040.2151784575035
2007-03-21,2007-04-19,1.33991,1.36243,-1.0,bear_put,1.32651,1.33991,0.0502,0.004253,0.0,-0.004253,-1.0,0.009146,0.004253,False,0.07755900000000004,991.3380558595991
2007-04-05,2007-05-04,1.3432,1.3589,-1.0,bear_put,1.32977,1.3432,0.0506,0.004282,0.0,-0.004282,-1.0,0.00915,0.004282,False,0.07327700000000005,942.1276540340108
2007-04-10,2007-05-09,1.3432,1.3527,-1.0,bear_put,1.32977,1.3432,0.0519,0.004335,0.0,-0.004335,-1.0,0.009097,0.004335,False,0.06894200000000004,892.3081556888624
2007-04-12,2007-05-11,1.34911,1.3521,-1.0,bear_put,1.33562,1.34911,0.0521,0.004363,0.0,-0.004363,-1.0,0.009128,0.004363,False,0.06457900000000004,842.1668705031917
2007-04-13,2007-05-14,1.3521,1.3543,-1.0,bear_put,1.33858,1.3521,0.0514,0.004342,0.0,-0.004342,-1.0,0.009179,0.004342,False,0.06023700000000004,792.2669254479129
2007-04-17,2007-05-16,1.3572,1.35239,-1.0,bear_put,1.34363,1.3572,0.0514,0.004362,0.004809,0.000447,0.1024,0.00921,0.004362,True,0.06068400000000004,797.404022509108
2007-04-18,2007-05-17,1.3614,1.34969,-1.0,bear_put,1.34778,1.3614,0.0519,0.004396,0.011705,0.007309,1.6627,0.009218,0.004396,True,0.06799300000000004,881.4018802725889
2007-05-03,2007-06-01,1.3556,1.34419,1.0,bull_call,1.34205,1.36916,0.0476,0.014969,0.002149,-0.01282,-0.8564,0.012143,0.014969,False,0.05517300000000004,734.0694768620233
2007-05-08,2007-06-06,1.3541,1.34929,1.0,bull_call,1.34056,1.36764,0.0461,0.014994,0.008736,-0.006259,-0.4174,0.012088,0.014994,False,0.04891400000000004,662.1386256181286
2007-05-10,2007-06-08,1.34831,1.33601,1.0,bull_call,1.33483,1.36179,0.0443,0.014985,0.00118,-0.013805,-0.9213,0.011981,0.014985,False,0.03510900000000004,503.4862208534752
2007-05-21,2007-06-19,1.3466,1.34241,1.0,bull_call,1.33314,1.36007,0.0472,0.01488,0.009272,-0.005608,-0.3769,0.012052,0.01488,False,0.02950100000000004,439.03691365172386
2007-06-04,2007-07-03,1.3492,1.36119,-1.0,bear_put,1.33571,1.3492,0.0401,0.003741,0.0,-0.003741,-1.0,0.009751,0.003741,False,0.02576000000000004,396.0438932805128
2007-06-05,2007-07-04,1.35201,1.36151,-1.0,bear_put,1.33849,1.35201,0.0408,0.003792,0.0,-0.003792,-1.0,0.009728,0.003792,False,0.02196800000000004,352.4647611640647
2007-06-08,2007-07-09,1.33601,1.3624,1.0,bull_call,1.32265,1.34937,0.0438,0.014865,0.02672,0.011855,0.7975,0.011855,0.014865,True,0.03382300000000004,488.7070109637726
2007-06-11,2007-07-10,1.33559,1.37601,1.0,bull_call,1.32224,1.34895,0.0421,0.014911,0.026712,0.011801,0.7914,0.011801,0.014911,True,0.04562400000000004,624.3286718567588
2007-06-12,2007-07-11,1.3306,1.3754,1.0,bull_call,1.3173,1.34391,0.0427,0.014838,0.026612,0.011774,0.7935,0.011774,0.014838,True,0.05739800000000004,759.6400382963843
2007-06-22,2007-07-23,1.34709,1.38049,-1.0,bear_put,1.33362,1.34709,0.045,0.004019,0.0,-0.004019,-1.0,0.009452,0.004019,False,0.05337900000000004,713.4521342942733
2007-06-29,2007-07-30,1.3536,1.3712,-1.0,bear_put,1.34007,1.3536,0.0501,0.00429,0.0,-0.00429,-1.0,0.009246,0.00429,False,0.049089000000000035,664.1497933713929
2007-07-02,2007-07-31,1.36349,1.3672,-1.0,bear_put,1.34986,1.36349,0.0553,0.004542,0.0,-0.004542,-1.0,0.009093,0.004542,False,0.04454700000000004,611.9513708838119
2007-07-03,2007-08-01,1.36119,1.36771,-1.0,bear_put,1.34758,1.36119,0.0548,0.004512,0.0,-0.004512,-1.0,0.009099,0.004512,False,0.040035000000000036,560.0977200110763
2007-07-10,2007-08-08,1.37601,1.3803,-1.0,bear_put,1.36225,1.37601,0.056,0.004608,0.0,-0.004608,-1.0,0.009152,0.004608,False,0.035427000000000035,507.1407999708355
2007-07-12,2007-08-10,1.3788,1.36891,-1.0,bear_put,1.36501,1.3788,0.0531,0.004503,0.00989,0.005387,1.1964,0.009285,0.004503,True,0.04081400000000004,569.050289609893
2007-07-25,2007-08-23,1.37261,1.35569,1.0,bull_call,1.35888,1.38633,0.0574,0.014916,0.0,-0.014916,-1.0,0.012537,0.014916,False,0.02589800000000004,397.6298427088012
2007-07-27,2007-08-27,1.36361,1.36379,1.0,bull_call,1.34997,1.37724,0.0657,0.014656,0.013822,-0.000834,-0.0569,0.012617,0.014656,False,0.025064000000000038,388.0451918161014
2007-08-13,2007-09-12,1.3613,1.3908,1.0,bull_call,1.34769,1.37492,0.068,0.014592,0.027226,0.012634,0.8658,0.012634,0.014592,True,0.03769800000000004,533.2400112146261
2007-08-14,2007-09-13,1.35349,1.38669,1.0,bull_call,1.33996,1.36703,0.0703,0.014472,0.02707,0.012598,0.8706,0.012598,0.014472,True,0.050296000000000035,678.0211046753361
2007-08-15,2007-09-14,1.3428,1.38781,1.0,bull_call,1.32938,1.35623,0.0741,0.014302,0.026856,0.012554,0.8778,0.012554,0.014302,True,0.06285000000000003,822.2965331009398
2007-08-16,2007-09-17,1.3425,1.3865,1.0,bull_call,1.32907,1.35592,0.0736,0.014305,0.02685,0.012545,0.877,0.012545,0.014305,True,0.07539500000000003,966.4685300420899
2007-08-24,2007-09-25,1.3667,1.41521,-1.0,bear_put,1.35303,1.3667,0.0828,0.0053,0.0,-0.0053,-1.0,0.008367,0.0053,False,0.07009500000000003,905.558878086084
2007-09-06,2007-10-08,1.3696,1.40491,-1.0,bear_put,1.3559,1.3696,0.0734,0.00511,0.0,-0.00511,-1.0,0.008586,0.00511,False,0.06498500000000003,846.8327796907648
2007-09-07,2007-10-09,1.37751,1.4107,-1.0,bear_put,1.36373,1.37751,0.0686,0.005018,0.0,-0.005018,-1.0,0.008757,0.005018,False,0.05996700000000003,789.1639809143048
2007-09-11,2007-10-10,1.38401,1.41411,-1.0,bear_put,1.37017,1.38401,0.0702,0.005085,0.0,-0.005085,-1.0,0.008755,0.005085,False,0.05488200000000003,730.7251921980236
2007-09-12,2007-10-11,1.3908,1.42019,-1.0,bear_put,1.37689,1.3908,0.0681,0.005054,0.0,-0.005054,-1.0,0.008855,0.005054,False,0.049828000000000025,672.642667483749
2007-09-20,2007-10-19,1.4079,1.42969,-1.0,bear_put,1.39382,1.4079,0.0622,0.004938,0.0,-0.004938,-1.0,0.009141,0.004938,False,0.04489000000000003,615.8932596802099
2007-09-21,2007-10-22,1.4092,1.418,-1.0,bear_put,1.39511,1.4092,0.0597,0.004858,0.0,-0.004858,-1.0,0.009234,0.004858,False,0.040032000000000026,560.0632428495915
2007-09-25,2007-10-24,1.41521,1.42631,-1.0,bear_put,1.40106,1.41521,0.0578,0.004808,0.0,-0.004808,-1.0,0.009344,0.004808,False,0.035224000000000026,504.80784537704875
2007-09-28,2007-10-29,1.42649,1.44179,-1.0,bear_put,1.41223,1.42649,0.0574,0.004832,0.0,-0.004832,-1.0,0.009433,0.004832,False,0.030392000000000027,449.2766306126296
2007-10-08,2007-11-06,1.40491,1.45641,1.0,bull_call,1.39086,1.41896,0.0696,0.015033,0.028098,0.013065,0.8691,0.013065,0.015033,True,0.04345700000000002,599.4246688777653
2007-10-18,2007-11-16,1.42949,1.4634,-1.0,bear_put,1.4152,1.42949,0.063,0.00504,0.0,-0.00504,-1.0,0.009255,0.00504,False,0.03841700000000002,541.5030375837518
2007-10-25,2007-11-23,1.4326,1.4801,-1.0,bear_put,1.41828,1.4326,0.0666,0.005161,0.0,-0.005161,-1.0,0.009165,0.005161,False,0.03325600000000002,482.1908274431959
2007-10-26,2007-11-27,1.4393,1.48379,-1.0,bear_put,1.42491,1.4393,0.068,0.005227,0.0,-0.005227,-1.0,0.009166,0.005227,False,0.028029000000000023,422.1201197499801
2007-10-29,2007-11-28,1.44179,1.4841,-1.0,bear_put,1.42738,1.44179,0.063,0.005082,0.0,-0.005082,-1.0,0.009336,0.005082,False,0.022947000000000023,363.71580819518334
2007-10-30,2007-11-29,1.444,1.47599,-1.0,bear_put,1.42956,1.444,0.0624,0.00507,0.0,-0.00507,-1.0,0.00937,0.00507,False,0.017877000000000025,305.4494052863248
2007-11-06,2007-12-06,1.45641,1.46591,-1.0,bear_put,1.44185,1.45641,0.0544,0.004811,0.0,-0.004811,-1.0,0.009753,0.004811,False,0.013066000000000026,250.15953065229743
2007-11-07,2007-12-07,1.46239,1.46561,-1.0,bear_put,1.44777,1.46239,0.0544,0.00483,0.0,-0.00483,-1.0,0.009794,0.00483,False,0.008236000000000025,194.65130066220135
2007-11-08,2007-12-10,1.46811,1.47089,-1.0,bear_put,1.45342,1.46811,0.0548,0.00487,0.0,-0.00487,-1.0,0.009812,0.00487,False,0.0033660000000000244,138.68337518564488
2007-11-20,2007-12-21,1.48331,1.43881,-1.0,bear_put,1.46847,1.48331,0.0683,0.005395,0.014833,0.009438,1.7494,0.009438,0.005395,True,0.012804000000000024,247.14852521598166
2007-11-21,2007-12-24,1.4858,1.4397,-1.0,bear_put,1.47094,1.4858,0.0672,0.005372,0.014858,0.009486,1.7659,0.009486,0.005372,True,0.022290000000000025,356.16530983007095
2007-12-05,2008-01-04,1.4599,1.47549,1.0,bull_call,1.4453,1.4745,0.0869,0.015373,0.029198,0.013824,0.8992,0.013824,0.015373,True,0.03611400000000002,515.036069950793
2007-12-14,2008-01-15,1.44371,1.48021,1.0,bull_call,1.42927,1.45815,0.0891,0.015177,0.028874,0.013697,0.9024,0.013697,0.015177,True,0.04981100000000002,672.4472969020034
2007-12-17,2008-01-16,1.4413,1.4664,1.0,bull_call,1.42688,1.45571,0.0891,0.015153,0.028826,0.013673,0.9024,0.013673,0.015153,True,0.06348400000000003,829.5827065613375
2007-12-19,2008-01-17,1.43839,1.464,1.0,bull_call,1.42401,1.45278,0.089,0.015123,0.028768,0.013645,0.9023,0.013645,0.015123,True,0.07712900000000003,986.3963293801494
2007-12-20,2008-01-18,1.4333,1.4618,1.0,bull_call,1.41897,1.44763,0.0887,0.015073,0.028666,0.013593,0.9018,0.013593,0.015073,True,0.09072200000000002,1142.6123480665626
2007-12-27,2008-01-25,1.46139,1.4675,-1.0,bear_put,1.44678,1.46139,0.0885,0.005777,0.0,-0.005777,-1.0,0.008837,0.005777,False,0.08494500000000002,1076.2208274345157
2007-12-28,2008-01-28,1.4718,1.47881,-1.0,bear_put,1.45708,1.4718,0.0926,0.005889,0.0,-0.005889,-1.0,0.008829,0.005889,False,0.07905600000000002,1008.5421594403799
2008-01-08,2008-02-06,1.5571,1.46171,-1.0,bear_put,1.54153,1.5571,0.2259,0.007298,0.015571,0.008273,1.1337,0.008273,0.007298,True,0.08732900000000002,1103.618678427557
2008-02-06,2008-03-06,1.46171,1.53851,1.0,bull_call,1.44709,1.47633,0.2325,0.01456,0.029234,0.014674,1.0078,0.014674,0.01456,True,0.10200300000000001,1272.257967635563
2008-02-07,2008-03-07,1.44789,1.5336,1.0,bull_call,1.43341,1.46237,0.1206,0.014936,0.028958,0.014022,0.9388,0.014022,0.014936,True,0.11602500000000002,1433.4042204142645
2008-02-08,2008-03-10,1.5571,1.5341,-1.0,bear_put,1.54153,1.5571,0.2889,0.0075,0.015571,0.008071,1.076,0.008071,0.0075,True,0.12409600000000001,1526.159277194816
2008-02-26,2008-03-26,1.49961,1.5824,-1.0,bear_put,1.48461,1.49961,0.3714,0.007407,0.0,-0.007407,-1.0,0.007589,0.007407,False,0.11668900000000001,1441.0351654895073
2008-02-27,2008-03-27,1.51181,1.5814,-1.0,bear_put,1.49669,1.51181,0.3722,0.007469,0.0,-0.007469,-1.0,0.007649,0.007469,False,0.10922000000000001,1355.198525780185
2008-02-28,2008-03-28,1.5196,1.57609,-1.0,bear_put,1.5044,1.5196,0.3723,0.007508,0.0,-0.007508,-1.0,0.007688,0.007508,False,0.10171200000000001,1268.9136829715635
2008-03-12,2008-04-11,1.554,1.5822,-1.0,bear_put,1.53846,1.554,0.0692,0.005678,0.0,-0.005678,-1.0,0.009862,0.005678,False,0.09603400000000001,1203.6599086685064
2008-03-13,2008-04-14,1.56221,1.5825,-1.0,bear_put,1.54658,1.56221,0.0673,0.00565,0.0,-0.00565,-1.0,0.009972,0.00565,False,0.090384,1138.7279212059716
2008-03-17,2008-04-16,1.5748,1.59581,-1.0,bear_put,1.55906,1.5748,0.0699,0.005778,0.0,-0.005778,-1.0,0.00997,0.005778,False,0.084606,1072.3249081867634
2008-03-26,2008-04-25,1.5824,1.5637,-1.0,bear_put,1.56658,1.5824,0.1307,0.006837,0.015824,0.008987,1.3144,0.008987,0.006837,True,0.093593,1175.606991607259
2008-04-08,2008-05-08,1.5578,1.54641,1.0,bull_call,1.54222,1.57338,0.1346,0.01597,0.004184,-0.011786,-0.738,0.015186,0.01597,False,0.08180699999999999,1040.1577165216954
2008-04-16,2008-05-16,1.59581,1.5596,-1.0,bear_put,1.57985,1.59581,0.1422,0.007,0.015958,0.008958,1.2797,0.008958,0.007,True,0.09076499999999998,1143.106520714507
2008-04-22,2008-05-22,1.5988,1.57319,-1.0,bear_put,1.58281,1.5988,0.1331,0.006932,0.015988,0.009056,1.3065,0.009056,0.006932,True,0.09982099999999998,1247.1815788491467
2008-04-24,2008-05-26,1.56841,1.57793,1.0,bull_call,1.55272,1.58409,0.1233,0.016159,0.025212,0.009053,0.5602,0.015209,0.016159,True,0.10887399999999998,1351.222159822302
2008-04-25,2008-05-27,1.5637,1.5691,1.0,bull_call,1.54806,1.57933,0.1137,0.016187,0.021035,0.004847,0.2995,0.015087,0.016187,True,0.11372099999999999,1406.9257603941437
2008-05-02,2008-06-02,1.5434,1.55461,1.0,bull_call,1.52797,1.55883,0.1215,0.015915,0.026639,0.010725,0.6739,0.014953,0.015915,True,0.12444599999999999,1530.1816127013446
2008-05-16,2008-06-16,1.5596,1.54739,-1.0,bear_put,1.544,1.5596,0.1068,0.006464,0.012211,0.005747,0.8892,0.009132,0.006464,True,0.13019299999999998,1596.2283617185458
2008-05-20,2008-06-18,1.56541,1.55381,-1.0,bear_put,1.54976,1.56541,0.1059,0.006475,0.011602,0.005128,0.792,0.009179,0.006475,True,0.13532099999999997,1655.1613230827718
2008-05-21,2008-06-19,1.57881,1.55099,-1.0,bear_put,1.56302,1.57881,0.1025,0.00648,0.015788,0.009308,1.4363,0.009308,0.00648,True,0.14462899999999998,1762.1324627821125
2008-05-29,2008-06-27,1.55181,1.5753,1.0,bull_call,1.53629,1.56733,0.095,0.016245,0.031036,0.014791,0.9105,0.014791,0.016245,True,0.15941999999999998,1932.1163612880152
2008-06-03,2008-07-03,1.54502,1.57001,1.0,bull_call,1.52957,1.56047,0.0857,0.016286,0.0309,0.014614,0.8974,0.014614,0.016286,True,0.17403399999999997,2100.0661072663306
2008-06-25,2008-07-25,1.5674,1.5673,-1.0,bear_put,1.55172,1.5674,0.108,0.006512,9.8e-05,-0.006414,-0.9849,0.009162,0.006512,False,0.16761999999999996,2026.3539360124018
2008-06-26,2008-07-28,1.5753,1.57413,-1.0,bear_put,1.55955,1.5753,0.1091,0.00656,0.001165,-0.005394,-0.8223,0.009193,0.00656,False,0.16222599999999995,1964.3639996632135
2008-06-27,2008-07-29,1.5753,1.55909,-1.0,bear_put,1.55955,1.5753,0.1039,0.006487,0.015753,0.009266,1.4282,0.009266,0.006487,True,0.17149199999999995,2070.8524591017704
2008-07-02,2008-07-31,1.58781,1.55931,-1.0,bear_put,1.57193,1.58781,0.1071,0.006584,0.015878,0.009294,1.4115,0.009294,0.006584,True,0.18078599999999995,2177.6627053808497
2008-07-08,2008-08-28,1.53339,1.47141,1.0,bull_call,1.51806,1.54872,0.1292,0.015756,0.0,-0.015756,-1.0,0.014911,0.015756,False,0.16502999999999995,1996.5886532640893
2008-07-23,2008-09-12,1.56924,1.42399,1.0,bull_call,1.55355,1.58494,0.1518,0.015982,0.0,-0.015982,-1.0,0.015403,0.015982,False,0.14904799999999996,1812.9173216488273
2008-07-24,2008-09-15,1.56887,1.4269,1.0,bull_call,1.55318,1.58456,0.1515,0.01598,0.0,-0.01598,-1.0,0.015398,0.01598,False,0.13306799999999996,1629.2689748078885
2008-07-29,2008-09-18,1.55909,1.43049,1.0,bull_call,1.5435,1.57468,0.1532,0.015871,0.0,-0.015871,-1.0,0.015311,0.015871,False,0.11719699999999997,1446.8732981675541
2008-08-08,2008-09-23,1.50489,1.46929,1.0,bull_call,1.48984,1.51994,0.1884,0.015154,0.0,-0.015154,-1.0,0.014944,0.015154,False,0.10204299999999997,1272.717663122023
2008-08-26,2008-09-24,1.46479,1.46331,1.0,bull_call,1.45015,1.47944,0.2064,0.014681,0.013169,-0.001512,-0.103,0.014615,0.014681,False,0.10053099999999997,1255.341173733819
2008-08-27,2008-09-25,1.47258,1.46419,1.0,bull_call,1.45785,1.48731,0.2082,0.014752,0.006338,-0.008414,-0.5703,0.014699,0.014752,False,0.09211699999999996,1158.644228156869
2008-09-08,2008-10-07,1.505,1.35881,-1.0,bear_put,1.48995,1.505,0.2589,0.007165,0.01505,0.007885,1.1006,0.007885,0.007165,True,0.10000199999999997,1249.26170092538
2008-09-10,2008-10-09,1.39841,1.3598,1.0,bull_call,1.38442,1.41239,0.3255,0.013681,0.0,-0.013681,-1.0,0.014287,0.013681,False,0.08632099999999997,1092.0343521687537
2008-09-22,2008-10-21,1.4796,1.30611,-1.0,bear_put,1.4648,1.4796,0.3579,0.007282,0.014796,0.007514,1.0318,0.007514,0.007282,True,0.09383499999999997,1178.3881493003444
2008-09-30,2008-10-29,1.40964,1.29592,1.0,bull_call,1.39555,1.42374,0.3353,0.013768,0.0,-0.013768,-1.0,0.014425,0.013768,False,0.08006699999999997,1020.1609628606667
2008-10-01,2008-10-30,1.40162,1.2868,1.0,bull_call,1.3876,1.41564,0.3355,0.013689,0.0,-0.013689,-1.0,0.014343,0.013689,False,0.06637799999999996,862.8416750067485
2008-10-02,2008-10-31,1.3808,1.2702,1.0,bull_call,1.36699,1.3946,0.3387,0.013478,0.0,-0.013478,-1.0,0.014138,0.013478,False,0.05289999999999996,707.9472808439089
2008-10-06,2008-11-04,1.35049,1.2984,1.0,bull_call,1.33699,1.364,0.3415,0.013176,0.0,-0.013176,-1.0,0.013833,0.013176,False,0.03972399999999996,556.5235876038455
2008-10-08,2008-11-06,1.49571,1.2695,-1.0,bear_put,1.48075,1.49571,0.4023,0.007445,0.014957,0.007512,1.0091,0.007512,0.007445,True,0.04723599999999996,642.8543999611129
2008-10-22,2008-11-20,1.28167,1.2439,1.0,bull_call,1.26886,1.29449,0.508,0.012189,0.0,-0.012189,-1.0,0.013445,0.012189,False,0.03504699999999996,502.7736928494606
2008-10-24,2008-11-24,1.26299,1.29177,1.0,bull_call,1.25036,1.27562,0.5146,0.012,0.02526,0.01326,1.105,0.01326,0.012,True,0.04830699999999996,655.1627466110908
2008-10-27,2008-11-25,1.24646,1.30341,1.0,bull_call,1.234,1.25893,0.5149,0.011842,0.024929,0.013087,1.1051,0.013087,0.011842,True,0.06139399999999996,805.5636173937796
2008-11-11,2008-12-10,1.2516,1.30141,1.0,bull_call,1.23908,1.26411,0.2296,0.012476,0.025032,0.012556,1.0065,0.012556,0.012476,True,0.07394999999999996,949.8620305937063
2008-11-12,2008-12-11,1.2459,1.333,1.0,bull_call,1.23345,1.25836,0.2292,0.01242,0.024918,0.012498,1.0063,0.012498,0.01242,True,0.08644799999999996,1093.4938853382655
2008-11-24,2008-12-23,1.29177,1.39379,-1.0,bear_put,1.27885,1.29177,0.2441,0.006109,0.0,-0.006109,-1.0,0.006809,0.006109,False,0.08033899999999995,1023.2868921685973
2008-11-25,2008-12-24,1.30341,1.40089,-1.0,bear_put,1.29037,1.30341,0.2397,0.006151,0.0,-0.006151,-1.0,0.006883,0.006151,False,0.07418799999999995,952.5972187381458
2008-12-08,2009-01-06,1.4918,1.351,-1.0,bear_put,1.47688,1.4918,0.6287,0.00775,0.014918,0.007168,0.9249,0.007168,0.00775,True,0.08135599999999994,1034.9746499118535
2009-01-05,2009-02-03,1.36459,1.30129,1.0,bull_call,1.35095,1.37824,0.8042,0.012457,0.0,-0.012457,-1.0,0.014835,0.012457,False,0.06889899999999995,891.8139830409162
2009-01-06,2009-02-04,1.351,1.28556,1.0,bull_call,1.33749,1.36451,0.5211,0.012824,0.0,-0.012824,-1.0,0.014196,0.012824,False,0.056074999999999944,744.4356100817047
2009-01-13,2009-02-11,1.3202,1.2868,1.0,bull_call,1.307,1.3334,0.2049,0.013237,0.0,-0.013237,-1.0,0.013168,0.013237,False,0.042837999999999946,592.3108812247892
2009-01-20,2009-02-18,1.28849,1.2569,1.0,bull_call,1.27561,1.30138,0.144,0.01316,0.0,-0.01316,-1.0,0.01261,0.01316,False,0.029677999999999947,441.07106617931015
2009-02-17,2009-03-18,1.25819,1.3484,1.0,bull_call,1.24561,1.27078,0.1514,0.012816,0.025164,0.012348,0.9635,0.012348,0.012816,True,0.042025999999999945,582.9790628496428
2009-02-18,2009-03-19,1.2569,1.36619,1.0,bull_call,1.24433,1.26947,0.1424,0.012845,0.025138,0.012293,0.957,0.012293,0.012845,True,0.054318999999999944,724.2549782260921
2009-03-11,2009-04-09,1.28067,1.316,-1.0,bear_put,1.26787,1.28067,0.1587,0.00572,0.0,-0.00572,-1.0,0.007087,0.00572,False,0.04859899999999994,658.5185236622516
2009-03-12,2009-04-10,1.28989,1.31759,-1.0,bear_put,1.27699,1.28989,0.1603,0.00577,0.0,-0.00577,-1.0,0.007129,0.00577,False,0.042828999999999944,592.2074497403357
2009-03-13,2009-04-13,1.29299,1.3364,-1.0,bear_put,1.28006,1.29299,0.1604,0.005784,0.0,-0.005784,-1.0,0.007145,0.005784,False,0.037044999999999946,525.7354823981585
2009-03-16,2009-04-14,1.29761,1.3274,-1.0,bear_put,1.28463,1.29761,0.1606,0.005806,0.0,-0.005806,-1.0,0.00717,0.005806,False,0.031238999999999947,459.01068253842817
2009-03-18,2009-04-16,1.3484,1.31804,-1.0,bear_put,1.33492,1.3484,0.1849,0.006159,0.013484,0.007325,1.1892,0.007325,0.006159,True,0.038563999999999946,543.192418496493
2009-03-19,2009-04-17,1.36619,1.3045,-1.0,bear_put,1.35253,1.36619,0.1872,0.006251,0.013662,0.007411,1.1855,0.007411,0.006251,True,0.045974999999999946,628.3624997504479
2009-04-17,2009-05-18,1.3045,1.3558,1.0,bull_call,1.29145,1.31754,0.131,0.013394,0.02609,0.012696,0.9479,0.012696,0.013394,True,0.058670999999999945,774.2698471529862
2009-04-20,2009-05-19,1.29289,1.36323,1.0,bull_call,1.27996,1.30582,0.1325,0.013266,0.025858,0.012592,0.9492,0.012592,0.013266,True,0.07126299999999995,918.9819862907275
2009-04-21,2009-05-20,1.29349,1.3773,1.0,bull_call,1.28056,1.30643,0.1316,0.013277,0.02587,0.012593,0.9484,0.012593,0.013277,True,0.08385599999999996,1063.7056178156301
2009-05-04,2009-06-02,1.34187,1.43086,-1.0,bear_put,1.32845,1.34187,0.1376,0.005853,0.0,-0.005853,-1.0,0.007566,0.005853,False,0.07800299999999996,996.4406757593088
2009-05-08,2009-06-08,1.3639,1.3903,-1.0,bear_put,1.35026,1.3639,0.1461,0.00601,0.0,-0.00601,-1.0,0.007629,0.00601,False,0.07199299999999996,927.3714289186302
2009-05-20,2009-06-18,1.3773,1.3915,-1.0,bear_put,1.36352,1.3773,0.1334,0.005974,0.0,-0.005974,-1.0,0.007799,0.005974,False,0.06601899999999997,858.7159080157661
2009-05-21,2009-06-19,1.39061,1.3947,-1.0,bear_put,1.3767,1.39061,0.1352,0.006046,0.0,-0.006046,-1.0,0.00786,0.006046,False,0.059972999999999964,789.2329352372731
2009-05-22,2009-06-22,1.40031,1.38652,-1.0,bear_put,1.3863,1.40031,0.1334,0.006073,0.013785,0.007712,1.2698,0.00793,0.006073,True,0.06768499999999997,877.8622250268428
2009-05-25,2009-06-23,1.4007,1.4072,-1.0,bear_put,1.38669,1.4007,0.132,0.006063,0.0,-0.006063,-1.0,0.007944,0.006063,False,0.06162199999999997,808.1838816666042
2009-05-29,2009-06-29,1.41571,1.40861,-1.0,bear_put,1.40155,1.41571,0.1252,0.006067,0.007099,0.001033,0.1702,0.00809,0.006067,True,0.06265499999999997,820.0555176044446
2009-06-02,2009-07-01,1.43086,1.41409,-1.0,bear_put,1.41655,1.43086,0.1247,0.006127,0.014309,0.008182,1.3355,0.008182,0.006127,True,0.07083699999999997,914.0862293599241
2009-06-15,2009-07-14,1.37849,1.39716,1.0,bull_call,1.36471,1.39228,0.1477,0.01406,0.02757,0.01351,0.9609,0.01351,0.01406,True,0.08434699999999996,1069.3483799119317
2009-07-01,2009-07-30,1.41409,1.40849,-1.0,bear_put,1.39995,1.41409,0.1342,0.00614,0.005597,-0.000543,-0.0884,0.008001,0.00614,False,0.08380399999999996,1063.1080136832315
2009-07-08,2009-08-06,1.38791,1.4373,1.0,bull_call,1.37403,1.40178,0.1192,0.014327,0.027758,0.013431,0.9374,0.013431,0.014327,True,0.09723499999999996,1217.46226564948
2009-07-15,2009-08-13,1.4102,1.42759,-1.0,bear_put,1.3961,1.4102,0.1099,0.005882,0.0,-0.005882,-1.0,0.00822,0.005882,False,0.09135299999999996,1149.864044365475
2009-07-16,2009-08-14,1.41411,1.4207,-1.0,bear_put,1.39997,1.41411,0.1072,0.005866,0.0,-0.005866,-1.0,0.008275,0.005866,False,0.08548699999999997,1082.449701276054
2009-07-20,2009-08-18,1.42118,1.41651,-1.0,bear_put,1.40697,1.42118,0.1101,0.00593,0.00467,-0.00126,-0.2124,0.008282,0.00593,False,0.08422699999999997,1067.9692934525506
2009-07-29,2009-08-27,1.40146,1.4373,1.0,bull_call,1.38745,1.41548,0.0972,0.014649,0.028029,0.01338,0.9133,0.01338,0.014649,True,0.09760699999999997,1221.7374336735622
2009-08-03,2009-09-01,1.44119,1.4212,-1.0,bear_put,1.42678,1.44119,0.0987,0.005862,0.014412,0.00855,1.4587,0.00855,0.005862,True,0.10615699999999997,1319.9973439044775
2009-08-04,2009-09-02,1.44196,1.42741,-1.0,bear_put,1.42754,1.44196,0.0987,0.005866,0.01442,0.008554,1.4584,0.008554,0.005866,True,0.11471099999999998,1418.303223684039
2009-08-21,2009-09-21,1.43209,1.46841,-1.0,bear_put,1.41777,1.43209,0.1015,0.005865,0.0,-0.005865,-1.0,0.008456,0.005865,False,0.10884599999999998,1350.9003729817796
2009-08-27,2009-09-25,1.4373,1.46849,-1.0,bear_put,1.42292,1.4373,0.0969,0.00582,0.0,-0.00582,-1.0,0.008553,0.00582,False,0.10302599999999998,1284.014679701788
2009-09-01,2009-09-30,1.4212,1.4655,1.0,bull_call,1.40699,1.43541,0.084,0.015001,0.028424,0.013423,0.8948,0.013423,0.015001,True,0.11644899999999998,1438.2769925707444
2009-09-08,2009-10-07,1.45041,1.47115,-1.0,bear_put,1.43591,1.45041,0.0817,0.005601,0.0,-0.005601,-1.0,0.008903,0.005601,False,0.11084799999999999,1373.9081320791238
2009-09-09,2009-10-08,1.4548,1.47813,-1.0,bear_put,1.44025,1.4548,0.0819,0.005623,0.0,-0.005623,-1.0,0.008925,0.005623,False,0.10522499999999999,1309.28643906995
2009-09-10,2009-10-09,1.45813,1.47341,-1.0,bear_put,1.44355,1.45813,0.081,0.005618,0.0,-0.005618,-1.0,0.008964,0.005618,False,0.09960699999999999,1244.7222079965834
2009-09-22,2009-10-21,1.4812,1.50069,-1.0,bear_put,1.46638,1.4812,0.074,0.005543,0.0,-0.005543,-1.0,0.009269,0.005543,False,0.09406399999999998,1181.0199059603303
2009-09-28,2009-10-27,1.46216,1.4817,1.0,bull_call,1.44754,1.47678,0.0761,0.015542,0.029243,0.013701,0.8816,0.013701,0.015542,True,0.10776499999999999,1338.4771024601866
2009-09-29,2009-10-28,1.45917,1.4718,1.0,bull_call,1.44458,1.47376,0.0764,0.015505,0.02722,0.011714,0.7555,0.013678,0.015505,True,0.11947899999999999,1473.0989256701216
2009-10-01,2009-10-30,1.45159,1.4733,1.0,bull_call,1.43707,1.46611,0.0771,0.015416,0.029032,0.013616,0.8833,0.013616,0.015416,True,0.133095,1629.5792692612497
2009-10-08,2009-11-06,1.47813,1.48489,-1.0,bear_put,1.46335,1.47813,0.0704,0.005436,0.0,-0.005436,-1.0,0.009345,0.005436,False,0.127659,1567.1066526512782
2009-10-14,2009-11-12,1.49321,1.48569,-1.0,bear_put,1.47827,1.49321,0.0741,0.00559,0.00752,0.001931,0.3454,0.009342,0.00559,True,0.12958999999999998,1589.298452260155
2009-10-15,2009-11-13,1.4956,1.49089,-1.0,bear_put,1.48064,1.4956,0.0738,0.005592,0.004705,-0.000887,-0.1586,0.009364,0.005592,False,0.12870299999999998,1579.104704847895
2009-10-27,2009-11-25,1.4817,1.51279,1.0,bull_call,1.46688,1.49652,0.0743,0.015777,0.029634,0.013857,0.8783,0.013857,0.015777,True,0.14256,1738.3547137449473
2009-10-28,2009-11-26,1.4718,1.4973,1.0,bull_call,1.45708,1.48652,0.0781,0.015615,0.029436,0.013821,0.8851,0.013821,0.015615,True,0.156381,1897.190996704185
2009-11-09,2009-12-08,1.5008,1.4697,-1.0,bear_put,1.48579,1.5008,0.0874,0.005911,0.015008,0.009097,1.5388,0.009097,0.005911,True,0.165478,2001.7372427124465
2009-11-25,2009-12-24,1.51279,1.4385,-1.0,bear_put,1.49766,1.51279,0.0962,0.006114,0.015128,0.009014,1.4745,0.009014,0.006114,True,0.17449199999999998,2105.3296205863026
2009-12-04,2010-01-04,1.48571,1.4424,1.0,bull_call,1.47085,1.50056,0.1008,0.015494,0.0,-0.015494,-1.0,0.01422,0.015494,False,0.15899799999999997,1927.2665739058577
2009-12-07,2010-01-05,1.48412,1.4366,1.0,bull_call,1.46928,1.49896,0.1007,0.015479,0.0,-0.015479,-1.0,0.014204,0.015479,False,0.14351899999999998,1749.3759130328358
2009-12-08,2010-01-06,1.4697,1.4404,1.0,bull_call,1.455,1.4844,0.0981,0.015354,0.0,-0.015354,-1.0,0.01404,0.015354,False,0.12816499999999997,1572.9218005550022
2009-12-17,2010-01-15,1.4347,1.4391,1.0,bull_call,1.42035,1.44905,0.1004,0.014966,0.018745,0.003779,0.2525,0.013728,0.014966,True,0.13194399999999998,1616.3515316383507
2009-12-18,2010-01-18,1.43491,1.44067,1.0,bull_call,1.42056,1.44925,0.1007,0.014965,0.020117,0.005151,0.3442,0.013733,0.014965,True,0.13709499999999997,1675.5488179072916
2009-12-21,2010-01-19,1.42867,1.4281,1.0,bull_call,1.41439,1.44296,0.1009,0.014898,0.013715,-0.001183,-0.0794,0.013675,0.014898,False,0.13591199999999998,1661.9533238952247
2010-01-11,2010-02-09,1.45113,1.37821,-1.0,bear_put,1.43661,1.45113,0.0771,0.005503,0.014511,0.009008,1.6369,0.009008,0.005503,True,0.14491999999999997,1765.4767474461116
2010-01-13,2010-02-11,1.45239,1.36818,-1.0,bear_put,1.43787,1.45239,0.0729,0.005407,0.014524,0.009117,1.6859,0.009117,0.005407,True,0.15403699999999998,1870.252841197604
2010-01-19,2010-02-17,1.4281,1.36069,1.0,bull_call,1.41382,1.44238,0.0698,0.015278,0.0,-0.015278,-1.0,0.013284,0.015278,False,0.13875899999999997,1694.6721501440452
2010-01-20,2010-02-18,1.41103,1.34615,1.0,bull_call,1.39692,1.42514,0.0809,0.014933,0.0,-0.014933,-1.0,0.013288,0.014933,False,0.12382599999999996,1523.0563326612078
2010-01-21,2010-02-19,1.4097,1.36151,1.0,bull_call,1.3956,1.4238,0.0777,0.014962,0.0,-0.014962,-1.0,0.013232,0.014962,False,0.10886399999999996,1351.1072359506866
2010-01-29,2010-03-01,1.38669,1.35621,1.0,bull_call,1.37283,1.40056,0.0825,0.014655,0.0,-0.014655,-1.0,0.013079,0.014655,False,0.09420899999999996,1182.6863020987491
2010-02-04,2010-03-05,1.37449,1.3629,1.0,bull_call,1.36075,1.38824,0.0888,0.014454,0.002149,-0.012304,-0.8513,0.013036,0.014454,False,0.08190499999999996,1041.283970463523
2010-02-05,2010-03-08,1.36801,1.36169,1.0,bull_call,1.35433,1.38169,0.0882,0.014392,0.007365,-0.007027,-0.4882,0.012969,0.014392,False,0.07487799999999996,960.5269658795881
2010-02-08,2010-03-09,1.36547,1.36069,1.0,bull_call,1.35181,1.37912,0.0824,0.014432,0.00888,-0.005552,-0.3847,0.012878,0.014432,False,0.06932599999999996,896.7212323588815
2010-02-18,2010-03-19,1.34615,1.35369,1.0,bull_call,1.33269,1.35961,0.0978,0.014066,0.021006,0.00694,0.4934,0.012857,0.014066,True,0.07626599999999996,976.4783992597648
2010-03-03,2010-04-01,1.37016,1.3584,-1.0,bear_put,1.35646,1.37016,0.1116,0.005734,0.011763,0.006029,1.0514,0.007967,0.005734,True,0.08229499999999995,1045.766001456512
2010-03-12,2010-04-12,1.37699,1.3596,-1.0,bear_put,1.36322,1.37699,0.1032,0.005662,0.01377,0.008108,1.4321,0.008108,0.005662,True,0.09040299999999996,1138.9462765620397
2010-03-16,2010-04-14,1.37688,1.3656,-1.0,bear_put,1.36311,1.37688,0.1072,0.005712,0.011282,0.00557,0.9752,0.008057,0.005712,True,0.09597299999999996,1202.9588730516537
2010-03-19,2010-04-19,1.35369,1.34873,1.0,bull_call,1.34016,1.36723,0.09,0.014222,0.008571,-0.005651,-0.3974,0.012852,0.014222,False,0.09032199999999996,1138.0153932019575
2010-03-23,2010-04-21,1.3468,1.33899,1.0,bull_call,1.33333,1.36027,0.0845,0.01421,0.00566,-0.00855,-0.6017,0.012726,0.01421,False,0.08177199999999996,1039.755482971042
2010-03-24,2010-04-22,1.3331,1.327,1.0,bull_call,1.31977,1.34643,0.0892,0.014013,0.007228,-0.006785,-0.4842,0.012649,0.014013,False,0.07498699999999996,961.7796360801927
2010-03-25,2010-04-23,1.33071,1.3384,1.0,bull_call,1.3174,1.34401,0.089,0.01399,0.021001,0.007011,0.5011,0.012624,0.01399,True,0.08199799999999996,1042.3527624695434
2010-04-22,2010-05-21,1.327,1.25671,1.0,bull_call,1.31373,1.34027,0.0881,0.013962,0.0,-0.013962,-1.0,0.012578,0.013962,False,0.06803599999999996,881.8960529205328
2010-04-27,2010-05-26,1.31707,1.2173,1.0,bull_call,1.3039,1.33024,0.1048,0.013702,0.0,-0.013702,-1.0,0.012639,0.013702,False,0.05433399999999996,724.427364033515
2010-05-04,2010-06-02,1.29639,1.2239,1.0,bull_call,1.28343,1.30936,0.118,0.013391,0.0,-0.013391,-1.0,0.012537,0.013391,False,0.04094299999999996,570.5328075537268
2010-05-05,2010-06-03,1.28149,1.21694,1.0,bull_call,1.26868,1.29431,0.1217,0.013213,0.0,-0.013213,-1.0,0.012417,0.013213,False,0.027729999999999956,418.6838959886877
2010-05-06,2010-06-04,1.2633,1.1971,1.0,bull_call,1.25066,1.27593,0.1287,0.012984,0.0,-0.012984,-1.0,0.012282,0.012984,False,0.014745999999999955,269.46674108363436
2010-05-14,2010-06-14,1.236,1.22181,1.0,bull_call,1.22364,1.24836,0.1299,0.012697,0.0,-0.012697,-1.0,0.012024,0.012697,False,0.0020489999999999554,123.54790129393464
2010-05-18,2010-06-16,1.21789,1.23119,1.0,bull_call,1.20571,1.23007,0.1393,0.012462,0.024358,0.011896,0.9546,0.011896,0.012462,True,0.013944999999999956,260.2613389672644
2010-05-26,2010-06-24,1.2173,1.23375,1.0,bull_call,1.20513,1.22947,0.1652,0.012342,0.024346,0.012004,0.9726,0.012004,0.012342,True,0.025948999999999958,398.21595445403733
2010-06-04,2010-07-05,1.1971,1.2537,1.0,bull_call,1.18513,1.20907,0.1643,0.012141,0.023942,0.011801,0.972,0.011801,0.012141,True,0.03774999999999996,533.8376153470235
2010-06-07,2010-07-06,1.19229,1.2624,1.0,bull_call,1.18037,1.20422,0.1581,0.012116,0.023846,0.01173,0.9681,0.01173,0.012116,True,0.049479999999999955,668.6433167515427
2010-06-15,2010-07-14,1.23191,1.27405,-1.0,bear_put,1.21959,1.23191,0.1601,0.00551,0.0,-0.00551,-1.0,0.006809,0.00551,False,0.043969999999999954,605.3202634916192
2010-06-29,2010-07-28,1.21864,1.29922,1.0,bull_call,1.20645,1.23082,0.101,0.012707,0.024373,0.011666,0.918,0.011666,0.012707,True,0.05563599999999995,739.3904521178016
2010-07-01,2010-07-30,1.25075,1.3039,-1.0,bear_put,1.23824,1.25075,0.1278,0.005381,0.0,-0.005381,-1.0,0.007126,0.005381,False,0.05025499999999995,677.5499168017133
2010-07-02,2010-08-02,1.2571,1.31759,-1.0,bear_put,1.24453,1.2571,0.1261,0.005395,0.0,-0.005395,-1.0,0.007176,0.005395,False,0.044859999999999955,615.5484880653637
2010-07-15,2010-08-13,1.29286,1.28299,-1.0,bear_put,1.27993,1.29286,0.1177,0.005472,0.009869,0.004397,0.8035,0.007456,0.005472,True,0.049256999999999954,666.0805144145257
2010-07-16,2010-08-16,1.29319,1.27709,-1.0,bear_put,1.28026,1.29319,0.1173,0.005469,0.012932,0.007463,1.3644,0.007463,0.005469,True,0.05671999999999995,751.8481998008791
2010-07-29,2010-08-27,1.30781,1.27065,-1.0,bear_put,1.29473,1.30781,0.1162,0.005521,0.013078,0.007557,1.3687,0.007557,0.005521,True,0.06427699999999995,838.6961695804144
2010-08-02,2010-08-31,1.31759,1.26659,-1.0,bear_put,1.30442,1.31759,0.098,0.005349,0.013176,0.007826,1.463,0.007826,0.005349,True,0.07210299999999994,928.635591506396
2010-08-03,2010-09-01,1.32251,1.26873,-1.0,bear_put,1.30928,1.32251,0.0964,0.005347,0.013225,0.007878,1.4732,0.007878,0.005347,True,0.07998099999999994,1019.1726175647764
2010-08-12,2010-09-10,1.28441,1.26931,1.0,bull_call,1.27156,1.29725,0.1349,0.013166,0.0,-0.013166,-1.0,0.012522,0.013166,False,0.06681499999999994,867.8638481963283
2010-08-13,2010-09-13,1.28299,1.2717,1.0,bull_call,1.27016,1.29582,0.1245,0.013211,0.001539,-0.011672,-0.8835,0.012448,0.013211,False,0.05514299999999994,733.7247052471769
2010-08-16,2010-09-14,1.27709,1.2872,1.0,bull_call,1.26432,1.28986,0.1253,0.013146,0.022881,0.009735,0.7406,0.012396,0.013146,True,0.06487799999999994,845.6030942644821
2010-08-25,2010-09-23,1.2633,1.3391,1.0,bull_call,1.25066,1.27593,0.1178,0.01305,0.025266,0.012216,0.9361,0.012216,0.01305,True,0.07709399999999994,985.9940958294954
2010-09-02,2010-10-01,1.2803,1.36221,-1.0,bear_put,1.26749,1.2803,0.1165,0.005408,0.0,-0.005408,-1.0,0.007395,0.005408,False,0.07168599999999994,923.8432660600463
2010-09-03,2010-10-04,1.28259,1.3777,-1.0,bear_put,1.26977,1.28259,0.1163,0.005415,0.0,-0.005415,-1.0,0.007411,0.005415,False,0.06627099999999994,861.6119895804665
2010-09-06,2010-10-05,1.28941,1.36741,-1.0,bear_put,1.27651,1.28941,0.1181,0.005461,0.0,-0.005461,-1.0,0.007433,0.005461,False,0.06080999999999994,798.8520632914573
2010-09-15,2010-10-14,1.29917,1.39673,-1.0,bear_put,1.28618,1.29917,0.1013,0.005318,0.0,-0.005318,-1.0,0.007674,0.005318,False,0.055491999999999944,737.7355483665441
2010-09-16,2010-10-15,1.30151,1.4072,-1.0,bear_put,1.28849,1.30151,0.1,0.005311,0.0,-0.005311,-1.0,0.007704,0.005311,False,0.05018099999999995,676.6994801517615
2010-09-17,2010-10-18,1.3076,1.39643,-1.0,bear_put,1.29452,1.3076,0.1006,0.005344,0.0,-0.005344,-1.0,0.007732,0.005344,False,0.044836999999999946,615.284163160649
2010-09-22,2010-10-21,1.3257,1.39632,-1.0,bear_put,1.31244,1.3257,0.1016,0.00543,0.0,-0.00543,-1.0,0.007827,0.00543,False,0.03940699999999995,552.8805008736465
2010-09-23,2010-10-22,1.3391,1.39169,-1.0,bear_put,1.32571,1.3391,0.1046,0.005523,0.0,-0.005523,-1.0,0.007868,0.005523,False,0.03388399999999995,489.40804658062365
2010-09-27,2010-10-26,1.34791,1.39489,-1.0,bear_put,1.33443,1.34791,0.1134,0.00566,0.0,-0.00566,-1.0,0.007819,0.00566,False,0.02822399999999995,424.36113524647385
2010-10-04,2010-11-02,1.3777,1.39109,-1.0,bear_put,1.36392,1.3777,0.1146,0.005799,0.0,-0.005799,-1.0,0.007978,0.005799,False,0.022424999999999952,357.71678209687406
2010-10-06,2010-11-04,1.38339,1.41273,-1.0,bear_put,1.36956,1.38339,0.1228,0.005906,0.0,-0.005906,-1.0,0.007928,0.005906,False,0.01651899999999995,289.8427435209926
2010-10-07,2010-11-05,1.392,1.4228,-1.0,bear_put,1.37808,1.392,0.1034,0.005726,0.0,-0.005726,-1.0,0.008194,0.005726,False,0.01079299999999995,224.03733463418303
2010-10-15,2010-11-15,1.4072,1.36932,-1.0,bear_put,1.39313,1.4072,0.1032,0.005785,0.014072,0.008287,1.4324,0.008287,0.005785,True,0.01907999999999995,319.27474704162114
2010-10-20,2010-11-18,1.37391,1.3554,1.0,bull_call,1.36017,1.38765,0.1254,0.014142,0.0,-0.014142,-1.0,0.013336,0.014142,False,0.004937999999999951,156.74940780353865
2010-11-04,2010-12-03,1.41273,1.3216,-1.0,bear_put,1.3986,1.41273,0.1189,0.005992,0.014127,0.008135,1.3575,0.008135,0.005992,True,0.013072999999999951,250.23997736242717
2010-11-05,2010-12-06,1.4228,1.3416,-1.0,bear_put,1.40857,1.4228,0.1195,0.006041,0.014228,0.008187,1.3553,0.008187,0.006041,True,0.021259999999999953,344.32815105371424
2010-11-12,2010-12-13,1.3621,1.31971,1.0,bull_call,1.34848,1.37572,0.1398,0.013934,0.0,-0.013934,-1.0,0.013308,0.013934,False,0.007325999999999952,184.19322834522592
2010-11-24,2010-12-23,1.33863,1.31154,1.0,bull_call,1.32525,1.35202,0.1386,0.013701,0.0,-0.013701,-1.0,0.013071,0.013701,False,-0.006375000000000047,26.736031845369553
2010-11-25,2010-12-24,1.33579,1.31271,1.0,bull_call,1.32243,1.34915,0.1374,0.013678,0.0,-0.013678,-1.0,0.013037,0.013678,False,-0.020053000000000046,-130.45683974977203
2010-11-29,2010-12-28,1.3238,1.31897,1.0,bull_call,1.31056,1.33704,0.1382,0.013551,0.008401,-0.00515,-0.38,0.012925,0.013551,False,-0.025203000000000045,-189.64263363155152
2010-11-30,2010-12-29,1.31039,1.30863,1.0,bull_call,1.29729,1.3235,0.1277,0.013474,0.011338,-0.002136,-0.1585,0.012734,0.013474,False,-0.027339000000000044,-214.19037260853804
2010-12-01,2010-12-30,1.29921,1.32245,1.0,bull_call,1.28622,1.3122,0.1291,0.013351,0.025984,0.012634,0.9463,0.012634,0.013351,True,-0.014705000000000044,-68.99555321001347
2010-12-21,2011-01-19,1.3118,1.33781,1.0,bull_call,1.29868,1.32492,0.1318,0.013464,0.026236,0.012772,0.9486,0.012772,0.013464,True,-0.001933000000000044,77.78521561679956
2010-12-31,2011-01-31,1.33012,1.35728,-1.0,bear_put,1.31682,1.33012,0.1159,0.005612,0.0,-0.005612,-1.0,0.007689,0.005612,False,-0.007545000000000044,13.289938866402224
2011-01-03,2011-02-01,1.33579,1.37138,-1.0,bear_put,1.32243,1.33579,0.1144,0.005621,0.0,-0.005621,-1.0,0.007737,0.005621,False,-0.013166000000000044,-51.30876936844871
2011-01-07,2011-02-07,1.29799,1.3575,1.0,bull_call,1.28501,1.31097,0.1141,0.013434,0.02596,0.012526,0.9324,0.012526,0.013434,True,-0.0006400000000000433,92.64487221663273
2011-01-10,2011-02-08,1.28951,1.35919,1.0,bull_call,1.27661,1.3024,0.1158,0.013335,0.02579,0.012455,0.9341,0.012455,0.013335,True,0.011814999999999957,235.78255431324692
2011-02-02,2011-03-03,1.38299,1.38665,-1.0,bear_put,1.36916,1.38299,0.1305,0.005974,0.0,-0.005974,-1.0,0.007856,0.005974,False,0.005840999999999957,167.12703341038275
2011-02-24,2011-03-25,1.37641,1.41719,-1.0,bear_put,1.36264,1.37641,0.1023,0.005648,0.0,-0.005648,-1.0,0.008116,0.005648,False,0.0001929999999999571,102.21803072217105
2011-02-25,2011-03-28,1.382,1.4026,-1.0,bear_put,1.36818,1.382,0.1031,0.005681,0.0,-0.005681,-1.0,0.008139,0.005681,False,-0.005488000000000043,36.92977925762948
2011-03-03,2011-04-01,1.38665,1.41587,-1.0,bear_put,1.37279,1.38665,0.0929,0.005553,0.0,-0.005553,-1.0,0.008313,0.005553,False,-0.011041000000000044,-26.887446650238743
2011-03-04,2011-04-04,1.39589,1.42233,-1.0,bear_put,1.38193,1.39589,0.0955,0.00563,0.0,-0.00563,-1.0,0.008329,0.00563,False,-0.016671000000000043,-91.58958636954327
2011-03-07,2011-04-05,1.39907,1.42201,-1.0,bear_put,1.38508,1.39907,0.0797,0.005362,0.0,-0.005362,-1.0,0.008629,0.005362,False,-0.022033000000000042,-153.21176632956295
2011-03-21,2011-04-19,1.41705,1.42239,-1.0,bear_put,1.40288,1.41705,0.092,0.005662,0.0,-0.005662,-1.0,0.008509,0.005662,False,-0.027695000000000043,-218.28166243803582
2011-03-22,2011-04-20,1.42171,1.43379,-1.0,bear_put,1.40749,1.42171,0.0907,0.005658,0.0,-0.005658,-1.0,0.008559,0.005658,False,-0.03335300000000004,-283.3055889978626
2011-04-07,2011-05-06,1.43353,1.45444,-1.0,bear_put,1.41919,1.43353,0.0914,0.005717,0.0,-0.005717,-1.0,0.008618,0.005717,False,-0.03907000000000004,-349.0075664002186
2011-04-11,2011-05-10,1.44622,1.43761,-1.0,bear_put,1.43175,1.44622,0.0927,0.005789,0.008607,0.002818,0.4868,0.008673,0.005789,True,-0.03625200000000004,-316.62201937908173
2011-04-19,2011-05-18,1.42239,1.4269,1.0,bull_call,1.40817,1.43662,0.0873,0.014975,0.01873,0.003755,0.2508,0.013473,0.014975,True,-0.03249700000000004,-273.46810558760956
2011-04-27,2011-05-26,1.4688,1.40849,-1.0,bear_put,1.45411,1.4688,0.088,0.005797,0.014688,0.008891,1.5335,0.008891,0.005797,True,-0.02360600000000004,-171.289291334619
2011-04-28,2011-05-27,1.478,1.41351,-1.0,bear_put,1.46322,1.478,0.0893,0.005856,0.01478,0.008924,1.5239,0.008924,0.005856,True,-0.01468200000000004,-68.73122830529869
2011-04-29,2011-05-30,1.48441,1.42974,-1.0,bear_put,1.46956,1.48441,0.0894,0.005883,0.014844,0.008961,1.523,0.008961,0.005883,True,-0.00572100000000004,34.25205304899755
2011-05-09,2011-06-07,1.4353,1.4583,1.0,bull_call,1.42094,1.44965,0.1236,0.014785,0.028706,0.01392,0.9415,0.01392,0.014785,True,0.00819899999999996,194.22608233722474
2011-05-10,2011-06-08,1.43761,1.4686,1.0,bull_call,1.42323,1.45198,0.1172,0.014856,0.028752,0.013897,0.9354,0.013897,0.014856,True,0.02209599999999996,353.93578672073716
2011-05-12,2011-06-10,1.4211,1.45157,1.0,bull_call,1.40689,1.43531,0.1262,0.014622,0.028422,0.0138,0.9438,0.0138,0.014622,True,0.035895999999999956,512.5307295495829
2011-06-01,2011-06-30,1.44279,1.44789,-1.0,bear_put,1.42837,1.44279,0.1337,0.00626,0.0,-0.00626,-1.0,0.008168,0.00626,False,0.029635999999999954,440.5883859185268
2011-06-03,2011-07-04,1.4486,1.454,-1.0,bear_put,1.43412,1.4486,0.14,0.006337,0.0,-0.006337,-1.0,0.008149,0.006337,False,0.023298999999999955,367.7611284760343
2011-06-06,2011-07-05,1.4655,1.45531,-1.0,bear_put,1.45085,1.4655,0.1301,0.006326,0.010195,0.003868,0.6115,0.008329,0.006326,True,0.027166999999999955,412.21368201675716
2011-06-16,2011-07-15,1.4182,1.41573,1.0,bull_call,1.40402,1.43238,0.1343,0.014541,0.011712,-0.002828,-0.1945,0.013823,0.014541,False,0.024338999999999954,379.7132111240053
2011-06-30,2011-07-29,1.44789,1.4332,-1.0,bear_put,1.43341,1.44789,0.1268,0.00622,0.014479,0.008259,1.3279,0.008259,0.00622,True,0.03259799999999995,474.6288366909211
2011-07-01,2011-08-01,1.4497,1.43637,-1.0,bear_put,1.4352,1.4497,0.1249,0.00621,0.013327,0.007117,1.146,0.008287,0.00621,True,0.03971499999999995,556.4201561193919
2011-07-04,2011-08-02,1.454,1.42621,-1.0,bear_put,1.43946,1.454,0.1207,0.006186,0.01454,0.008354,1.3505,0.008354,0.006186,True,0.04806899999999995,652.4275584666511
2011-07-11,2011-08-09,1.42019,1.41707,1.0,bull_call,1.40599,1.43439,0.1183,0.014668,0.011082,-0.003585,-0.2444,0.013736,0.014668,False,0.044483999999999954,611.2273504926358
2011-07-12,2011-08-10,1.40406,1.43831,1.0,bull_call,1.39002,1.4181,0.1168,0.014512,0.028081,0.013569,0.9351,0.013569,0.014512,True,0.05805299999999995,767.1675518871727
2011-07-13,2011-08-11,1.3969,1.41247,1.0,bull_call,1.38293,1.41087,0.1149,0.014452,0.027938,0.013486,0.9332,0.013486,0.014452,True,0.07153899999999995,922.1538851473042
2011-07-22,2011-08-22,1.442,1.43693,-1.0,bear_put,1.42758,1.442,0.1245,0.006173,0.005077,-0.001096,-0.1776,0.008248,0.006173,False,0.07044299999999995,909.5582288182887
2011-07-27,2011-08-25,1.45081,1.44123,-1.0,bear_put,1.4363,1.45081,0.1207,0.006173,0.009576,0.003404,0.5514,0.008335,0.006173,True,0.07384699999999995,948.6783147160708
2011-08-03,2011-09-01,1.41733,1.43746,1.0,bull_call,1.40316,1.43151,0.1246,0.014594,0.028347,0.013753,0.9424,0.013753,0.014594,True,0.08759999999999996,1106.7331153483256
2011-08-05,2011-09-05,1.40671,1.41577,1.0,bull_call,1.39264,1.42077,0.1458,0.014358,0.023129,0.008771,0.6109,0.013777,0.014358,True,0.09637099999999996,1207.5328431419348
2011-08-16,2011-09-14,1.44383,1.36861,-1.0,bear_put,1.4294,1.44383,0.1616,0.006467,0.014438,0.007972,1.2328,0.007972,0.006467,True,0.10434299999999996,1299.1501535934972
2011-08-29,2011-09-27,1.44951,1.35181,-1.0,bear_put,1.43501,1.44951,0.155,0.00645,0.014495,0.008045,1.2472,0.008045,0.00645,True,0.11238799999999996,1391.6064083078497
2011-08-30,2011-09-28,1.45243,1.35823,-1.0,bear_put,1.43791,1.45243,0.155,0.006463,0.014524,0.008061,1.2473,0.008061,0.006463,True,0.12044899999999996,1484.2465412167865
2011-09-02,2011-10-03,1.42621,1.33609,1.0,bull_call,1.41195,1.44047,0.1498,0.014536,0.0,-0.014536,-1.0,0.013988,0.014536,False,0.10591299999999995,1317.1932014370689
2011-09-05,2011-10-04,1.41577,1.3195,1.0,bull_call,1.40161,1.42993,0.1345,0.014515,0.0,-0.014515,-1.0,0.013801,0.014515,False,0.09139799999999995,1150.3812017877428
2011-09-06,2011-10-05,1.40631,1.33301,1.0,bull_call,1.39225,1.42037,0.1235,0.014487,0.0,-0.014487,-1.0,0.013639,0.014487,False,0.07691099999999995,983.8909889789392
2011-09-07,2011-10-06,1.40032,1.33399,1.0,bull_call,1.38632,1.41433,0.1209,0.014444,0.0,-0.014444,-1.0,0.013563,0.014444,False,0.06246699999999995,817.8949488180804
2011-09-12,2011-10-11,1.36008,1.36355,1.0,bull_call,1.34648,1.37368,0.1204,0.014032,0.017069,0.003037,0.2164,0.013169,0.014032,True,0.06550399999999995,852.797328627588
2011-09-23,2011-10-24,1.34809,1.38477,1.0,bull_call,1.33461,1.36157,0.1263,0.01387,0.026962,0.013092,0.9439,0.013092,0.01387,True,0.07859599999999994,1003.2556613460843
2011-10-03,2011-11-01,1.33609,1.386,1.0,bull_call,1.32273,1.34946,0.134,0.013701,0.026722,0.013021,0.9504,0.013021,0.013701,True,0.09161699999999995,1152.8980345761136
2011-10-04,2011-11-02,1.3195,1.3656,1.0,bull_call,1.30631,1.3327,0.1372,0.013513,0.02639,0.012877,0.9529,0.012877,0.013513,True,0.10449399999999995,1300.8855040548851
2011-10-13,2011-11-11,1.3792,1.36101,-1.0,bear_put,1.3654,1.3792,0.1411,0.006042,0.013792,0.00775,1.2827,0.00775,0.006042,True,0.11224399999999995,1389.9515045565922
2011-10-25,2011-11-23,1.39223,1.35219,-1.0,bear_put,1.37831,1.39223,0.1301,0.00601,0.013922,0.007912,1.3164,0.007912,0.00601,True,0.12015599999999996,1480.8792717784638
2011-10-28,2011-11-28,1.41739,1.33135,-1.0,bear_put,1.40322,1.41739,0.1464,0.006249,0.014174,0.007925,1.2683,0.007925,0.006249,True,0.12808099999999994,1571.956440033435
2011-10-31,2011-11-29,1.41401,1.3317,-1.0,bear_put,1.39987,1.41401,0.1472,0.006239,0.01414,0.007901,1.2663,0.007901,0.006239,True,0.13598199999999994,1662.75779099653
2011-11-16,2011-12-15,1.35071,1.2988,1.0,bull_call,1.33721,1.36422,0.165,0.013695,0.0,-0.013695,-1.0,0.013319,0.013695,False,0.12228699999999994,1505.3695488196427
2011-11-17,2011-12-16,1.3441,1.30297,1.0,bull_call,1.33066,1.35755,0.1656,0.013626,0.0,-0.013626,-1.0,0.013256,0.013626,False,0.10866099999999994,1348.7742813568996
2011-11-24,2011-12-23,1.3352,1.3056,1.0,bull_call,1.32185,1.34855,0.1692,0.01352,0.0,-0.01352,-1.0,0.013184,0.01352,False,0.09514099999999993,1193.3972069332765
2011-12-13,2012-01-11,1.31711,1.27518,1.0,bull_call,1.30394,1.33028,0.0943,0.013795,0.0,-0.013795,-1.0,0.012547,0.013795,False,0.08134599999999993,1034.8597260402382
2011-12-14,2012-01-12,1.30191,1.27239,1.0,bull_call,1.28889,1.31493,0.0939,0.013639,0.0,-0.013639,-1.0,0.012399,0.013639,False,0.06770699999999993,878.1150575443955
2011-12-15,2012-01-13,1.2988,1.28205,1.0,bull_call,1.28581,1.31179,0.091,0.013635,0.0,-0.013635,-1.0,0.012341,0.013635,False,0.05407199999999993,721.416358597199
2011-12-29,2012-01-27,1.29272,1.30928,1.0,bull_call,1.2798,1.30565,0.0902,0.013579,0.025854,0.012275,0.9039,0.012275,0.013579,True,0.06634699999999993,862.4854110047412
2012-01-06,2012-02-06,1.27961,1.31271,1.0,bull_call,1.26681,1.2924,0.0984,0.013366,0.025592,0.012227,0.9148,0.012227,0.013366,True,0.07857399999999994,1003.002828828531
2012-01-09,2012-02-07,1.26804,1.31216,1.0,bull_call,1.25536,1.28072,0.101,0.013223,0.025361,0.012138,0.918,0.012138,0.013223,True,0.09071199999999993,1142.4974241949462
2012-01-19,2012-02-17,1.2866,1.31268,-1.0,bear_put,1.27374,1.2866,0.1084,0.00535,0.0,-0.00535,-1.0,0.007516,0.00535,False,0.08536199999999994,1081.0131528808647
2012-01-20,2012-02-20,1.2965,1.32272,-1.0,bear_put,1.28353,1.2965,0.1117,0.005427,0.0,-0.005427,-1.0,0.007538,0.005427,False,0.07993499999999994,1018.6439677553469
2012-01-24,2012-02-22,1.30269,1.32433,-1.0,bear_put,1.28967,1.30269,0.1203,0.005539,0.0,-0.005539,-1.0,0.007488,0.005539,False,0.07439599999999993,954.9876352677397
2012-02-08,2012-03-08,1.32485,1.31399,-1.0,bear_put,1.31161,1.32485,0.1029,0.005443,0.010863,0.00542,0.9957,0.007805,0.005443,True,0.07981599999999993,1017.276373683127
2012-02-09,2012-03-09,1.32485,1.32749,-1.0,bear_put,1.31161,1.32485,0.1022,0.005435,0.0,-0.005435,-1.0,0.007813,0.005435,False,0.07438099999999993,954.8152494603171
2012-02-10,2012-03-12,1.32784,1.31251,-1.0,bear_put,1.31457,1.32784,0.1012,0.005434,0.013278,0.007844,1.4436,0.007844,0.005434,True,0.08222499999999994,1044.9615343552061
2012-02-16,2012-03-16,1.30581,1.30787,1.0,bull_call,1.29275,1.31886,0.092,0.013698,0.015125,0.001427,0.1041,0.012418,0.013698,True,0.08365199999999993,1061.3611708346816
2012-02-24,2012-03-26,1.33736,1.3283,-1.0,bear_put,1.32399,1.33736,0.0812,0.005156,0.00906,0.003903,0.757,0.008217,0.005156,True,0.08755499999999994,1106.2159579260574
2012-02-27,2012-03-27,1.34671,1.33601,-1.0,bear_put,1.33324,1.34671,0.0834,0.005234,0.010705,0.005471,1.0452,0.008233,0.005234,True,0.09302599999999994,1169.090808086682
2012-03-07,2012-04-05,1.31234,1.31441,1.0,bull_call,1.29921,1.32546,0.0982,0.013709,0.015193,0.001484,0.1083,0.012538,0.013709,True,0.09450999999999994,1186.1455106343635
2012-03-15,2012-04-13,1.30225,1.31891,1.0,bull_call,1.28923,1.31528,0.1079,0.013523,0.026045,0.012522,0.9259,0.012522,0.013523,True,0.10703199999999995,1330.053182670799
2012-03-27,2012-04-25,1.33601,1.31978,-1.0,bear_put,1.32265,1.33601,0.1022,0.00548,0.01336,0.00788,1.438,0.00788,0.00548,True,0.11491199999999994,1420.6131935035023
2012-04-05,2012-05-04,1.31441,1.31562,1.0,bull_call,1.30126,1.32755,0.0867,0.013843,0.014355,0.000511,0.0369,0.012445,0.013843,True,0.11542299999999994,1426.4858033430341
2012-04-06,2012-05-07,1.30651,1.29703,1.0,bull_call,1.29344,1.31957,0.0891,0.013735,0.003592,-0.010143,-0.7385,0.012395,0.013735,False,0.10527999999999994,1309.9185203638324
2012-04-23,2012-05-22,1.32048,1.28107,-1.0,bear_put,1.30728,1.32048,0.0745,0.004953,0.013205,0.008252,1.6659,0.008252,0.004953,True,0.11353199999999994,1404.7536992206176
2012-04-30,2012-05-29,1.32415,1.25251,-1.0,bear_put,1.31091,1.32415,0.0731,0.004935,0.013242,0.008307,1.6832,0.008307,0.004935,True,0.12183899999999993,1500.220959371286
2012-05-07,2012-06-05,1.29703,1.25094,1.0,bull_call,1.28406,1.31,0.0808,0.013728,0.0,-0.013728,-1.0,0.012213,0.013728,False,0.10811099999999993,1342.4534684180687
2012-05-10,2012-06-08,1.29366,1.25707,1.0,bull_call,1.28072,1.3066,0.0866,0.013626,0.0,-0.013626,-1.0,0.012247,0.013626,False,0.09448499999999993,1185.8582009553256
2012-05-16,2012-06-14,1.27356,1.25739,1.0,bull_call,1.26083,1.2863,0.0777,0.013517,0.0,-0.013517,-1.0,0.011954,0.013517,False,0.08096799999999993,1030.5156036931871
2012-05-24,2012-06-22,1.25612,1.25518,1.0,bull_call,1.24356,1.26868,0.0869,0.013228,0.011615,-0.001613,-0.1219,0.011895,0.013228,False,0.07935499999999993,1011.9783832016706
2012-05-25,2012-06-25,1.2536,1.25376,1.0,bull_call,1.24107,1.26614,0.085,0.013221,0.012693,-0.000528,-0.0399,0.011851,0.013221,False,0.07882699999999992,1005.9104027803932
2012-05-31,2012-06-29,1.23747,1.24409,1.0,bull_call,1.2251,1.24985,0.085,0.013051,0.018995,0.005943,0.4554,0.011698,0.013051,True,0.08476999999999993,1074.2096596812503
2012-06-11,2012-07-10,1.26454,1.23183,-1.0,bear_put,1.2519,1.26454,0.0895,0.005013,0.012645,0.007632,1.5223,0.007632,0.005013,True,0.09240199999999993,1161.919558497899
2012-06-18,2012-07-17,1.27049,1.22684,-1.0,bear_put,1.25778,1.27049,0.102,0.00521,0.012705,0.007495,1.4387,0.007495,0.00521,True,0.09989699999999993,1248.0550002734208
2012-07-06,2012-08-06,1.23916,1.24285,1.0,bull_call,1.22677,1.25155,0.1129,0.012833,0.016088,0.003254,0.2536,0.01195,0.012833,True,0.10315099999999994,1285.4512280969764
2012-07-09,2012-08-07,1.22714,1.239,1.0,bull_call,1.21487,1.23942,0.1171,0.012681,0.024131,0.01145,0.9029,0.011862,0.012681,True,0.11460099999999994,1417.0390610962725
2012-07-23,2012-08-21,1.21271,1.23533,1.0,bull_call,1.20058,1.22484,0.0992,0.01266,0.024254,0.011594,0.9158,0.011594,0.01266,True,0.12619499999999995,1550.281797846826
2012-07-24,2012-08-22,1.21242,1.24766,1.0,bull_call,1.20029,1.22454,0.0993,0.012656,0.024248,0.011592,0.9159,0.011592,0.012656,True,0.13778699999999994,1683.5015498230564
2012-07-25,2012-08-23,1.20619,1.25345,1.0,bull_call,1.19412,1.21825,0.1,0.012586,0.024124,0.011538,0.9168,0.011538,0.012586,True,0.14932499999999993,1816.1007128925653
2012-08-06,2012-09-04,1.24285,1.25865,-1.0,bear_put,1.23043,1.24285,0.1133,0.005219,0.0,-0.005219,-1.0,0.00721,0.005219,False,0.14410599999999993,1756.121944296642
2012-08-22,2012-09-20,1.24766,1.30582,-1.0,bear_put,1.23518,1.24766,0.1043,0.005142,0.0,-0.005142,-1.0,0.007335,0.005142,False,0.13896399999999992,1697.0280895121543
2012-08-23,2012-09-21,1.25345,1.29735,-1.0,bear_put,1.24091,1.25345,0.102,0.00514,0.0,-0.00514,-1.0,0.007395,0.00514,False,0.13382399999999992,1637.9572195019898
2012-08-24,2012-09-24,1.25612,1.29685,-1.0,bear_put,1.24356,1.25612,0.1006,0.005133,0.0,-0.005133,-1.0,0.007428,0.005133,False,0.12869099999999992,1578.966796201956
2012-09-07,2012-10-08,1.26326,1.30157,-1.0,bear_put,1.25063,1.26326,0.0671,0.004565,0.0,-0.004565,-1.0,0.008067,0.004565,False,0.12412599999999992,1526.5040488096604
2012-09-10,2012-10-09,1.27959,1.29769,-1.0,bear_put,1.26679,1.27959,0.0734,0.004774,0.0,-0.004774,-1.0,0.008022,0.004774,False,0.11935199999999992,1471.639392500609
2012-09-11,2012-10-10,1.27616,1.28584,-1.0,bear_put,1.2634,1.27616,0.0743,0.004781,0.0,-0.004781,-1.0,0.007981,0.004781,False,0.11457099999999992,1416.694289481427
2012-09-12,2012-10-11,1.28518,1.28584,-1.0,bear_put,1.27233,1.28518,0.0761,0.004853,0.0,-0.004853,-1.0,0.007998,0.004853,False,0.10971799999999993,1360.9217345866161
2012-09-13,2012-10-12,1.29032,1.29333,-1.0,bear_put,1.27742,1.29032,0.076,0.004871,0.0,-0.004871,-1.0,0.008033,0.004871,False,0.10484699999999993,1304.942316722898
2012-09-14,2012-10-15,1.29938,1.29433,-1.0,bear_put,1.28638,1.29938,0.0753,0.004891,0.005046,0.000155,0.0317,0.008103,0.004891,True,0.10500199999999993,1306.7236367329324
2012-09-17,2012-10-16,1.31165,1.29685,-1.0,bear_put,1.29853,1.31165,0.0783,0.005,0.013116,0.008116,1.6232,0.008116,0.005,True,0.11311799999999993,1399.995850935752
2012-10-01,2012-10-30,1.2809,1.29082,1.0,bull_call,1.26809,1.29371,0.086,0.013498,0.02273,0.009231,0.6839,0.01212,0.013498,True,0.12234899999999993,1506.0820768236563
2012-10-05,2012-11-05,1.30174,1.28279,-1.0,bear_put,1.28873,1.30174,0.0858,0.005101,0.013017,0.007916,1.5518,0.007916,0.005101,True,0.13026499999999994,1597.055813594174
2012-10-08,2012-11-06,1.30157,1.28025,-1.0,bear_put,1.28856,1.30157,0.086,0.005103,0.013016,0.007913,1.5507,0.007913,0.005103,True,0.13817799999999994,1687.995073203207
2012-10-17,2012-11-15,1.31079,1.27324,-1.0,bear_put,1.29768,1.31079,0.0791,0.005013,0.013108,0.008095,1.6147,0.008095,0.005013,True,0.14627299999999993,1781.0259472756354
2012-10-18,2012-11-16,1.31165,1.27845,-1.0,bear_put,1.29853,1.31165,0.0771,0.004976,0.013116,0.008141,1.636,0.008141,0.004976,True,0.15441399999999994,1874.5854711574927
2012-11-05,2012-12-05,1.28279,1.30993,1.0,bull_call,1.26996,1.29562,0.0748,0.013653,0.025656,0.012003,0.8792,0.012003,0.013653,True,0.16641699999999993,2012.528594257104
2012-11-06,2012-12-06,1.28025,1.30702,1.0,bull_call,1.26744,1.29305,0.0749,0.013624,0.025605,0.011981,0.8793,0.011981,0.013624,True,0.17839799999999992,2150.218884839162
2012-11-08,2012-12-10,1.276,1.29061,1.0,bull_call,1.26324,1.28876,0.0689,0.013664,0.02552,0.011856,0.8677,0.011856,0.013664,True,0.19025399999999992,2286.4726270260317
2012-11-21,2012-12-21,1.28144,1.32377,-1.0,bear_put,1.26863,1.28144,0.0514,0.004119,0.0,-0.004119,-1.0,0.008696,0.004119,False,0.1861349999999999,2239.1354843077693
2012-11-22,2012-12-24,1.2865,1.3182,-1.0,bear_put,1.27364,1.2865,0.0484,0.004004,0.0,-0.004004,-1.0,0.008861,0.004004,False,0.1821309999999999,2193.119966113081
2012-11-23,2012-12-25,1.28751,1.31804,-1.0,bear_put,1.27464,1.28751,0.0486,0.004015,0.0,-0.004015,-1.0,0.00886,0.004015,False,0.1781159999999999,2146.978031659616
2012-11-26,2012-12-26,1.2966,1.31804,-1.0,bear_put,1.28363,1.2966,0.0544,0.004284,0.0,-0.004284,-1.0,0.008682,0.004284,False,0.1738319999999999,2097.7446450597045
2012-11-27,2012-12-27,1.2987,1.32258,-1.0,bear_put,1.28571,1.2987,0.0544,0.004293,0.0,-0.004293,-1.0,0.008694,0.004293,False,0.1695389999999999,2048.40782697534
2012-12-05,2013-01-03,1.30993,1.31822,-1.0,bear_put,1.29683,1.30993,0.0491,0.004107,0.0,-0.004107,-1.0,0.008992,0.004107,False,0.1654319999999999,2001.208592903016
2012-12-17,2013-01-15,1.31659,1.33779,-1.0,bear_put,1.30342,1.31659,0.064,0.00467,0.0,-0.00467,-1.0,0.008496,0.00467,False,0.1607619999999999,1947.5391448587616
2012-12-19,2013-01-17,1.3231,1.32908,-1.0,bear_put,1.30987,1.3231,0.0635,0.004679,0.0,-0.004679,-1.0,0.008552,0.004679,False,0.15608299999999992,1893.7662653300538
2013-01-04,2013-02-04,1.30327,1.36487,1.0,bull_call,1.29024,1.3163,0.0699,0.013941,0.026065,0.012124,0.8696,0.012124,0.013941,True,0.1682069999999999,2033.099967276208
2013-01-07,2013-02-05,1.30675,1.35117,1.0,bull_call,1.29368,1.31981,0.064,0.014074,0.026135,0.012061,0.8569,0.012061,0.014074,True,0.1802679999999999,2171.7096488311868
2013-01-11,2013-02-11,1.32732,1.33683,-1.0,bear_put,1.31404,1.32732,0.0835,0.005161,0.0,-0.005161,-1.0,0.008113,0.005161,False,0.1751069999999999,2112.397438690631
2013-01-14,2013-02-12,1.3362,1.34036,-1.0,bear_put,1.32284,1.3362,0.086,0.00524,0.0,-0.00524,-1.0,0.008122,0.00524,False,0.1698669999999999,2052.1773299643155
2013-01-15,2013-02-13,1.33779,1.34521,-1.0,bear_put,1.32441,1.33779,0.0836,0.005202,0.0,-0.005202,-1.0,0.008176,0.005202,False,0.1646649999999999,1992.3939319501371
2013-01-28,2013-02-26,1.3466,1.30651,-1.0,bear_put,1.33314,1.3466,0.0903,0.005353,0.013466,0.008113,1.5158,0.008113,0.005353,True,0.1727779999999999,2085.631668991473
2013-01-29,2013-02-27,1.34463,1.30659,-1.0,bear_put,1.33118,1.34463,0.0902,0.005343,0.013446,0.008103,1.5164,0.008103,0.005343,True,0.1808809999999999,2178.7544821611928
2013-01-30,2013-02-28,1.34916,1.3151,-1.0,bear_put,1.33567,1.34916,0.0901,0.005359,0.013492,0.008133,1.5177,0.008133,0.005359,True,0.1890139999999999,2272.222066945758
2013-01-31,2013-03-01,1.35683,1.30599,-1.0,bear_put,1.34327,1.35683,0.0913,0.005409,0.013568,0.008159,1.5083,0.008159,0.005409,True,0.1971729999999999,2365.988453796523
2013-02-01,2013-03-04,1.3611,1.30169,-1.0,bear_put,1.34749,1.3611,0.091,0.005422,0.013611,0.008189,1.5104,0.008189,0.005422,True,0.2053619999999999,2460.099612262133
2013-02-04,2013-03-05,1.36487,1.30361,-1.0,bear_put,1.35122,1.36487,0.0781,0.005198,0.013649,0.008451,1.6259,0.008451,0.005198,True,0.21381299999999992,2557.221776164059
2013-02-08,2013-03-11,1.33894,1.2988,1.0,bull_call,1.32555,1.35233,0.0977,0.013991,0.0,-0.013991,-1.0,0.012788,0.013991,False,0.19982199999999992,2396.4317873873647
2013-02-11,2013-03-12,1.33683,1.30327,1.0,bull_call,1.32346,1.3502,0.0801,0.014157,0.0,-0.014157,-1.0,0.012579,0.014157,False,0.1856649999999999,2233.7340623418595
2013-02-21,2013-03-22,1.32732,1.29049,1.0,bull_call,1.31404,1.34059,0.0831,0.014021,0.0,-0.014021,-1.0,0.012525,0.014021,False,0.1716439999999999,2072.5993019503194
2013-02-22,2013-03-25,1.31944,1.30241,1.0,bull_call,1.30624,1.33263,0.0855,0.01391,0.0,-0.01391,-1.0,0.012478,0.01391,False,0.1577339999999999,1912.7401965337076
2013-02-25,2013-03-26,1.31959,1.28584,1.0,bull_call,1.3064,1.33279,0.0836,0.013933,0.0,-0.013933,-1.0,0.012458,0.013933,False,0.1438009999999999,1752.6167662123808
2013-02-26,2013-03-27,1.30651,1.28601,1.0,bull_call,1.29344,1.31957,0.0844,0.013786,0.0,-0.013786,-1.0,0.012344,0.013786,False,0.1300149999999999,1594.182716803796
2013-02-27,2013-03-28,1.30659,1.27779,1.0,bull_call,1.29353,1.31966,0.0846,0.013785,0.0,-0.013785,-1.0,0.012347,0.013785,False,0.1162299999999999,1435.7601597823727
2013-03-14,2013-04-12,1.29584,1.31148,1.0,bull_call,1.28288,1.3088,0.0855,0.013661,0.025917,0.012255,0.8971,0.012255,0.013661,True,0.1284849999999999,1576.5993644466848
2013-03-18,2013-04-16,1.28927,1.30547,1.0,bull_call,1.27638,1.30217,0.09,0.013545,0.025785,0.012241,0.9037,0.012241,0.013545,True,0.1407259999999999,1717.2776756907358
2013-03-20,2013-04-18,1.28639,1.30349,1.0,bull_call,1.27352,1.29925,0.0934,0.013481,0.025728,0.012246,0.9084,0.012246,0.013481,True,0.1529719999999999,1858.0134488705944
2013-03-28,2013-04-26,1.27779,1.30073,1.0,bull_call,1.26501,1.29057,0.1026,0.013311,0.025556,0.012244,0.9198,0.012244,0.013311,True,0.16521599999999992,1998.7262372761297
2013-04-08,2013-05-07,1.29921,1.30702,-1.0,bear_put,1.28622,1.29921,0.0946,0.005228,0.0,-0.005228,-1.0,0.007765,0.005228,False,0.1599879999999999,1938.6440371957524
2013-04-09,2013-05-08,1.30293,1.3077,-1.0,bear_put,1.2899,1.30293,0.0893,0.005163,0.0,-0.005163,-1.0,0.007867,0.005163,False,0.1548249999999999,1879.3088422808733
2013-04-10,2013-05-09,1.30803,1.31614,-1.0,bear_put,1.29495,1.30803,0.0895,0.005187,0.0,-0.005187,-1.0,0.007894,0.005187,False,0.1496379999999999,1819.697830074118
2013-04-24,2013-05-23,1.29944,1.28421,1.0,bull_call,1.28645,1.31244,0.0734,0.013849,0.0,-0.013849,-1.0,0.01214,0.013849,False,0.1357889999999999,1660.539760274358
2013-05-01,2013-05-30,1.31683,1.29478,-1.0,bear_put,1.30366,1.31683,0.071,0.004858,0.013168,0.008311,1.7109,0.008311,0.004858,True,0.14409999999999992,1756.0529899736725
2013-05-02,2013-05-31,1.31822,1.30439,-1.0,bear_put,1.30504,1.31822,0.0699,0.004835,0.013182,0.008347,1.7264,0.008347,0.004835,True,0.15244699999999992,1851.9799456108015
2013-05-13,2013-06-11,1.29653,1.3224,1.0,bull_call,1.28356,1.30949,0.0857,0.013666,0.025931,0.012264,0.8974,0.012264,0.013666,True,0.1647109999999999,1992.9225817595668
2013-05-15,2013-06-13,1.29371,1.33396,1.0,bull_call,1.28077,1.30665,0.0863,0.01363,0.025874,0.012244,0.8983,0.012244,0.01363,True,0.17695499999999992,2133.6353701651024
2013-05-16,2013-06-14,1.28824,1.33679,1.0,bull_call,1.27536,1.30113,0.0792,0.013654,0.025765,0.012111,0.887,0.012111,0.013654,True,0.18906599999999993,2272.819671078157
2013-05-31,2013-07-01,1.30439,1.30141,-1.0,bear_put,1.29135,1.30439,0.0861,0.005116,0.002988,-0.002128,-0.416,0.007928,0.005116,False,0.18693799999999994,2248.3638711984627
2013-06-04,2013-07-03,1.30729,1.29789,-1.0,bear_put,1.29422,1.30729,0.0826,0.005066,0.0094,0.004334,0.8555,0.008007,0.005066,True,0.19127199999999994,2298.1718771564497
2013-06-07,2013-07-08,1.32456,1.28291,-1.0,bear_put,1.31131,1.32456,0.0883,0.005233,0.013246,0.008012,1.5311,0.008012,0.005233,True,0.19928399999999993,2390.248883094472
2013-06-13,2013-07-12,1.33396,1.30977,-1.0,bear_put,1.32062,1.33396,0.0806,0.00513,0.01334,0.008209,1.6001,0.008209,0.00513,True,0.20749299999999993,2484.5898893033122
2013-06-24,2013-07-23,1.31053,1.31903,1.0,bull_call,1.29742,1.32364,0.0869,0.013801,0.02161,0.00781,0.5659,0.01241,0.013801,True,0.21530299999999994,2574.3454330347104
2013-06-26,2013-07-25,1.30798,1.31909,1.0,bull_call,1.2949,1.32106,0.0885,0.013757,0.024191,0.010434,0.7585,0.012403,0.013757,True,0.22573699999999994,2694.2570006779115
2013-06-27,2013-07-26,1.30134,1.32742,1.0,bull_call,1.28832,1.31435,0.0869,0.013704,0.026027,0.012323,0.8993,0.012323,0.013704,True,0.23805999999999994,2835.8776876692064
2013-07-05,2013-08-05,1.29077,1.3279,1.0,bull_call,1.27786,1.30368,0.0847,0.013617,0.025815,0.012199,0.8958,0.012199,0.013617,True,0.25025899999999995,2976.073318652474
2013-07-08,2013-08-06,1.28291,1.32575,1.0,bull_call,1.27008,1.29574,0.0738,0.013667,0.025658,0.011991,0.8773,0.011991,0.013667,True,0.2622499999999999,3113.8785331061467
2013-07-10,2013-08-08,1.27818,1.3341,1.0,bull_call,1.2654,1.29097,0.0779,0.013563,0.025564,0.012001,0.8848,0.012001,0.013563,True,0.2742509999999999,3251.798671431435
2013-07-11,2013-08-09,1.31877,1.33801,-1.0,bear_put,1.30559,1.31877,0.1395,0.005766,0.0,-0.005766,-1.0,0.007422,0.005766,False,0.2684849999999999,3185.5335670581653
2013-07-24,2013-08-22,1.32233,1.33429,-1.0,bear_put,1.30911,1.32233,0.1337,0.005737,0.0,-0.005737,-1.0,0.007486,0.005737,False,0.2627479999999999,3119.601741912579
2013-07-26,2013-08-26,1.32742,1.33865,-1.0,bear_put,1.31415,1.32742,0.1331,0.005755,0.0,-0.005755,-1.0,0.00752,0.005755,False,0.2569929999999999,3053.4630537980856
2013-07-29,2013-08-27,1.32874,1.33792,-1.0,bear_put,1.31546,1.32874,0.133,0.00576,0.0,-0.00576,-1.0,0.007527,0.00576,False,0.25123299999999993,2987.266903747785
2013-08-08,2013-09-06,1.3341,1.31184,-1.0,bear_put,1.32076,1.3341,0.1234,0.005701,0.013341,0.00764,1.3402,0.00764,0.005701,True,0.2588729999999999,3075.068741661725
2013-08-09,2013-09-09,1.33801,1.31742,-1.0,bear_put,1.32463,1.33801,0.0602,0.00463,0.01338,0.00875,1.8898,0.00875,0.00463,True,0.2676229999999999,3175.627129324943
2013-08-21,2013-09-19,1.3421,1.3523,-1.0,bear_put,1.32868,1.3421,0.0583,0.00458,0.0,-0.00458,-1.0,0.008841,0.00458,False,0.2630429999999999,3122.9919961252244
2013-08-30,2013-09-30,1.32363,1.34955,1.0,bull_call,1.31039,1.33686,0.0649,0.014241,0.026473,0.012232,0.8589,0.012232,0.014241,True,0.27527499999999994,3263.5668758848224
2013-09-02,2013-10-01,1.32083,1.35252,1.0,bull_call,1.30762,1.33404,0.0609,0.014283,0.026417,0.012134,0.8496,0.012134,0.014283,True,0.2874089999999999,3403.0155017025913
2013-09-03,2013-10-02,1.319,1.35234,1.0,bull_call,1.30581,1.33219,0.0582,0.014317,0.02638,0.012063,0.8426,0.012063,0.014317,True,0.2994719999999999,3541.648168031893
2013-09-12,2013-10-14,1.33156,1.35567,-1.0,bear_put,1.31824,1.33156,0.0644,0.004736,0.0,-0.004736,-1.0,0.008579,0.004736,False,0.2947359999999999,3487.2202224349794
2013-09-16,2013-10-16,1.33593,1.35217,-1.0,bear_put,1.32257,1.33593,0.0621,0.004683,0.0,-0.004683,-1.0,0.008676,0.004683,False,0.2900529999999999,3433.401373357625
2013-09-19,2013-10-21,1.3523,1.36819,-1.0,bear_put,1.33878,1.3523,0.0723,0.00502,0.0,-0.00502,-1.0,0.008503,0.00502,False,0.28503299999999987,3375.7095898068414
2013-09-20,2013-10-22,1.35342,1.3676,-1.0,bear_put,1.33988,1.35342,0.0687,0.004934,0.0,-0.004934,-1.0,0.008601,0.004934,False,0.2800989999999999,3319.0061515519483
2013-10-03,2013-11-04,1.3591,1.3494,-1.0,bear_put,1.34551,1.3591,0.0622,0.004767,0.009702,0.004935,1.0353,0.008824,0.004767,True,0.2850339999999999,3375.7210821940034
2013-10-04,2013-11-05,1.36242,1.3517,-1.0,bear_put,1.34879,1.36242,0.0623,0.00478,0.010718,0.005938,1.2422,0.008844,0.00478,True,0.2909719999999999,3443.9628771590533
2013-10-18,2013-11-18,1.3667,1.3484,-1.0,bear_put,1.35303,1.3667,0.0684,0.004974,0.013667,0.008693,1.7477,0.008693,0.004974,True,0.2996649999999999,3543.866198754065
2013-10-21,2013-11-19,1.36819,1.35044,-1.0,bear_put,1.35451,1.36819,0.0548,0.004538,0.013682,0.009144,2.0151,0.009144,0.004538,True,0.3088089999999999,3648.9525869589174
2013-10-23,2013-11-21,1.37785,1.34338,-1.0,bear_put,1.36407,1.37785,0.06,0.004759,0.013778,0.00902,1.8955,0.00902,0.004759,True,0.3178289999999999,3752.6139191557427
2013-11-01,2013-12-02,1.35798,1.35851,1.0,bull_call,1.3444,1.37156,0.0706,0.014516,0.014115,-0.000401,-0.0276,0.012644,0.014516,False,0.31742799999999993,3748.005471903977
2013-11-04,2013-12-03,1.3494,1.35421,1.0,bull_call,1.33591,1.36289,0.0717,0.014406,0.0183,0.003894,0.2703,0.012582,0.014406,True,0.32132199999999994,3792.7568275108997
2013-11-05,2013-12-04,1.3517,1.35906,1.0,bull_call,1.33818,1.36522,0.0714,0.014435,0.020884,0.006448,0.4467,0.012599,0.014435,True,0.32776999999999995,3866.85973992832
2013-11-20,2013-12-19,1.35674,1.36849,-1.0,bear_put,1.34317,1.35674,0.072,0.005029,0.0,-0.005029,-1.0,0.008538,0.005029,False,0.32274099999999994,3809.064524893083
2013-12-06,2014-01-06,1.367,1.3596,-1.0,bear_put,1.35333,1.367,0.0692,0.004997,0.007397,0.0024,0.4804,0.008673,0.004997,True,0.32514099999999996,3836.6462540807083
2013-12-09,2014-01-07,1.37065,1.3632,-1.0,bear_put,1.35695,1.37065,0.062,0.004802,0.007455,0.002653,0.5526,0.008905,0.004802,True,0.327794,3867.135557220196
2013-12-10,2014-01-08,1.37402,1.36164,-1.0,bear_put,1.36028,1.37402,0.0587,0.004702,0.012385,0.007684,1.6342,0.009038,0.004702,True,0.335478,3955.443060169244
2013-12-11,2014-01-09,1.37644,1.3572,-1.0,bear_put,1.36268,1.37644,0.0576,0.004669,0.013764,0.009095,1.9479,0.009095,0.004669,True,0.344573,4059.966321403183
2013-12-20,2014-01-20,1.36558,1.35276,1.0,bull_call,1.35192,1.37923,0.0482,0.015064,0.000836,-0.014228,-0.9445,0.012247,0.015064,False,0.330345,3896.45263686921
2013-12-31,2014-01-29,1.38101,1.3655,-1.0,bear_put,1.3672,1.38101,0.0459,0.004173,0.01381,0.009637,2.3091,0.009637,0.004173,True,0.339982,4007.2047719446878
2014-01-06,2014-02-04,1.3596,1.3525,1.0,bull_call,1.346,1.3732,0.053,0.014874,0.006498,-0.008376,-0.5631,0.012318,0.014874,False,0.331606,3910.9445370798753
2014-01-20,2014-02-18,1.35276,1.37045,1.0,bull_call,1.33923,1.36629,0.058,0.014687,0.027055,0.012368,0.8421,0.012368,0.014687,True,0.343974,4053.082381493438
2014-02-03,2014-03-04,1.34882,1.3737,1.0,bull_call,1.33533,1.36231,0.0659,0.014494,0.026976,0.012482,0.8612,0.012482,0.014494,True,0.356456,4196.530358043412
2014-02-19,2014-03-20,1.3762,1.38192,-1.0,bear_put,1.36244,1.3762,0.0618,0.004813,0.0,-0.004813,-1.0,0.008949,0.004813,False,0.351643,4141.217498635062
2014-03-03,2014-04-01,1.3777,1.37751,-1.0,bear_put,1.36392,1.3777,0.0483,0.004281,0.00019,-0.004091,-0.9557,0.009496,0.004281,False,0.34755199999999997,4094.2021427573222
2014-03-07,2014-04-07,1.38631,1.37041,-1.0,bear_put,1.37245,1.38631,0.0538,0.004555,0.013863,0.009308,2.0435,0.009308,0.004555,True,0.35685999999999996,4201.1732824566625
2014-03-10,2014-04-08,1.38787,1.37431,-1.0,bear_put,1.37399,1.38787,0.0526,0.004511,0.013561,0.00905,2.0062,0.009368,0.004511,True,0.36590999999999996,4305.1793862683335
2014-03-20,2014-04-18,1.38192,1.38122,1.0,bull_call,1.3681,1.39574,0.0566,0.015033,0.013113,-0.00192,-0.1277,0.012605,0.015033,False,0.36399,4283.1140029182325
2014-03-21,2014-04-21,1.37821,1.38152,1.0,bull_call,1.36443,1.39199,0.0569,0.014987,0.017095,0.002108,0.1406,0.012577,0.014987,True,0.366098,4307.339955054697
2014-04-04,2014-05-05,1.37238,1.38727,1.0,bull_call,1.35866,1.38611,0.0554,0.014957,0.027448,0.012491,0.8351,0.012491,0.014957,True,0.37858899999999995,4450.891363089126
2014-04-07,2014-05-06,1.37041,1.3876,1.0,bull_call,1.3567,1.38411,0.0436,0.015252,0.027408,0.012157,0.7971,0.012157,0.015252,True,0.3907459999999999,4590.604313811609
2014-04-10,2014-05-09,1.3855,1.38443,-1.0,bear_put,1.37165,1.3855,0.0496,0.00437,0.001074,-0.003296,-0.7542,0.009485,0.00437,False,0.3874499999999999,4552.72540572727
2014-04-11,2014-05-12,1.38864,1.37606,-1.0,bear_put,1.37475,1.38864,0.0488,0.004342,0.012573,0.008231,1.8957,0.009544,0.004342,True,0.3956809999999999,4647.3192444536635
2014-04-28,2014-05-27,1.38406,1.36513,-1.0,bear_put,1.37022,1.38406,0.0329,0.003303,0.013841,0.010538,3.1902,0.010538,0.003303,True,0.4062189999999999,4768.426020361661
2014-04-29,2014-05-28,1.38529,1.3637,-1.0,bear_put,1.37144,1.38529,0.033,0.003308,0.013853,0.010545,3.1881,0.010545,0.003308,True,0.4167639999999999,4889.613242979792
2014-05-01,2014-05-30,1.38692,1.36045,-1.0,bear_put,1.37305,1.38692,0.0367,0.003607,0.013869,0.010262,2.8447,0.010262,0.003607,True,0.4270259999999999,5007.548120031212
2014-05-02,2014-06-02,1.3871,1.36281,-1.0,bear_put,1.37323,1.3871,0.0358,0.003543,0.013871,0.010328,2.9153,0.010328,0.003543,True,0.4373539999999999,5126.241494635294
2014-05-07,2014-06-05,1.39307,1.36041,-1.0,bear_put,1.37914,1.39307,0.0338,0.003397,0.013931,0.010533,3.1006,0.010533,0.003397,True,0.4478869999999999,5247.290808607485
2014-05-12,2014-06-10,1.37606,1.35927,1.0,bull_call,1.3623,1.38983,0.0387,0.015484,0.0,-0.015484,-1.0,0.012038,0.015484,False,0.4324029999999999,5069.342685798655
2014-05-13,2014-06-11,1.37567,1.3541,1.0,bull_call,1.36191,1.38942,0.0377,0.015519,0.0,-0.015519,-1.0,0.011995,0.015519,False,0.4168839999999999,4890.992329439173
2014-05-14,2014-06-12,1.37095,1.35371,1.0,bull_call,1.35724,1.38466,0.0387,0.015426,0.0,-0.015426,-1.0,0.011993,0.015426,False,0.4014579999999999,4713.710765085711
2014-05-23,2014-06-23,1.36545,1.35931,1.0,bull_call,1.35179,1.3791,0.0386,0.015369,0.007511,-0.007858,-0.5113,0.01194,0.015369,False,0.39359999999999995,4623.403586770561
2014-05-26,2014-06-24,1.36288,1.36019,1.0,bull_call,1.34925,1.37651,0.0384,0.015346,0.010941,-0.004405,-0.287,0.011912,0.015346,False,0.38919499999999996,4572.779621324107
2014-05-29,2014-06-27,1.35934,1.3613,1.0,bull_call,1.34575,1.37294,0.0389,0.015288,0.015555,0.000267,0.0174,0.011899,0.015288,True,0.389462,4575.848088696231
2014-06-06,2014-07-07,1.36619,1.35884,-1.0,bear_put,1.35253,1.36619,0.0378,0.003637,0.007352,0.003715,1.0214,0.010025,0.003637,True,0.393177,4618.542307001243
2014-06-11,2014-07-10,1.3541,1.36429,1.0,bull_call,1.34056,1.36764,0.0332,0.015455,0.023738,0.008284,0.536,0.011627,0.015455,True,0.401461,4713.745242247196
2014-06-12,2014-07-11,1.35371,1.36051,1.0,bull_call,1.34017,1.36725,0.0317,0.015512,0.020333,0.004821,0.3108,0.011562,0.015512,True,0.40628200000000003,4769.150040752838
2014-06-30,2014-07-29,1.36444,1.34391,-1.0,bear_put,1.3508,1.36444,0.0354,0.003458,0.013644,0.010187,2.9459,0.010187,0.003458,True,0.41646900000000003,4886.2229887671465
2014-07-01,2014-07-30,1.36936,1.34111,-1.0,bear_put,1.35566,1.36936,0.0371,0.00359,0.013694,0.010103,2.8141,0.010103,0.00359,True,0.426572,5002.330576259888
2014-07-02,2014-07-31,1.36808,1.3396,-1.0,bear_put,1.3544,1.36808,0.0363,0.003533,0.013681,0.010148,2.8726,0.010148,0.003533,True,0.43672,5118.955321174897
2014-07-16,2014-08-14,1.3572,1.33679,1.0,bull_call,1.34363,1.37077,0.0333,0.015484,0.0,-0.015484,-1.0,0.01166,0.015484,False,0.421236,4941.007198366068
2014-07-17,2014-08-15,1.353,1.3364,1.0,bull_call,1.33947,1.36653,0.0342,0.015398,0.0,-0.015398,-1.0,0.011662,0.015398,False,0.405838,4764.047420853128
2014-07-18,2014-08-18,1.35188,1.33905,1.0,bull_call,1.33836,1.3654,0.0322,0.01547,0.000684,-0.014785,-0.9558,0.011568,0.01547,False,0.391053,4594.132476670194
2014-07-23,2014-08-21,1.3468,1.32605,1.0,bull_call,1.33333,1.36027,0.0345,0.015314,0.0,-0.015314,-1.0,0.011622,0.015314,False,0.375739,4418.138059678821
2014-08-06,2014-09-04,1.33724,1.3151,1.0,bull_call,1.32387,1.35061,0.0316,0.015328,0.0,-0.015328,-1.0,0.011417,0.015328,False,0.360411,4241.9827492671875
2014-08-08,2014-09-08,1.33583,1.29534,1.0,bull_call,1.32247,1.34919,0.0302,0.015375,0.0,-0.015375,-1.0,0.011341,0.015375,False,0.345036,4065.287296658962
2014-08-20,2014-09-18,1.3322,1.285,1.0,bull_call,1.31887,1.34552,0.0322,0.015246,0.0,-0.015246,-1.0,0.011398,0.015246,False,0.32979,3890.074361994572
2014-08-21,2014-09-19,1.32605,1.29201,1.0,bull_call,1.31279,1.33931,0.0325,0.01516,0.0,-0.01516,-1.0,0.011361,0.01516,False,0.31463,3715.849772626072
2014-08-25,2014-09-23,1.31987,1.28515,1.0,bull_call,1.30667,1.33307,0.0381,0.014873,0.0,-0.014873,-1.0,0.011525,0.014873,False,0.299757,3544.9234983729248
2014-08-26,2014-09-24,1.3189,1.2854,1.0,bull_call,1.30571,1.33208,0.0376,0.01488,0.0,-0.01488,-1.0,0.011498,0.01488,False,0.284877,3373.9167774096472
2014-09-05,2014-10-06,1.29328,1.25136,1.0,bull_call,1.28034,1.30621,0.0658,0.013898,0.0,-0.013898,-1.0,0.011968,0.013898,False,0.27097899999999997,3214.1955806389733
2014-09-08,2014-10-07,1.29534,1.26461,1.0,bull_call,1.28238,1.30829,0.0668,0.013905,0.0,-0.013905,-1.0,0.012002,0.013905,False,0.25707399999999997,3054.3939371581687
2014-09-09,2014-10-08,1.28911,1.2668,1.0,bull_call,1.27622,1.302,0.0652,0.013864,0.0,-0.013864,-1.0,0.011918,0.013864,False,0.24320999999999998,2895.063481550986
2014-09-18,2014-10-17,1.285,1.28044,1.0,bull_call,1.27215,1.29785,0.0735,0.013693,0.008292,-0.005401,-0.3944,0.012007,0.013693,False,0.237809,2832.9930984916678
2014-09-22,2014-10-21,1.28414,1.27953,1.0,bull_call,1.2713,1.29698,0.0779,0.013627,0.008224,-0.005403,-0.3965,0.012056,0.013627,False,0.232406,2770.8997306580263
2014-09-25,2014-10-24,1.27781,1.26541,1.0,bull_call,1.26503,1.29059,0.0783,0.013554,0.000376,-0.013178,-0.9723,0.012002,0.013554,False,0.219228,2619.4530526436397
2014-09-26,2014-10-27,1.27571,1.26767,1.0,bull_call,1.26295,1.28846,0.0776,0.013541,0.00472,-0.008821,-0.6514,0.011973,0.013541,False,0.210407,2518.078705491955
2014-09-29,2014-10-28,1.26731,1.27015,1.0,bull_call,1.25464,1.27999,0.0793,0.01343,0.015506,0.002076,0.1546,0.011916,0.01343,True,0.212483,2541.9369012392513
2014-10-01,2014-10-30,1.26283,1.26328,1.0,bull_call,1.25021,1.27546,0.0801,0.013374,0.013075,-0.000299,-0.0224,0.011882,0.013374,False,0.212184,2538.5006774779595
2014-10-06,2014-11-04,1.25136,1.24959,1.0,bull_call,1.23885,1.26387,0.0727,0.013346,0.010747,-0.0026,-0.1948,0.011681,0.013346,False,0.20958400000000002,2508.620470858032
2014-10-16,2014-11-14,1.28217,1.2476,-1.0,bear_put,1.26934,1.28217,0.1058,0.005302,0.012822,0.007519,1.4182,0.007519,0.005302,True,0.21710300000000002,2595.03172992543
2014-11-03,2014-12-02,1.25031,1.24701,1.0,bull_call,1.23781,1.26282,0.1063,0.012996,0.009198,-0.003799,-0.2923,0.01201,0.012996,False,0.21330400000000002,2551.372151098851
2014-11-04,2014-12-03,1.24959,1.23885,1.0,bull_call,1.2371,1.26209,0.0973,0.013061,0.001752,-0.011309,-0.8658,0.01193,0.013061,False,0.20199500000000004,2421.4047446893287
2014-11-07,2014-12-08,1.23801,1.22941,1.0,bull_call,1.22563,1.25039,0.0926,0.012982,0.003781,-0.009201,-0.7088,0.011778,0.012982,False,0.19279400000000002,2315.6632904162693
2014-11-19,2014-12-18,1.25334,1.2339,-1.0,bear_put,1.2408,1.25334,0.0805,0.004819,0.012533,0.007715,1.6011,0.007715,0.004819,True,0.20050900000000002,2404.3270573673235
2014-11-24,2014-12-23,1.2375,1.22237,1.0,bull_call,1.22513,1.24988,0.0885,0.013016,0.0,-0.013016,-1.0,0.011734,0.013016,False,0.18749300000000002,2254.742146073102
2014-12-04,2015-01-02,1.23166,1.20894,1.0,bull_call,1.21935,1.24398,0.0857,0.012982,0.0,-0.012982,-1.0,0.011651,0.012982,False,0.17451100000000003,2105.547975942372
2014-12-08,2015-01-06,1.22941,1.1939,1.0,bull_call,1.21711,1.2417,0.0861,0.012954,0.0,-0.012954,-1.0,0.011634,0.012954,False,0.16155700000000003,1956.6755926521641
2014-12-17,2015-01-15,1.2512,1.17859,-1.0,bear_put,1.23869,1.2512,0.0902,0.004972,0.012512,0.00754,1.5166,0.00754,0.004972,True,0.16909700000000003,2043.3281918499536
2014-12-22,2015-01-20,1.2226,1.1598,1.0,bull_call,1.21037,1.23482,0.1007,0.012751,0.0,-0.012751,-1.0,0.011701,0.012751,False,0.156346,1896.7887631535323
2015-01-01,2015-01-30,1.20986,1.13356,1.0,bull_call,1.19776,1.22196,0.0855,0.012755,0.0,-0.012755,-1.0,0.011443,0.012755,False,0.14359100000000002,1750.203364908465
2015-01-02,2015-02-02,1.20894,1.1309,1.0,bull_call,1.19685,1.22103,0.0838,0.012763,0.0,-0.012763,-1.0,0.011416,0.012763,False,0.13082800000000003,1603.5260275661055
2015-01-05,2015-02-03,1.19464,1.13417,1.0,bull_call,1.1827,1.20659,0.0884,0.012566,0.0,-0.012566,-1.0,0.011327,0.012566,False,0.11826200000000003,1459.1126904945638
2015-01-06,2015-02-04,1.1939,1.14574,1.0,bull_call,1.18196,1.20584,0.0859,0.012583,0.0,-0.012583,-1.0,0.011295,0.012583,False,0.10567900000000004,1314.5039828412764
2015-01-07,2015-02-05,1.18754,1.13187,1.0,bull_call,1.17566,1.19941,0.0862,0.012513,0.0,-0.012513,-1.0,0.011238,0.012513,False,0.09316600000000004,1170.6997422892946
2015-01-08,2015-02-06,1.1836,1.1472,1.0,bull_call,1.17176,1.19544,0.0809,0.012526,0.0,-0.012526,-1.0,0.011146,0.012526,False,0.08064000000000004,1026.7461007042132
2015-01-16,2015-02-16,1.16374,1.14,1.0,bull_call,1.1521,1.17538,0.0678,0.012478,0.0,-0.012478,-1.0,0.010797,0.012478,False,0.06816200000000004,883.3440937028842
2015-01-19,2015-02-17,1.1566,1.1334,1.0,bull_call,1.14504,1.16817,0.0687,0.012389,0.0,-0.012389,-1.0,0.010743,0.012389,False,0.055773000000000045,740.9649091589297
2015-01-23,2015-02-23,1.13467,1.13815,1.0,bull_call,1.12333,1.14602,0.1036,0.011813,0.014821,0.003008,0.2546,0.010881,0.011813,True,0.05878100000000004,775.5340097407535
2015-01-26,2015-02-24,1.11255,1.1333,1.0,bull_call,1.10142,1.12367,0.1162,0.011502,0.022251,0.010749,0.9345,0.010749,0.011502,True,0.06953000000000004,899.0656793398306
2015-02-27,2015-03-30,1.12054,1.08849,1.0,bull_call,1.10933,1.13174,0.1137,0.0116,0.0,-0.0116,-1.0,0.010811,0.0116,False,0.05793000000000004,765.7539882663079
2015-03-02,2015-03-31,1.1162,1.08302,1.0,bull_call,1.10503,1.12736,0.1128,0.011561,0.0,-0.011561,-1.0,0.010763,0.011561,False,0.046369000000000035,632.8905002920841
2015-03-05,2015-04-03,1.10821,1.08707,1.0,bull_call,1.09712,1.11929,0.1084,0.011505,0.0,-0.011505,-1.0,0.010659,0.011505,False,0.034864000000000034,500.670585998905
2015-03-06,2015-04-06,1.1032,1.10013,1.0,bull_call,1.09217,1.11424,0.1021,0.011496,0.007961,-0.003534,-0.3074,0.010569,0.011496,False,0.03133000000000003,460.05648977012663
2015-03-09,2015-04-07,1.0846,1.09348,1.0,bull_call,1.07375,1.09544,0.1012,0.011309,0.019729,0.008421,0.7446,0.010383,0.011309,True,0.03975100000000003,556.8338820572071
2015-03-10,2015-04-08,1.08334,1.08242,1.0,bull_call,1.07251,1.09417,0.0928,0.011358,0.009907,-0.001451,-0.1278,0.010309,0.011358,False,0.03830000000000003,540.1584282858553
2015-03-11,2015-04-09,1.07087,1.07853,1.0,bull_call,1.06016,1.08158,0.0976,0.011191,0.018366,0.007175,0.6412,0.010227,0.011191,True,0.04547500000000003,622.6163061696936
2015-03-12,2015-04-10,1.05487,1.06691,1.0,bull_call,1.04433,1.06542,0.106,0.010967,0.021097,0.010131,0.9238,0.010131,0.010967,True,0.05560600000000003,739.0456805029572
2015-03-24,2015-04-22,1.0945,1.07417,-1.0,bear_put,1.08355,1.0945,0.1743,0.004958,0.010945,0.005987,1.2076,0.005987,0.004958,True,0.06159300000000003,807.8506024389211
2015-04-10,2015-05-11,1.06691,1.11941,1.0,bull_call,1.05624,1.07757,0.1662,0.010814,0.021338,0.010524,0.9732,0.010524,0.010814,True,0.07211700000000003,928.7964849266583
2015-04-13,2015-05-12,1.06099,1.11444,1.0,bull_call,1.05038,1.0716,0.1656,0.010756,0.02122,0.010464,0.9729,0.010464,0.010756,True,0.08258100000000003,1049.0528241847048
2015-04-27,2015-05-26,1.0869,1.09712,-1.0,bear_put,1.07603,1.0869,0.1075,0.004511,0.0,-0.004511,-1.0,0.006358,0.004511,False,0.07807000000000003,997.2106656991308
2015-04-29,2015-05-28,1.09691,1.09,-1.0,bear_put,1.08594,1.09691,0.1096,0.004573,0.006911,0.002338,0.5112,0.006396,0.004573,True,0.08040800000000004,1024.0798668827424
2015-04-30,2015-05-29,1.11143,1.09603,-1.0,bear_put,1.10032,1.11143,0.1126,0.004661,0.011114,0.006453,1.3846,0.006453,0.004661,True,0.08686100000000004,1098.2402412359702
2015-05-01,2015-06-01,1.12147,1.09579,-1.0,bear_put,1.11025,1.12147,0.1154,0.004728,0.011215,0.006487,1.3721,0.006487,0.004728,True,0.09334800000000004,1172.7913567526894
2015-05-07,2015-06-05,1.13415,1.12079,-1.0,bear_put,1.12281,1.13415,0.1054,0.004686,0.011341,0.006655,1.4202,0.006655,0.004686,True,0.10000300000000004,1249.2731933125422
2015-05-14,2015-06-12,1.13505,1.12406,-1.0,bear_put,1.1237,1.13505,0.1041,0.004676,0.010985,0.006309,1.3492,0.006674,0.004676,True,0.10631200000000003,1321.7786639145122
2015-05-15,2015-06-15,1.1405,1.12199,-1.0,bear_put,1.12909,1.1405,0.1043,0.0047,0.011405,0.006705,1.4264,0.006705,0.0047,True,0.11301700000000003,1398.8351198324408
2015-05-18,2015-06-16,1.14451,1.1277,-1.0,bear_put,1.13306,1.14451,0.1031,0.004705,0.011445,0.00674,1.4325,0.00674,0.004705,True,0.11975700000000003,1476.293809301022
2015-05-25,2015-06-23,1.0993,1.13491,1.0,bull_call,1.08831,1.11029,0.1318,0.011283,0.021986,0.010703,0.9486,0.010703,0.011283,True,0.13046000000000002,1599.2968290906695
2015-06-03,2015-07-02,1.115,1.10336,-1.0,bear_put,1.10385,1.115,0.14,0.004878,0.01115,0.006272,1.2859,0.006272,0.004878,True,0.13673200000000002,1671.377081367664
2015-06-04,2015-07-03,1.12578,1.1087,-1.0,bear_put,1.11453,1.12578,0.1436,0.004946,0.011258,0.006311,1.276,0.006311,0.004946,True,0.14304300000000003,1743.905536743957
2015-06-18,2015-07-17,1.137,1.0886,-1.0,bear_put,1.12563,1.137,0.1276,0.004891,0.01137,0.006479,1.3248,0.006479,0.004891,True,0.14952200000000004,1818.3647131633843
2015-06-24,2015-07-23,1.11722,1.09271,1.0,bull_call,1.10605,1.12839,0.1331,0.01146,0.0,-0.01146,-1.0,0.010884,0.01146,False,0.13806200000000005,1686.6619562924732
2015-06-29,2015-07-28,1.0975,1.109,1.0,bull_call,1.08653,1.10848,0.1489,0.011189,0.02195,0.010761,0.9617,0.010761,0.011189,True,0.14882300000000004,1810.3315345374886
2015-07-16,2015-08-14,1.09436,1.1161,1.0,bull_call,1.08341,1.1053,0.151,0.011148,0.021887,0.010739,0.9632,0.010739,0.011148,True,0.15956200000000004,1933.7482802649504
2015-07-17,2015-08-17,1.0886,1.1093,1.0,bull_call,1.07772,1.09949,0.1444,0.011117,0.021772,0.010655,0.9585,0.010655,0.011117,True,0.17021700000000003,2056.1996654708455
2015-07-20,2015-08-18,1.08302,1.1078,1.0,bull_call,1.07219,1.09385,0.1446,0.011059,0.02166,0.010601,0.9586,0.010601,0.011059,True,0.18081800000000003,2178.0304617700194
2015-07-28,2015-08-26,1.109,1.15509,-1.0,bear_put,1.09791,1.109,0.1297,0.004785,0.0,-0.004785,-1.0,0.006306,0.004785,False,0.17603300000000002,2123.0393892021907
2015-08-12,2015-09-10,1.1042,1.12207,-1.0,bear_put,1.09316,1.1042,0.0796,0.00423,0.0,-0.00423,-1.0,0.006812,0.00423,False,0.171803,2074.426591509001
2015-08-13,2015-09-11,1.1161,1.12909,-1.0,bear_put,1.10494,1.1161,0.0875,0.004398,0.0,-0.004398,-1.0,0.006763,0.004398,False,0.167405,2023.8830727726775
2015-08-14,2015-09-14,1.1161,1.1344,-1.0,bear_put,1.10494,1.1161,0.0843,0.004351,0.0,-0.004351,-1.0,0.00681,0.004351,False,0.163054,1973.879696232945
2015-08-21,2015-09-21,1.1237,1.1292,-1.0,bear_put,1.11246,1.1237,0.0891,0.00445,0.0,-0.00445,-1.0,0.006787,0.00445,False,0.158604,1922.738573364223
2015-08-24,2015-09-22,1.1377,1.11909,-1.0,bear_put,1.12632,1.1377,0.0961,0.004596,0.011377,0.006781,1.4753,0.006781,0.004596,True,0.165385,2000.668450706426
2015-08-25,2015-09-23,1.15831,1.11207,-1.0,bear_put,1.14672,1.15831,0.1108,0.00484,0.011583,0.006743,1.3931,0.006743,0.00484,True,0.172128,2078.161617336492
2015-08-26,2015-09-24,1.15509,1.11899,-1.0,bear_put,1.14354,1.15509,0.1082,0.004801,0.011551,0.00675,1.4059,0.00675,0.004801,True,0.178878,2155.7352306766884
2015-09-14,2015-10-13,1.1344,1.13555,-1.0,bear_put,1.12306,1.1344,0.1306,0.0049,0.0,-0.0049,-1.0,0.006444,0.0049,False,0.17397800000000002,2099.422533585287
2015-09-18,2015-10-19,1.14009,1.13611,-1.0,bear_put,1.12869,1.14009,0.1296,0.004918,0.003989,-0.000928,-0.1888,0.006483,0.004918,False,0.17305,2088.757598299405
2015-09-23,2015-10-22,1.11207,1.1348,1.0,bull_call,1.10095,1.1232,0.1065,0.011558,0.022241,0.010683,0.9243,0.010683,0.011558,True,0.183733,2211.530770345822
2015-10-07,2015-11-05,1.1268,1.0868,-1.0,bear_put,1.11553,1.1268,0.0851,0.004405,0.011268,0.006863,1.558,0.006863,0.004405,True,0.19059600000000002,2290.4030234352695
2015-10-09,2015-11-09,1.12869,1.07334,-1.0,bear_put,1.11741,1.12869,0.0858,0.004423,0.011287,0.006864,1.5519,0.006864,0.004423,True,0.19746000000000002,2369.286768911878
2015-10-12,2015-11-10,1.137,1.07595,-1.0,bear_put,1.12563,1.137,0.0869,0.004471,0.01137,0.006899,1.5431,0.006899,0.004471,True,0.204359,2448.5727479391394
2015-10-15,2015-11-13,1.14755,1.0815,-1.0,bear_put,1.13608,1.14755,0.088,0.004529,0.011476,0.006947,1.5339,0.006947,0.004529,True,0.21130600000000002,2528.410361550153
2015-10-23,2015-11-23,1.10809,1.0641,1.0,bull_call,1.09701,1.11918,0.1086,0.011503,0.0,-0.011503,-1.0,0.010659,0.011503,False,0.199803,2396.213432031297
2015-10-26,2015-11-24,1.10204,1.0642,1.0,bull_call,1.09102,1.11306,0.11,0.011431,0.0,-0.011431,-1.0,0.010609,0.011431,False,0.188372,2264.84395438807
2015-11-05,2015-12-04,1.0868,1.0916,1.0,bull_call,1.07593,1.09767,0.1143,0.011247,0.015661,0.004414,0.3925,0.010489,0.011247,True,0.192786,2315.5713513189776
2015-11-09,2015-12-08,1.07334,1.0834,1.0,bull_call,1.06261,1.08407,0.1204,0.011074,0.020792,0.009718,0.8776,0.010393,0.011074,True,0.20250400000000002,2427.2543697545375
2015-11-30,2015-12-29,1.0583,1.09753,1.0,bull_call,1.04772,1.06888,0.0803,0.011206,0.021166,0.00996,0.8889,0.00996,0.011206,True,0.21246400000000001,2541.7185458831823
2015-12-04,2016-01-04,1.0916,1.0854,-1.0,bear_put,1.08068,1.0916,0.1286,0.004702,0.006197,0.001494,0.3178,0.006214,0.004702,True,0.213958,2558.8881723024792
2015-12-07,2016-01-05,1.0884,1.08275,-1.0,bear_put,1.07752,1.0884,0.129,0.004691,0.005645,0.000954,0.2033,0.006193,0.004691,True,0.21491200000000002,2569.85190965456
2015-12-10,2016-01-08,1.10179,1.0926,-1.0,bear_put,1.09078,1.10179,0.1264,0.00473,0.009197,0.004467,0.9444,0.006288,0.00473,True,0.21937900000000002,2621.188403105028
2016-01-01,2016-02-01,1.08591,1.08259,1.0,bull_call,1.07505,1.09677,0.125,0.011179,0.007544,-0.003635,-0.3252,0.010539,0.011179,False,0.21574400000000002,2579.4135757729373
2016-01-04,2016-02-02,1.0854,1.08973,1.0,bull_call,1.07455,1.09625,0.0754,0.011545,0.015183,0.003638,0.3151,0.010163,0.011545,True,0.21938200000000002,2621.2228802665127
2016-01-05,2016-02-03,1.08275,1.0922,1.0,bull_call,1.07193,1.09358,0.0752,0.011519,0.020276,0.008757,0.7602,0.010136,0.011519,True,0.228139,2721.8617146398606
2016-01-06,2016-02-04,1.0752,1.1091,1.0,bull_call,1.06445,1.08595,0.0773,0.011415,0.021504,0.010089,0.8838,0.010089,0.011415,True,0.238228,2837.8084087123407
2016-01-25,2016-02-23,1.0799,1.1028,1.0,bull_call,1.0691,1.0907,0.077,0.011469,0.021598,0.010129,0.8832,0.010129,0.011469,True,0.248357,2954.2147982712813
2016-02-04,2016-03-04,1.1091,1.09489,-1.0,bear_put,1.09801,1.1091,0.0974,0.004497,0.011091,0.006594,1.4664,0.006594,0.004497,True,0.254951,3029.995599214282
2016-02-05,2016-03-07,1.12,1.0994,-1.0,bear_put,1.1088,1.12,0.1016,0.004588,0.0112,0.006612,1.4412,0.006612,0.004588,True,0.261563,3105.9832631261897
2016-02-10,2016-03-10,1.129,1.0989,-1.0,bear_put,1.11771,1.129,0.0934,0.004528,0.01129,0.006762,1.4936,0.006762,0.004528,True,0.268325,3183.694785112324
2016-02-23,2016-03-23,1.1028,1.1223,1.0,bull_call,1.09178,1.11383,0.1017,0.011494,0.022056,0.010562,0.9189,0.010562,0.011494,True,0.278887,3305.077378312199
2016-02-29,2016-03-29,1.09239,1.12027,1.0,bull_call,1.08147,1.10332,0.1053,0.011361,0.021848,0.010487,0.9231,0.010487,0.011361,True,0.289374,3425.598042474961
2016-03-01,2016-03-30,1.0889,1.1292,1.0,bull_call,1.07801,1.09979,0.0995,0.011365,0.021778,0.010413,0.9162,0.010413,0.011365,True,0.299787,3545.2682699877705
2016-03-11,2016-04-11,1.11784,1.1403,-1.0,bear_put,1.10666,1.11784,0.0909,0.004451,0.0,-0.004451,-1.0,0.006727,0.004451,False,0.29533600000000004,3494.115654731887
2016-03-14,2016-04-12,1.11679,1.14129,-1.0,bear_put,1.10563,1.11679,0.0899,0.004434,0.0,-0.004434,-1.0,0.006734,0.004434,False,0.29090200000000005,3443.158410057749
2016-03-17,2016-04-15,1.12189,1.127,-1.0,bear_put,1.11067,1.12189,0.0931,0.004495,0.0,-0.004495,-1.0,0.006724,0.004495,False,0.286407,3391.5001297667586
2016-03-18,2016-04-18,1.1318,1.12999,-1.0,bear_put,1.12048,1.1318,0.0971,0.004584,0.001803,-0.002781,-0.6066,0.006734,0.004584,False,0.28362600000000004,3359.5398010705985
2016-03-31,2016-04-29,1.13347,1.13559,-1.0,bear_put,1.12213,1.13347,0.0899,0.004499,0.0,-0.004499,-1.0,0.006835,0.004499,False,0.27912700000000007,3307.835551230962
2016-04-01,2016-05-02,1.13797,1.1463,-1.0,bear_put,1.12659,1.13797,0.0896,0.004513,0.0,-0.004513,-1.0,0.006866,0.004513,False,0.2746140000000001,3255.970407971065
2016-04-04,2016-05-03,1.139,1.1525,-1.0,bear_put,1.12761,1.139,0.0877,0.004491,0.0,-0.004491,-1.0,0.006899,0.004491,False,0.27012300000000006,3204.358097228721
2016-04-14,2016-05-13,1.1279,1.1377,1.0,bull_call,1.11663,1.13918,0.0735,0.012019,0.02107,0.009051,0.753,0.010539,0.012019,True,0.27917400000000003,3308.3756934275525
2016-04-15,2016-05-16,1.127,1.1317,1.0,bull_call,1.11573,1.13827,0.0656,0.012114,0.015964,0.00385,0.3178,0.010426,0.012114,True,0.28302400000000005,3352.621383999369
2016-05-02,2016-05-31,1.1463,1.11484,-1.0,bear_put,1.13484,1.1463,0.0622,0.004021,0.011463,0.007442,1.8506,0.007442,0.004021,True,0.29046600000000006,3438.1477292553304
2016-05-03,2016-06-01,1.1525,1.1136,-1.0,bear_put,1.14097,1.1525,0.0646,0.004105,0.011525,0.00742,1.8075,0.00742,0.004105,True,0.29788600000000004,3523.4212419937385
2016-05-16,2016-06-14,1.1317,1.1291,1.0,bull_call,1.12038,1.14301,0.0673,0.012141,0.008723,-0.003418,-0.2815,0.010493,0.012141,False,0.29446800000000006,3484.140262675696
2016-05-19,2016-06-17,1.1223,1.1252,1.0,bull_call,1.11107,1.13352,0.0704,0.011999,0.014127,0.002129,0.1774,0.010447,0.011999,True,0.29659700000000006,3508.6075549425514
2016-05-20,2016-06-20,1.1206,1.13491,1.0,bull_call,1.10939,1.1318,0.0688,0.012001,0.022412,0.010411,0.8675,0.010411,0.012001,True,0.30700800000000006,3628.2547976810383
2016-05-25,2016-06-23,1.1138,1.13282,1.0,bull_call,1.10266,1.12493,0.0698,0.011916,0.022276,0.01036,0.8694,0.01036,0.011916,True,0.31736800000000004,3747.3159286742875
2016-06-06,2016-07-05,1.1351,1.1146,-1.0,bear_put,1.12375,1.1351,0.0886,0.004489,0.011351,0.006862,1.5288,0.006862,0.004489,True,0.32423,3826.176689376573
2016-06-07,2016-07-06,1.1364,1.1065,-1.0,bear_put,1.12504,1.1364,0.0886,0.004493,0.011364,0.006871,1.529,0.006871,0.004493,True,0.33110100000000003,3905.140881563312
2016-06-27,2016-07-26,1.10359,1.09912,1.0,bull_call,1.09256,1.11463,0.1349,0.011312,0.00656,-0.004752,-0.4201,0.01076,0.011312,False,0.32634900000000006,3850.529057771814
2016-06-28,2016-07-27,1.1015,1.09878,1.0,bull_call,1.09049,1.11252,0.1328,0.011301,0.008292,-0.003009,-0.2663,0.010729,0.011301,False,0.32334000000000007,3815.9484648028297
2016-07-20,2016-08-18,1.10136,1.12989,1.0,bull_call,1.09034,1.11237,0.1069,0.011444,0.022027,0.010583,0.9248,0.010583,0.011444,True,0.3339230000000001,3937.5723981330957
2016-07-25,2016-08-23,1.09704,1.13193,1.0,bull_call,1.08607,1.10802,0.1029,0.011426,0.021941,0.010515,0.9203,0.010515,0.011426,True,0.3444380000000001,4058.41484913638
2016-08-01,2016-08-30,1.11681,1.11928,-1.0,bear_put,1.10564,1.11681,0.0616,0.003901,0.0,-0.003901,-1.0,0.007267,0.003901,False,0.3405370000000001,4013.583046819327
2016-08-02,2016-08-31,1.11681,1.11532,-1.0,bear_put,1.10564,1.11681,0.0612,0.00389,0.001482,-0.002408,-0.6189,0.007278,0.00389,False,0.33812900000000007,3985.9093785344094
2016-08-03,2016-09-01,1.12191,1.11607,-1.0,bear_put,1.11069,1.12191,0.063,0.003954,0.005835,0.001881,0.4757,0.007265,0.003954,True,0.3400100000000001,4007.526558785211
2016-08-17,2016-09-15,1.1276,1.12473,-1.0,bear_put,1.11632,1.1276,0.0698,0.004134,0.002866,-0.001268,-0.3067,0.007142,0.004134,False,0.3387420000000001,3992.954211864416
2016-08-18,2016-09-16,1.12989,1.12459,-1.0,bear_put,1.11859,1.12989,0.0662,0.004062,0.005299,0.001237,0.3046,0.007237,0.004062,True,0.3399790000000001,4007.1702947832036
2016-08-19,2016-09-19,1.13494,1.11585,-1.0,bear_put,1.1236,1.13494,0.0671,0.0041,0.011349,0.007249,1.768,0.007249,0.0041,True,0.3472280000000001,4090.4786093169937
2016-08-29,2016-09-27,1.11995,1.12499,1.0,bull_call,1.10875,1.13115,0.0712,0.011963,0.016239,0.004277,0.3575,0.010436,0.011963,True,0.35150500000000007,4139.631549206774
2016-08-30,2016-09-28,1.11928,1.12196,1.0,bull_call,1.10809,1.13047,0.0665,0.012018,0.013868,0.001849,0.1539,0.010367,0.012018,True,0.35335400000000006,4160.880973068407
2016-08-31,2016-09-29,1.11532,1.1225,1.0,bull_call,1.10417,1.12648,0.0677,0.011959,0.018327,0.006368,0.5324,0.010347,0.011959,True,0.35972200000000004,4234.064494512906
2016-09-09,2016-10-10,1.12714,1.1197,-1.0,bear_put,1.11587,1.12714,0.0666,0.00406,0.007446,0.003386,0.8338,0.007211,0.00406,True,0.36310800000000004,4272.977717441781
2016-09-19,2016-10-18,1.11585,1.10156,1.0,bull_call,1.10469,1.12701,0.0617,0.012053,0.0,-0.012053,-1.0,0.010264,0.012053,False,0.35105500000000006,4134.4599749840945
2016-09-21,2016-10-20,1.1154,1.09751,1.0,bull_call,1.10425,1.12655,0.0606,0.012066,0.0,-0.012066,-1.0,0.010242,0.012066,False,0.33898900000000004,3995.792831493308
2016-10-07,2016-11-07,1.11445,1.11012,1.0,bull_call,1.10331,1.1256,0.0451,0.012366,0.006814,-0.005551,-0.4489,0.009923,0.012366,False,0.333438,3931.9985903597626
2016-10-11,2016-11-09,1.11408,1.1019,1.0,bull_call,1.10294,1.12522,0.0494,0.012261,0.0,-0.012261,-1.0,0.01002,0.012261,False,0.321177,3791.0904313724814
2016-10-12,2016-11-10,1.10619,1.09206,1.0,bull_call,1.09513,1.11726,0.0545,0.012073,0.0,-0.012073,-1.0,0.010051,0.012073,False,0.309104,3652.342841171564
2016-10-13,2016-11-11,1.10119,1.08897,1.0,bull_call,1.09018,1.1122,0.0558,0.011994,0.0,-0.011994,-1.0,0.01003,0.011994,False,0.29711,3514.5031495564062
2016-10-17,2016-11-15,1.09678,1.07504,1.0,bull_call,1.08581,1.10775,0.0609,0.01186,0.0,-0.01186,-1.0,0.010076,0.01186,False,0.28525,3378.2034378208905
2016-10-24,2016-11-22,1.08826,1.06389,1.0,bull_call,1.07738,1.09914,0.0577,0.011819,0.0,-0.011819,-1.0,0.009946,0.011819,False,0.273431,3242.3749139589972
2016-10-25,2016-11-23,1.08755,1.06338,1.0,bull_call,1.07667,1.09842,0.056,0.011842,0.0,-0.011842,-1.0,0.009909,0.011842,False,0.26158899999999996,3106.2820651923885
2016-11-02,2016-12-01,1.10571,1.05921,-1.0,bear_put,1.09465,1.10571,0.0712,0.004083,0.011057,0.006974,1.7083,0.006974,0.004083,True,0.26856299999999994,3186.429973256763
2016-11-03,2016-12-02,1.10975,1.06631,-1.0,bear_put,1.09866,1.10975,0.0727,0.004128,0.011098,0.00697,1.6883,0.00697,0.004128,True,0.2755329999999999,3266.5319117724916
2016-11-11,2016-12-12,1.08897,1.05474,1.0,bull_call,1.07808,1.09986,0.0697,0.011651,0.0,-0.011651,-1.0,0.010128,0.011651,False,0.2638819999999999,3132.6341089537314
2016-11-14,2016-12-13,1.08249,1.06417,1.0,bull_call,1.07166,1.09331,0.0705,0.011571,0.0,-0.011571,-1.0,0.010078,0.011571,False,0.2523109999999999,2999.6556971078926
2016-11-15,2016-12-14,1.07504,1.06293,1.0,bull_call,1.06429,1.08579,0.0699,0.011499,0.0,-0.011499,-1.0,0.010002,0.011499,False,0.2408119999999999,2867.5047371376827
2016-11-16,2016-12-15,1.07273,1.05141,1.0,bull_call,1.062,1.08346,0.0673,0.011508,0.0,-0.011508,-1.0,0.009946,0.011508,False,0.2293039999999999,2735.250345683019
2016-12-06,2017-01-04,1.07573,1.04199,-1.0,bear_put,1.06497,1.07573,0.0985,0.004373,0.010757,0.006384,1.4598,0.006384,0.004373,True,0.2356879999999999,2808.6177453221026
2016-12-08,2017-01-06,1.07619,1.06059,-1.0,bear_put,1.06543,1.07619,0.0997,0.004388,0.010762,0.006374,1.4526,0.006374,0.004388,True,0.2420619999999999,2881.870221089571
2016-12-15,2017-01-13,1.05141,1.06168,1.0,bull_call,1.0409,1.06193,0.1144,0.01088,0.020784,0.009903,0.9102,0.010148,0.01088,True,0.2519649999999999,2995.67933115001
2016-12-16,2017-01-16,1.04188,1.06287,1.0,bull_call,1.03146,1.0523,0.1178,0.010763,0.020838,0.010075,0.936,0.010075,0.010763,True,0.2620399999999999,3111.465131802229
2016-12-30,2017-01-30,1.05753,1.0714,-1.0,bear_put,1.04695,1.05753,0.123,0.004516,0.0,-0.004516,-1.0,0.006059,0.004516,False,0.25752399999999986,3059.565511380847
2017-01-06,2017-02-06,1.06059,1.07829,-1.0,bear_put,1.04999,1.06059,0.1135,0.004455,0.0,-0.004455,-1.0,0.006151,0.004455,False,0.2530689999999999,3008.366926576318
2017-01-18,2017-02-16,1.06968,1.06074,-1.0,bear_put,1.05898,1.06968,0.0915,0.004267,0.008941,0.004674,1.0953,0.00643,0.004267,True,0.2577429999999999,3062.0823441692182
2017-01-23,2017-02-21,1.07138,1.06094,-1.0,bear_put,1.06066,1.07138,0.0958,0.004325,0.010435,0.006109,1.4124,0.006388,0.004325,True,0.26385199999999986,3132.289337338886
2017-01-24,2017-02-22,1.07608,1.05421,-1.0,bear_put,1.06532,1.07608,0.0964,0.004351,0.010761,0.006409,1.4729,0.006409,0.004351,True,0.27026099999999986,3205.944046657007
2017-02-01,2017-03-02,1.08038,1.05359,-1.0,bear_put,1.06958,1.08038,0.0839,0.004206,0.010804,0.006597,1.5685,0.006597,0.004206,True,0.2768579999999999,3281.7593247614927
2017-02-10,2017-03-13,1.06586,1.069,1.0,bull_call,1.0552,1.07652,0.0712,0.011385,0.013803,0.002418,0.2124,0.009932,0.011385,True,0.27927599999999986,3309.5479169180253
2017-02-13,2017-03-14,1.06195,1.06514,1.0,bull_call,1.05133,1.07257,0.0723,0.011331,0.013809,0.002478,0.2187,0.009908,0.011331,True,0.28175399999999984,3338.026052304248
2017-02-14,2017-03-15,1.05985,1.06124,1.0,bull_call,1.04925,1.07045,0.0725,0.011306,0.011993,0.000687,0.0608,0.009891,0.011306,True,0.28244099999999983,3345.921322284206
2017-02-22,2017-03-23,1.05421,1.07902,1.0,bull_call,1.04367,1.06475,0.0642,0.011351,0.021084,0.009733,0.8575,0.009733,0.011351,True,0.2921739999999998,3457.776726527188
2017-03-03,2017-04-03,1.05097,1.06688,1.0,bull_call,1.04046,1.06148,0.0516,0.011524,0.021019,0.009496,0.824,0.009496,0.011524,True,0.3016699999999998,3566.908435012893
2017-03-06,2017-04-04,1.06204,1.06701,-1.0,bear_put,1.05142,1.06204,0.0656,0.003804,0.0,-0.003804,-1.0,0.006816,0.003804,False,0.29786599999999985,3523.1913942505066
2017-03-13,2017-04-11,1.069,1.05976,-1.0,bear_put,1.05831,1.069,0.0731,0.003983,0.009244,0.005262,1.3212,0.006707,0.003983,True,0.30312799999999984,3583.6643354943753
2017-03-16,2017-04-14,1.07379,1.06164,-1.0,bear_put,1.06305,1.07379,0.0839,0.00418,0.010738,0.006558,1.569,0.006558,0.00418,True,0.30968599999999985,3659.0314104995614
2017-03-17,2017-04-17,1.07747,1.06105,-1.0,bear_put,1.0667,1.07747,0.0841,0.004198,0.010775,0.006577,1.5669,0.006577,0.004198,True,0.31626299999999985,3734.6168408608164
2017-03-31,2017-05-01,1.06871,1.09075,1.0,bull_call,1.05802,1.07939,0.0881,0.011244,0.021374,0.01013,0.901,0.01013,0.011244,True,0.3263929999999998,3851.0347228069186
2017-04-03,2017-05-02,1.06688,1.09089,1.0,bull_call,1.05621,1.07755,0.0878,0.011227,0.021338,0.01011,0.9005,0.01011,0.011227,True,0.33650299999999983,3967.2227570097903
2017-04-19,2017-05-18,1.07287,1.11564,-1.0,bear_put,1.06214,1.07287,0.0675,0.003884,0.0,-0.003884,-1.0,0.006844,0.003884,False,0.33261899999999983,3922.586325274483
2017-04-24,2017-05-23,1.08739,1.12389,-1.0,bear_put,1.07652,1.08739,0.0815,0.004196,0.0,-0.004196,-1.0,0.006678,0.004196,False,0.32842299999999985,3874.3642687447855
2017-04-25,2017-05-24,1.08648,1.11793,-1.0,bear_put,1.07562,1.08648,0.0789,0.004151,0.0,-0.004151,-1.0,0.006714,0.004151,False,0.32427199999999984,3826.6593696373548
2017-04-26,2017-05-25,1.09282,1.12309,-1.0,bear_put,1.0819,1.09282,0.0813,0.004215,0.0,-0.004215,-1.0,0.006714,0.004215,False,0.3200569999999998,3778.2189577515874
2017-05-05,2017-06-05,1.09815,1.12808,-1.0,bear_put,1.08717,1.09815,0.0813,0.004235,0.0,-0.004235,-1.0,0.006746,0.004235,False,0.3158219999999998,3729.54869812259
2017-05-17,2017-06-15,1.1094,1.12158,-1.0,bear_put,1.0983,1.1094,0.0841,0.004322,0.0,-0.004322,-1.0,0.006772,0.004322,False,0.31149999999999983,3679.8786008105417
2017-05-18,2017-06-16,1.11564,1.11469,-1.0,bear_put,1.10448,1.11564,0.0824,0.00432,0.000945,-0.003375,-0.7812,0.006836,0.00432,False,0.3081249999999998,3641.0917941404427
2017-05-22,2017-06-20,1.12049,1.11445,-1.0,bear_put,1.10928,1.12049,0.0867,0.004404,0.006031,0.001627,0.3695,0.006801,0.004404,True,0.3097519999999998,3659.78990805222
2017-06-05,2017-07-04,1.12808,1.13714,-1.0,bear_put,1.1168,1.12808,0.0758,0.004255,0.0,-0.004255,-1.0,0.007026,0.004255,False,0.3054969999999998,3610.889800679993
2017-06-16,2017-07-18,1.11469,1.14743,1.0,bull_call,1.10354,1.12584,0.067,0.011962,0.022294,0.010331,0.8637,0.010331,0.011962,True,0.3158279999999998,3729.617652445558
2017-06-28,2017-07-28,1.13392,1.16887,-1.0,bear_put,1.12258,1.13392,0.0758,0.004277,0.0,-0.004277,-1.0,0.007062,0.004277,False,0.3115509999999998,3680.4647125557776
2017-06-29,2017-07-31,1.13827,1.17473,-1.0,bear_put,1.12688,1.13827,0.0758,0.004293,0.0,-0.004293,-1.0,0.007089,0.004293,False,0.3072579999999998,3631.127894471413
2017-06-30,2017-08-01,1.14416,1.18241,-1.0,bear_put,1.13272,1.14416,0.0748,0.004296,0.0,-0.004296,-1.0,0.007146,0.004296,False,0.3029619999999998,3581.7565992255636
2017-07-12,2017-08-10,1.14739,1.17615,-1.0,bear_put,1.13592,1.14739,0.0757,0.004326,0.0,-0.004326,-1.0,0.007148,0.004326,False,0.2986359999999998,3532.0405323648693
2017-07-17,2017-08-15,1.14754,1.17758,-1.0,bear_put,1.13606,1.14754,0.0809,0.004419,0.0,-0.004419,-1.0,0.007057,0.004419,False,0.2942169999999998,3481.2556734981536
2017-07-19,2017-08-17,1.15497,1.17743,-1.0,bear_put,1.14342,1.15497,0.0775,0.004388,0.0,-0.004388,-1.0,0.007162,0.004388,False,0.2898289999999998,3430.8270786334456
2017-07-21,2017-08-21,1.16287,1.17563,-1.0,bear_put,1.15124,1.16287,0.0775,0.004417,0.0,-0.004417,-1.0,0.007211,0.004417,False,0.2854119999999998,3380.065204541053
2017-07-24,2017-08-22,1.16817,1.1812,-1.0,bear_put,1.15649,1.16817,0.0779,0.004446,0.0,-0.004446,-1.0,0.007236,0.004446,False,0.28096599999999977,3328.970051220977
2017-08-01,2017-08-30,1.18241,1.19705,-1.0,bear_put,1.17059,1.18241,0.0721,0.004385,0.0,-0.004385,-1.0,0.007439,0.004385,False,0.27658099999999974,3278.5759335177527
2017-08-03,2017-09-01,1.18511,1.19104,-1.0,bear_put,1.17326,1.18511,0.0685,0.004315,0.0,-0.004315,-1.0,0.007536,0.004315,False,0.27226599999999973,3228.9862829158346
2017-08-04,2017-09-04,1.1885,1.18828,-1.0,bear_put,1.17661,1.1885,0.0677,0.004308,0.000212,-0.004096,-0.9509,0.007577,0.004308,False,0.26816999999999974,3181.9134651022873
2017-08-18,2017-09-18,1.17155,1.19372,1.0,bull_call,1.15983,1.18327,0.0736,0.012483,0.023431,0.010948,0.877,0.010948,0.012483,True,0.27911799999999976,3307.7321197465053
2017-08-28,2017-09-26,1.19519,1.18556,-1.0,bear_put,1.18323,1.19519,0.0779,0.004549,0.009621,0.005073,1.1152,0.007403,0.004549,True,0.28419099999999975,3366.0329998168486
2017-08-29,2017-09-27,1.19639,1.17861,-1.0,bear_put,1.18442,1.19639,0.0766,0.004528,0.011964,0.007436,1.6422,0.007436,0.004528,True,0.29162699999999975,3451.4903907498406
2017-09-08,2017-10-09,1.20291,1.17425,-1.0,bear_put,1.19088,1.20291,0.073,0.00448,0.012029,0.007549,1.6851,0.007549,0.00448,True,0.2991759999999998,3538.246421432085
2017-09-21,2017-10-20,1.18721,1.18481,1.0,bull_call,1.17534,1.19908,0.0798,0.012577,0.009467,-0.00311,-0.2473,0.011167,0.012577,False,0.2960659999999998,3502.5050973597863
2017-09-26,2017-10-25,1.18556,1.1759,1.0,bull_call,1.17371,1.19742,0.0709,0.012668,0.002194,-0.010473,-0.8268,0.011043,0.012668,False,0.28559299999999976,3382.145326617286
2017-09-27,2017-10-26,1.17861,1.18208,1.0,bull_call,1.16682,1.19039,0.0732,0.012564,0.015255,0.002691,0.2142,0.011008,0.012564,True,0.28828399999999976,3413.071340468911
2017-09-28,2017-10-27,1.17496,1.16372,1.0,bull_call,1.16321,1.18671,0.0735,0.012521,0.00051,-0.012011,-0.9593,0.010978,0.012521,False,0.27627299999999977,3275.0362782720076
2017-10-11,2017-11-09,1.18149,1.15969,-1.0,bear_put,1.16967,1.18149,0.0709,0.004355,0.011815,0.00746,1.713,0.00746,0.004355,True,0.2837329999999998,3360.769486496877
2017-10-12,2017-11-10,1.18655,1.16469,-1.0,bear_put,1.17468,1.18655,0.0726,0.004411,0.011865,0.007455,1.6902,0.007455,0.004411,True,0.2911879999999998,3446.4452327859385
2017-10-27,2017-11-28,1.16372,1.19049,1.0,bull_call,1.15209,1.17536,0.0794,0.012332,0.023274,0.010942,0.8873,0.010942,0.012332,True,0.3021299999999998,3572.194933107187
2017-10-30,2017-11-29,1.16046,1.18481,1.0,bull_call,1.14885,1.17206,0.0789,0.012303,0.023209,0.010906,0.8865,0.010906,0.012303,True,0.3130359999999998,3697.5309074906213
2017-11-15,2017-12-15,1.17929,1.1775,-1.0,bear_put,1.16749,1.17929,0.0836,0.004586,0.001791,-0.002795,-0.6094,0.007207,0.004586,False,0.3102409999999998,3665.4096853742
2017-11-17,2017-12-18,1.17775,1.17436,-1.0,bear_put,1.16597,1.17775,0.0835,0.004578,0.003389,-0.001189,-0.2598,0.0072,0.004578,False,0.3090519999999998,3651.745237039164
2017-11-24,2017-12-25,1.1854,1.18561,-1.0,bear_put,1.17354,1.1854,0.0819,0.004581,0.0,-0.004581,-1.0,0.007272,0.004581,False,0.3044709999999998,3599.0986114522834
2017-11-27,2017-12-26,1.19265,1.18725,-1.0,bear_put,1.18072,1.19265,0.0826,0.004621,0.005395,0.000773,0.1674,0.007305,0.004621,True,0.30524399999999985,3607.9822267281315
2017-12-07,2018-01-05,1.18043,1.20688,1.0,bull_call,1.16862,1.19223,0.062,0.012746,0.023609,0.010862,0.8522,0.010862,0.012746,True,0.31610599999999983,3732.812536076459
2017-12-08,2018-01-08,1.17722,1.20375,1.0,bull_call,1.16545,1.18899,0.0629,0.012697,0.023544,0.010848,0.8544,0.010848,0.012697,True,0.32695399999999986,3857.481952004526
2017-12-11,2018-01-09,1.177,1.19705,1.0,bull_call,1.16523,1.18877,0.0628,0.012695,0.02354,0.010845,0.8543,0.010845,0.012695,True,0.33779899999999985,3982.1168907711085
2017-12-20,2018-01-18,1.18413,1.2184,-1.0,bear_put,1.17229,1.18413,0.0619,0.004145,0.0,-0.004145,-1.0,0.007697,0.004145,False,0.33365399999999984,3934.480945986647
2017-12-21,2018-01-19,1.18782,1.22366,-1.0,bear_put,1.17594,1.18782,0.0625,0.004175,0.0,-0.004175,-1.0,0.007703,0.004175,False,0.32947899999999986,3886.50022958734
2017-12-29,2018-01-29,1.19417,1.24281,-1.0,bear_put,1.18223,1.19417,0.0536,0.003916,0.0,-0.003916,-1.0,0.008025,0.003916,False,0.3255629999999999,3841.4960414628654
2018-01-01,2018-01-30,1.20049,1.23811,-1.0,bear_put,1.18849,1.20049,0.0549,0.003985,0.0,-0.003985,-1.0,0.00802,0.003985,False,0.32157799999999986,3795.6988786242455
2018-01-02,2018-01-31,1.20116,1.24096,-1.0,bear_put,1.18915,1.20116,0.0533,0.003929,0.0,-0.003929,-1.0,0.008082,0.003929,False,0.31764899999999985,3750.5452894666705
2018-01-03,2018-02-01,1.20635,1.24187,-1.0,bear_put,1.19428,1.20635,0.0548,0.004001,0.0,-0.004001,-1.0,0.008063,0.004001,False,0.31364799999999987,3704.564248433466
2018-01-15,2018-02-13,1.21923,1.23038,-1.0,bear_put,1.20704,1.21923,0.0689,0.00445,0.0,-0.00445,-1.0,0.007743,0.00445,False,0.30919799999999986,3653.423125564744
2018-01-16,2018-02-14,1.22684,1.23538,-1.0,bear_put,1.21457,1.22684,0.0688,0.004474,0.0,-0.004474,-1.0,0.007795,0.004474,False,0.3047239999999999,3602.0061854041464
2018-01-17,2018-02-15,1.22713,1.24673,-1.0,bear_put,1.21486,1.22713,0.0689,0.004477,0.0,-0.004477,-1.0,0.007794,0.004477,False,0.3002469999999999,3550.554768082063
2018-01-25,2018-02-23,1.23911,1.23267,-1.0,bear_put,1.22672,1.23911,0.0759,0.004675,0.006446,0.001771,0.3787,0.007716,0.004675,True,0.3020179999999999,3570.9077857450993
2018-01-26,2018-02-26,1.23923,1.22871,-1.0,bear_put,1.22684,1.23923,0.076,0.004677,0.010522,0.005844,1.2495,0.007715,0.004677,True,0.3078619999999999,3638.069296316967
2018-01-29,2018-02-27,1.24281,1.23156,-1.0,bear_put,1.23038,1.24281,0.0758,0.004689,0.01125,0.006561,1.3994,0.007739,0.004689,True,0.3144229999999999,3713.4708484836374
2018-02-02,2018-03-05,1.251,1.23154,-1.0,bear_put,1.23849,1.251,0.0762,0.004727,0.01251,0.007783,1.6463,0.007783,0.004727,True,0.3222059999999999,3802.916097761674
2018-02-08,2018-03-09,1.22681,1.23066,1.0,bull_call,1.21455,1.23908,0.0855,0.012933,0.016118,0.003185,0.2463,0.011603,0.012933,True,0.3253909999999999,3839.5193508710854
2018-02-09,2018-03-12,1.22608,1.23088,1.0,bull_call,1.21382,1.23834,0.0857,0.012924,0.01706,0.004136,0.3201,0.011598,0.012924,True,0.32952699999999985,3887.0518641710933
2018-02-16,2018-03-19,1.25036,1.22808,-1.0,bear_put,1.23786,1.25036,0.072,0.004635,0.012504,0.007868,1.6975,0.007868,0.004635,True,0.33739499999999983,3977.473966357858
2018-03-07,2018-04-05,1.24167,1.22868,-1.0,bear_put,1.22925,1.24167,0.0793,0.004752,0.012417,0.007665,1.613,0.007665,0.004752,True,0.3450599999999998,4065.563113950836
2018-03-21,2018-04-19,1.22519,1.23791,1.0,bull_call,1.21294,1.23744,0.0737,0.013054,0.024504,0.01145,0.8771,0.01145,0.013054,True,0.3565099999999998,4197.1509469501325
2018-03-27,2018-04-25,1.24575,1.22414,-1.0,bear_put,1.23329,1.24575,0.0793,0.004768,0.012457,0.00769,1.6128,0.00769,0.004768,True,0.3641999999999998,4285.527404222148
2018-04-11,2018-05-10,1.23631,1.18472,-1.0,bear_put,1.22394,1.23631,0.0696,0.004529,0.012363,0.007834,1.7299,0.007834,0.004529,True,0.3720339999999998,4375.558765245422
2018-04-12,2018-05-11,1.23716,1.19175,-1.0,bear_put,1.22479,1.23716,0.068,0.004493,0.012372,0.007879,1.7536,0.007879,0.004493,True,0.37991299999999983,4466.107283690964
2018-04-23,2018-05-22,1.22734,1.17925,1.0,bull_call,1.21507,1.23961,0.0583,0.013318,0.0,-0.013318,-1.0,0.011229,0.013318,False,0.36659499999999984,4313.051671473966
2018-04-24,2018-05-23,1.2209,1.17886,1.0,bull_call,1.20869,1.23311,0.0601,0.013217,0.0,-0.013217,-1.0,0.011201,0.013217,False,0.35337799999999986,4161.156790360282
2018-04-26,2018-05-25,1.21717,1.17226,1.0,bull_call,1.205,1.22934,0.0538,0.013299,0.0,-0.013299,-1.0,0.011045,0.013299,False,0.34007899999999985,4008.3195334993525
2018-04-27,2018-05-28,1.21096,1.16889,1.0,bull_call,1.19885,1.22307,0.05,0.013315,0.0,-0.013315,-1.0,0.010904,0.013315,False,0.32676399999999983,3855.2983984438392
2018-05-02,2018-05-31,1.19916,1.16673,1.0,bull_call,1.18716,1.21115,0.0556,0.013064,0.0,-0.013064,-1.0,0.010919,0.013064,False,0.3136999999999998,3705.1618525658646
2018-05-03,2018-06-01,1.1951,1.16932,1.0,bull_call,1.18315,1.20705,0.0562,0.013009,0.0,-0.013009,-1.0,0.010893,0.013009,False,0.3006909999999998,3555.6573879817734
2018-05-09,2018-06-07,1.18679,1.17855,1.0,bull_call,1.17492,1.19866,0.0552,0.012938,0.00363,-0.009309,-0.7195,0.010797,0.012938,False,0.2913819999999998,3448.6747558952716
2018-05-16,2018-06-14,1.18209,1.18078,1.0,bull_call,1.17027,1.19391,0.0615,0.012773,0.010509,-0.002264,-0.1772,0.010869,0.012773,False,0.2891179999999998,3422.6559913616115
2018-05-21,2018-06-19,1.17666,1.16307,1.0,bull_call,1.1649,1.18843,0.0609,0.012723,0.0,-0.012723,-1.0,0.01081,0.012723,False,0.27639499999999984,3276.4383495057127
2018-05-24,2018-06-22,1.17102,1.16058,1.0,bull_call,1.1593,1.18273,0.0605,0.012669,0.001273,-0.011396,-0.8995,0.010752,0.012669,False,0.2649989999999998,3145.471105413138
2018-05-29,2018-06-27,1.1627,1.16503,1.0,bull_call,1.15107,1.17432,0.0593,0.012599,0.013957,0.001357,0.1077,0.010654,0.012599,True,0.2663559999999998,3161.066274791308
2018-05-30,2018-06-28,1.15393,1.15636,1.0,bull_call,1.1424,1.16547,0.0622,0.012456,0.013968,0.001512,0.1214,0.010623,0.012456,True,0.26786799999999983,3178.442764179512
2018-06-07,2018-07-06,1.17855,1.16959,-1.0,bear_put,1.16676,1.17855,0.0758,0.004445,0.00896,0.004514,1.0156,0.00734,0.004445,True,0.27238199999999985,3230.319399826571
2018-06-15,2018-07-16,1.15666,1.16791,1.0,bull_call,1.14509,1.16822,0.0973,0.01209,0.022819,0.01073,0.8875,0.011044,0.01209,True,0.28311199999999986,3353.63271406958
2018-06-18,2018-07-17,1.1596,1.17095,1.0,bull_call,1.148,1.17119,0.098,0.012115,0.022947,0.010833,0.8942,0.011077,0.012115,True,0.29394499999999985,3478.1297441902234
2018-07-09,2018-08-07,1.17523,1.1558,-1.0,bear_put,1.16347,1.17523,0.0964,0.004752,0.011752,0.007,1.473,0.007,0.004752,True,0.30094499999999985,3558.576454320797
2018-08-03,2018-09-03,1.1586,1.16011,1.0,bull_call,1.14701,1.17019,0.0632,0.012491,0.013092,0.0006,0.048,0.010681,0.012491,True,0.30154499999999984,3565.4718866177036
2018-08-06,2018-09-04,1.15623,1.16155,1.0,bull_call,1.14467,1.16779,0.0623,0.012479,0.016881,0.004402,0.3527,0.010646,0.012479,True,0.30594699999999986,3616.061374902674
2018-08-10,2018-09-10,1.15239,1.15611,1.0,bull_call,1.14087,1.16392,0.0645,0.012404,0.015241,0.002837,0.2287,0.010643,0.012404,True,0.30878399999999984,3648.6652772798784
2018-08-13,2018-09-11,1.13947,1.1596,1.0,bull_call,1.12808,1.15087,0.0742,0.012134,0.022789,0.010655,0.8781,0.010655,0.012134,True,0.31943899999999986,3771.1166624857738
2018-08-14,2018-09-12,1.14025,1.15961,1.0,bull_call,1.12885,1.15165,0.074,0.012145,0.022805,0.01066,0.8778,0.01066,0.012145,True,0.33009899999999986,3893.625509627477
2018-08-15,2018-09-13,1.13457,1.16293,1.0,bull_call,1.12323,1.14592,0.0739,0.012086,0.022691,0.010605,0.8775,0.010605,0.012086,True,0.34070399999999984,4015.5022754752963
2018-08-23,2018-09-21,1.15848,1.17759,-1.0,bear_put,1.1469,1.15848,0.0792,0.004431,0.0,-0.004431,-1.0,0.007154,0.004431,False,0.3362729999999998,3964.5795079626423
2018-08-27,2018-09-25,1.16489,1.1753,-1.0,bear_put,1.15324,1.16489,0.0804,0.004476,0.0,-0.004476,-1.0,0.007173,0.004476,False,0.33179699999999984,3913.1395830277215
2018-09-10,2018-10-09,1.15611,1.14941,1.0,bull_call,1.14455,1.16767,0.0772,0.012276,0.004864,-0.007412,-0.6038,0.010847,0.012276,False,0.32438499999999987,3827.958009386606
2018-09-14,2018-10-15,1.16918,1.15513,-1.0,bear_put,1.15749,1.16918,0.064,0.004149,0.011692,0.007543,1.8182,0.007543,0.004149,True,0.3319279999999999,3914.6450857458804
2018-09-21,2018-10-22,1.17759,1.15095,-1.0,bear_put,1.16582,1.17759,0.067,0.004252,0.011776,0.007524,1.7696,0.007524,0.004252,True,0.33945199999999986,4001.1138067490856
2018-10-01,2018-10-30,1.16054,1.13762,1.0,bull_call,1.14893,1.17214,0.0663,0.012465,0.0,-0.012465,-1.0,0.010746,0.012465,False,0.32698699999999986,3857.861200780856
2018-10-02,2018-10-31,1.15776,1.13464,1.0,bull_call,1.14618,1.16933,0.0641,0.012468,0.0,-0.012468,-1.0,0.010687,0.012468,False,0.3145189999999999,3714.574117651142
2018-10-03,2018-11-01,1.15517,1.13167,1.0,bull_call,1.14362,1.16673,0.0643,0.012437,0.0,-0.012437,-1.0,0.010666,0.012437,False,0.3020819999999999,3571.6432985234355
2018-10-04,2018-11-02,1.14763,1.14033,1.0,bull_call,1.13615,1.15911,0.0675,0.012309,0.004174,-0.008135,-0.6609,0.010644,0.012309,False,0.2939469999999999,3478.1527289645474
2018-10-19,2018-11-19,1.146,1.1414,1.0,bull_call,1.13454,1.15746,0.0655,0.01232,0.006856,-0.005464,-0.4435,0.0106,0.01232,False,0.2884829999999999,3415.3583255140534
2018-10-25,2018-11-23,1.13993,1.14032,1.0,bull_call,1.12853,1.15133,0.0618,0.012312,0.011789,-0.000523,-0.0424,0.010487,0.012312,False,0.2879599999999999,3409.3478070285832
2018-10-26,2018-11-26,1.13779,1.13374,1.0,bull_call,1.12641,1.14916,0.0618,0.012289,0.007327,-0.004961,-0.4037,0.010467,0.012289,False,0.2829989999999999,3352.3340743203294
2018-11-01,2018-11-30,1.13167,1.13928,1.0,bull_call,1.12035,1.14299,0.0555,0.012331,0.018924,0.006593,0.5347,0.010303,0.012331,True,0.2895919999999999,3428.103382876169
2018-11-13,2018-12-12,1.12334,1.13231,1.0,bull_call,1.11211,1.13458,0.0617,0.012134,0.020201,0.008067,0.6648,0.010333,0.012134,True,0.2976589999999999,3520.812470108074
2018-12-10,2019-01-08,1.14009,1.14797,-1.0,bear_put,1.12869,1.14009,0.069,0.004161,0.0,-0.004161,-1.0,0.00724,0.004161,False,0.29349799999999987,3472.9926471290282
2018-12-12,2019-01-10,1.13231,1.15549,1.0,bull_call,1.12099,1.14363,0.0633,0.012205,0.022646,0.010441,0.8555,0.010441,0.012205,True,0.30393899999999985,3592.9846614823605
2018-12-17,2019-01-15,1.13059,1.14729,1.0,bull_call,1.11929,1.1419,0.0634,0.012187,0.022612,0.010425,0.8555,0.010425,0.012187,True,0.31436399999999987,3712.792797641108
2018-12-21,2019-01-21,1.14569,1.13656,-1.0,bear_put,1.13423,1.14569,0.0555,0.003823,0.009128,0.005305,1.3876,0.007634,0.003823,True,0.31966899999999987,3773.7599115329217
2019-01-01,2019-01-30,1.14931,1.14354,-1.0,bear_put,1.13781,1.14931,0.059,0.003941,0.00577,0.001829,0.4641,0.007552,0.003941,True,0.3214979999999999,3794.779487651325
2019-01-03,2019-02-01,1.13181,1.14495,1.0,bull_call,1.12049,1.14313,0.075,0.012043,0.022636,0.010593,0.8796,0.010593,0.012043,True,0.3320909999999999,3916.518344853207
2019-01-10,2019-02-08,1.15549,1.13388,-1.0,bear_put,1.14394,1.15549,0.0834,0.00449,0.011555,0.007065,1.5733,0.007065,0.00449,True,0.3391559999999999,3997.7120601492784
2019-01-25,2019-02-25,1.13135,1.13422,1.0,bull_call,1.12004,1.14266,0.0793,0.01199,0.014188,0.002198,0.1833,0.010637,0.01199,True,0.3413539999999999,4022.9723271302787
2019-01-31,2019-03-01,1.14877,1.13735,-1.0,bear_put,1.13728,1.14877,0.082,0.004441,0.011419,0.006978,1.5714,0.007047,0.004441,True,0.34833199999999986,4103.1662047433
2019-02-08,2019-03-11,1.13388,1.12324,1.0,bull_call,1.12254,1.14522,0.0549,0.012366,0.000704,-0.011662,-0.9431,0.010311,0.012366,False,0.33666999999999986,3969.141985665763
2019-02-11,2019-03-12,1.13243,1.12592,1.0,bull_call,1.1211,1.14375,0.0539,0.012371,0.004822,-0.007549,-0.6102,0.010278,0.012371,False,0.3291209999999999,3882.3859549835197
2019-02-12,2019-03-13,1.1279,1.12874,1.0,bull_call,1.11663,1.13918,0.0536,0.012327,0.012119,-0.000207,-0.0168,0.010231,0.012327,False,0.3289139999999999,3880.0070308410873
2019-02-27,2019-03-28,1.13932,1.12518,-1.0,bear_put,1.12792,1.13932,0.0459,0.003439,0.011393,0.007954,2.3128,0.007954,0.003439,True,0.3368679999999999,3971.4174783237427
2019-03-06,2019-04-04,1.13071,1.12469,1.0,bull_call,1.1194,1.14202,0.043,0.012602,0.005292,-0.00731,-0.5801,0.010012,0.012602,False,0.3295579999999999,3887.4081281731
2019-03-08,2019-04-08,1.11983,1.12196,1.0,bull_call,1.10864,1.13103,0.0535,0.012241,0.013322,0.001081,0.0883,0.010156,0.012241,True,0.3306389999999999,3899.8313986946932
2019-03-21,2019-04-19,1.14279,1.1236,-1.0,bear_put,1.13136,1.14279,0.0527,0.003717,0.011428,0.007711,2.0746,0.007711,0.003717,True,0.33834999999999993,3988.4491960971013
2019-04-10,2019-05-09,1.1267,1.11983,-1.0,bear_put,1.11543,1.1267,0.0502,0.003574,0.006864,0.00329,0.9204,0.007693,0.003574,True,0.34163999999999994,4026.259149858471
2019-04-11,2019-05-10,1.12765,1.12221,-1.0,bear_put,1.11637,1.12765,0.0494,0.00355,0.005442,0.001891,0.5327,0.007726,0.00355,True,0.3435309999999999,4047.991253980888
2019-04-15,2019-05-14,1.13051,1.12325,-1.0,bear_put,1.1192,1.13051,0.0493,0.003552,0.007251,0.003699,1.0413,0.007753,0.003552,True,0.3472299999999999,4090.5015940913154
2019-04-24,2019-05-24,1.12244,1.11846,1.0,bull_call,1.11121,1.13366,0.038,0.012651,0.007245,-0.005407,-0.4273,0.009797,0.012651,False,0.34182299999999993,4028.362256709028
2019-04-25,2019-05-27,1.11535,1.12096,1.0,bull_call,1.1042,1.1265,0.0418,0.012461,0.016767,0.004306,0.3456,0.009846,0.012461,True,0.3461289999999999,4077.8484758264917
2019-04-26,2019-05-28,1.11368,1.11938,1.0,bull_call,1.10255,1.12482,0.0416,0.012448,0.016834,0.004386,0.3524,0.009826,0.012448,True,0.3505149999999999,4128.254085916878
2019-05-13,2019-06-12,1.12365,1.13295,-1.0,bear_put,1.11241,1.12365,0.042,0.003214,0.0,-0.003214,-1.0,0.008023,0.003214,False,0.3473009999999999,4091.3175535797827
2019-05-17,2019-06-18,1.11736,1.12246,1.0,bull_call,1.10618,1.12853,0.0405,0.01252,0.016278,0.003758,0.3002,0.009827,0.01252,True,0.3510589999999999,4134.505944532739
2019-05-20,2019-06-19,1.11653,1.11982,1.0,bull_call,1.10537,1.1277,0.0364,0.012634,0.014454,0.00182,0.144,0.009697,0.012634,True,0.3528789999999999,4155.422089166688
2019-05-30,2019-06-28,1.11373,1.13729,1.0,bull_call,1.1026,1.12487,0.0296,0.012839,0.022275,0.009436,0.735,0.009436,0.012839,True,0.3623149999999999,4263.864254422701
2019-05-31,2019-07-01,1.11311,1.13649,1.0,bull_call,1.10198,1.12425,0.0276,0.012909,0.022262,0.009353,0.7245,0.009353,0.012909,True,0.3716679999999999,4371.35255154431
2019-06-04,2019-07-03,1.12463,1.12931,-1.0,bear_put,1.11339,1.12463,0.0373,0.00296,0.0,-0.00296,-1.0,0.008286,0.00296,False,0.36870799999999987,4337.335085546239
2019-06-05,2019-07-04,1.1254,1.1288,-1.0,bear_put,1.11415,1.1254,0.0372,0.002957,0.0,-0.002957,-1.0,0.008297,0.002957,False,0.3657509999999999,4303.352096709652
2019-06-07,2019-07-08,1.12765,1.12274,-1.0,bear_put,1.11637,1.12765,0.0402,0.003135,0.004912,0.001778,0.5671,0.008142,0.003135,True,0.3675289999999999,4323.785561082817
2019-06-10,2019-07-09,1.13202,1.1216,-1.0,bear_put,1.1207,1.13202,0.042,0.003239,0.010411,0.007172,2.2144,0.008081,0.003239,True,0.3747009999999999,4406.208961805172
2019-06-17,2019-07-16,1.12171,1.12618,1.0,bull_call,1.11049,1.13292,0.0472,0.012396,0.015689,0.003292,0.2656,0.010038,0.012396,True,0.3779929999999999,4444.041900340865
2019-06-24,2019-07-23,1.13847,1.12061,-1.0,bear_put,1.12709,1.13847,0.0562,0.00382,0.011385,0.007565,1.9804,0.007565,0.00382,True,0.3855579999999999,4530.981809217693
2019-06-25,2019-07-24,1.14003,1.11513,-1.0,bear_put,1.12863,1.14003,0.056,0.003819,0.0114,0.007581,1.9851,0.007581,0.003819,True,0.3931389999999999,4618.105596289104
2019-07-08,2019-08-06,1.12274,1.12438,1.0,bull_call,1.11151,1.13397,0.0559,0.012227,0.012869,0.000642,0.0525,0.010228,0.012227,True,0.3937809999999999,4625.483708846794
2019-07-09,2019-08-07,1.1216,1.1207,1.0,bull_call,1.11039,1.13282,0.0539,0.012251,0.010311,-0.00194,-0.1584,0.010181,0.012251,False,0.3918409999999999,4603.188477753463
2019-07-24,2019-08-22,1.11513,1.10908,1.0,bull_call,1.10397,1.12628,0.0441,0.012399,0.005104,-0.007296,-0.5884,0.009903,0.012399,False,0.38454499999999986,4519.340021023081
2019-07-25,2019-08-23,1.11424,1.1084,1.0,bull_call,1.1031,1.12539,0.0437,0.012399,0.005301,-0.007099,-0.5725,0.009886,0.012399,False,0.37744599999999984,4437.7555645635175
2019-08-01,2019-08-30,1.10717,1.10619,1.0,bull_call,1.0961,1.11825,0.0462,0.01226,0.010092,-0.002168,-0.1768,0.009884,0.01226,False,0.37527799999999983,4412.840069197362
2019-08-06,2019-09-04,1.12438,1.09745,-1.0,bear_put,1.11314,1.12438,0.0632,0.003969,0.011244,0.007275,1.8328,0.007275,0.003969,True,0.3825529999999998,4496.447185797352
2019-08-19,2019-09-17,1.10939,1.10059,1.0,bull_call,1.09829,1.12048,0.0616,0.011985,0.002303,-0.009682,-0.8078,0.010203,0.011985,False,0.3728709999999998,4385.177893299606
2019-08-20,2019-09-18,1.10832,1.10747,1.0,bull_call,1.09723,1.1194,0.0606,0.01199,0.010236,-0.001754,-0.1463,0.010177,0.01199,False,0.3711169999999998,4365.020246218317
2019-08-30,2019-09-30,1.10619,1.09427,1.0,bull_call,1.09513,1.11726,0.057,0.012027,0.0,-0.012027,-1.0,0.010097,0.012027,False,0.3590899999999998,4226.80130582683
2019-09-02,2019-10-01,1.09918,1.08997,1.0,bull_call,1.08819,1.11017,0.0609,0.011885,0.001779,-0.010106,-0.8504,0.010099,0.011885,False,0.3489839999999998,4110.659241172603
2019-09-03,2019-10-02,1.09685,1.09349,1.0,bull_call,1.08588,1.10782,0.0602,0.011872,0.00761,-0.004261,-0.359,0.010066,0.011872,False,0.3447229999999998,4061.6901794774067
2019-09-16,2019-10-15,1.10834,1.1029,-1.0,bear_put,1.09726,1.10834,0.0463,0.003364,0.00544,0.002076,0.6172,0.00772,0.003364,True,0.3467989999999998,4085.5483752247023
2019-09-26,2019-10-25,1.09529,1.1104,1.0,bull_call,1.08434,1.10624,0.0583,0.011885,0.021906,0.010021,0.8431,0.010021,0.011885,True,0.3568199999999998,4200.713586970201
2019-09-27,2019-10-28,1.09228,1.10843,1.0,bull_call,1.08135,1.1032,0.0588,0.011845,0.021846,0.010001,0.8443,0.010001,0.011845,True,0.3668209999999998,4315.648950972467
2019-10-01,2019-10-30,1.08997,1.11148,1.0,bull_call,1.07907,1.10087,0.0567,0.011855,0.021799,0.009944,0.8389,0.009944,0.011855,True,0.3767649999999998,4429.929248906528
2019-10-11,2019-11-11,1.1011,1.10224,-1.0,bear_put,1.09009,1.1011,0.0547,0.003648,0.0,-0.003648,-1.0,0.007363,0.003648,False,0.3731169999999998,4388.005020541338
2019-10-14,2019-11-12,1.103,1.10355,-1.0,bear_put,1.09197,1.103,0.0531,0.003602,0.0,-0.003602,-1.0,0.007428,0.003602,False,0.3695149999999998,4346.609441985577
2019-10-17,2019-11-15,1.10749,1.10205,-1.0,bear_put,1.09642,1.10749,0.0427,0.003199,0.005443,0.002244,0.7015,0.007876,0.003199,True,0.37175899999999984,4372.398358776008
2019-10-18,2019-11-18,1.11272,1.10551,-1.0,bear_put,1.10159,1.11272,0.0432,0.003238,0.007208,0.003971,1.2263,0.007889,0.003238,True,0.37572999999999984,4418.034628194366
2019-10-21,2019-11-19,1.11557,1.10724,-1.0,bear_put,1.10442,1.11557,0.0436,0.003268,0.008338,0.005069,1.5509,0.007887,0.003268,True,0.38079899999999983,4476.289538716062
2019-11-08,2019-12-09,1.10197,1.10589,1.0,bull_call,1.09095,1.11299,0.0416,0.012318,0.014939,0.00262,0.2127,0.009721,0.012318,True,0.38341899999999984,4506.399593079221
2019-12-06,2020-01-06,1.11054,1.1162,-1.0,bear_put,1.09944,1.11054,0.0346,0.002759,0.0,-0.002759,-1.0,0.008346,0.002759,False,0.38065999999999983,4474.692096900612
2019-12-12,2020-01-10,1.11359,1.11111,-1.0,bear_put,1.10245,1.11359,0.0358,0.002845,0.002475,-0.000371,-0.1303,0.008291,0.002845,False,0.3802889999999998,4470.428421263692
2019-12-13,2020-01-13,1.11861,1.11167,-1.0,bear_put,1.10742,1.11861,0.0383,0.003005,0.006939,0.003934,1.3091,0.008181,0.003005,True,0.3842229999999998,4515.639472357075
2019-12-30,2020-01-28,1.11823,1.10198,-1.0,bear_put,1.10705,1.11823,0.0502,0.003548,0.011182,0.007634,2.1517,0.007634,0.003548,True,0.3918569999999998,4603.372355948046
2019-12-31,2020-01-29,1.12023,1.10226,-1.0,bear_put,1.10903,1.12023,0.0503,0.003559,0.011202,0.007643,2.1474,0.007643,0.003559,True,0.3994999999999998,4691.208671023472
2020-01-01,2020-01-30,1.12208,1.10169,-1.0,bear_put,1.11086,1.12208,0.0475,0.003456,0.011221,0.007764,2.2463,0.007764,0.003456,True,0.4072639999999998,4780.435564945439
2020-01-10,2020-02-10,1.11111,1.09493,1.0,bull_call,1.1,1.12222,0.0505,0.012206,0.0,-0.012206,-1.0,0.010016,0.012206,False,0.3950579999999998,4640.159487252041
2020-01-24,2020-02-24,1.10552,1.08391,1.0,bull_call,1.09447,1.11658,0.0449,0.012272,0.0,-0.012272,-1.0,0.009838,0.012272,False,0.3827859999999998,4499.124912005984
2020-01-27,2020-02-25,1.10254,1.08492,1.0,bull_call,1.09151,1.11356,0.0456,0.012221,0.0,-0.012221,-1.0,0.00983,0.012221,False,0.3705649999999998,4358.6764485051635
2020-01-28,2020-02-26,1.10198,1.0882,1.0,bull_call,1.09096,1.113,0.0362,0.012475,0.0,-0.012475,-1.0,0.009564,0.012475,False,0.3580899999999998,4215.308918665319
2020-02-07,2020-03-09,1.0983,1.1386,1.0,bull_call,1.08731,1.10928,0.0358,0.012446,0.021966,0.00952,0.7649,0.00952,0.012446,True,0.36760999999999977,4324.716444442899
2020-02-10,2020-03-10,1.09493,1.1398,1.0,bull_call,1.08398,1.10588,0.0368,0.012377,0.021899,0.009522,0.7693,0.009522,0.012377,True,0.37713199999999975,4434.146954994802
2020-02-11,2020-03-11,1.09135,1.13165,1.0,bull_call,1.08043,1.10226,0.0376,0.012313,0.021827,0.009514,0.7727,0.009514,0.012313,True,0.38664599999999977,4543.485526449414
2020-02-13,2020-03-13,1.08759,1.11849,1.0,bull_call,1.07672,1.09847,0.0382,0.012252,0.021752,0.0095,0.7753,0.0095,0.012252,True,0.3961459999999998,4652.663204483765
2020-02-28,2020-03-30,1.09972,1.11391,-1.0,bear_put,1.08873,1.09972,0.0576,0.003731,0.0,-0.003731,-1.0,0.007266,0.003731,False,0.3924149999999998,4609.785107984169
2020-03-02,2020-03-31,1.10513,1.10305,-1.0,bear_put,1.09408,1.10513,0.06,0.003818,0.002084,-0.001734,-0.4541,0.007233,0.003818,False,0.3906809999999998,4589.857308646109
2020-03-03,2020-04-01,1.1144,1.10266,-1.0,bear_put,1.10326,1.1144,0.064,0.003954,0.011144,0.00719,1.8187,0.00719,0.003954,True,0.39787099999999975,4672.48757233737
2020-03-04,2020-04-02,1.11807,1.09536,-1.0,bear_put,1.10689,1.11807,0.0641,0.003968,0.011181,0.007212,1.8176,0.007212,0.003968,True,0.40508299999999975,4755.370668546185
2020-03-09,2020-04-07,1.1386,1.08038,-1.0,bear_put,1.12722,1.1386,0.0815,0.004394,0.011386,0.006992,1.591,0.006992,0.004394,True,0.41207499999999975,4835.725439579466
2020-03-18,2020-04-16,1.10155,1.09051,1.0,bull_call,1.09054,1.11257,0.1027,0.011474,0.0,-0.011474,-1.0,0.010557,0.011474,False,0.40060099999999976,4703.861789288294
2020-03-19,2020-04-17,1.09615,1.08585,1.0,bull_call,1.08519,1.10712,0.1032,0.011414,0.000654,-0.01076,-0.9427,0.010509,0.011414,False,0.38984099999999977,4580.20370343044
2020-03-20,2020-04-20,1.06573,1.0867,1.0,bull_call,1.05508,1.07639,0.1428,0.01089,0.021315,0.010425,0.9572,0.010425,0.01089,True,0.4002659999999998,4700.011839589188
2020-03-23,2020-04-21,1.06944,1.08648,1.0,bull_call,1.05874,1.08013,0.1433,0.010926,0.021389,0.010463,0.9577,0.010463,0.010926,True,0.4107289999999998,4820.256686460073
2020-04-23,2020-05-22,1.08096,1.09529,1.0,bull_call,1.07015,1.09177,0.1023,0.011262,0.021619,0.010357,0.9196,0.010357,0.011262,True,0.4210859999999998,4939.283340291839
2020-04-24,2020-05-25,1.0777,1.09078,1.0,bull_call,1.06693,1.08848,0.0985,0.011255,0.021554,0.010299,0.915,0.010299,0.011255,True,0.4313849999999998,5057.643435668237
2020-05-01,2020-06-01,1.09455,1.11185,-1.0,bear_put,1.0836,1.09455,0.0736,0.004088,0.0,-0.004088,-1.0,0.006857,0.004088,False,0.4272969999999998,5010.662556951981
2020-05-04,2020-06-02,1.09596,1.11259,-1.0,bear_put,1.085,1.09596,0.0647,0.003905,0.0,-0.003905,-1.0,0.007054,0.003905,False,0.4233919999999998,4965.784785086282
2020-05-19,2020-06-17,1.09151,1.12657,-1.0,bear_put,1.0806,1.09151,0.0609,0.003794,0.0,-0.003794,-1.0,0.007121,0.003794,False,0.4195979999999998,4922.182668195511
2020-05-20,2020-06-18,1.09278,1.12429,-1.0,bear_put,1.08185,1.09278,0.0609,0.0038,0.0,-0.0038,-1.0,0.007128,0.0038,False,0.4157979999999998,4878.511596981771
2020-05-21,2020-06-19,1.0983,1.1211,-1.0,bear_put,1.08731,1.0983,0.063,0.003871,0.0,-0.003871,-1.0,0.007112,0.003871,False,0.41192699999999977,4834.024566279563
2020-05-29,2020-06-29,1.10791,1.12259,-1.0,bear_put,1.09683,1.10791,0.0676,0.004013,0.0,-0.004013,-1.0,0.007066,0.004013,False,0.4079139999999998,4787.905616600421
2020-06-01,2020-06-30,1.11185,1.12472,-1.0,bear_put,1.10073,1.11185,0.0655,0.003979,0.0,-0.003979,-1.0,0.007139,0.003979,False,0.40393499999999977,4742.177408084771
2020-06-02,2020-07-01,1.11259,1.1236,-1.0,bear_put,1.10147,1.11259,0.0654,0.003981,0.0,-0.003981,-1.0,0.007145,0.003981,False,0.39995399999999975,4696.426214794797
2020-06-03,2020-07-02,1.11894,1.12514,-1.0,bear_put,1.10775,1.11894,0.0641,0.003971,0.0,-0.003971,-1.0,0.007218,0.003971,False,0.39598299999999975,4650.7899453764385
2020-06-04,2020-07-03,1.1236,1.12378,-1.0,bear_put,1.11236,1.1236,0.059,0.003854,0.0,-0.003854,-1.0,0.007382,0.003854,False,0.39212899999999973,4606.498285255976
2020-06-05,2020-07-06,1.13379,1.12472,-1.0,bear_put,1.12245,1.13379,0.0608,0.003939,0.009067,0.005128,1.302,0.007399,0.003939,True,0.39725699999999975,4665.431246620203
2020-06-18,2020-07-17,1.12429,1.13921,1.0,bull_call,1.11305,1.13553,0.0734,0.011982,0.022486,0.010504,0.8766,0.010504,0.011982,True,0.40776099999999976,4786.14728136471
2020-06-19,2020-07-20,1.1211,1.1443,1.0,bull_call,1.10989,1.13231,0.0735,0.011947,0.022422,0.010475,0.8768,0.010475,0.011947,True,0.4182359999999998,4906.530036881533
2020-06-22,2020-07-21,1.11776,1.14587,1.0,bull_call,1.10658,1.12893,0.0737,0.011909,0.022355,0.010446,0.8771,0.010446,0.011909,True,0.4286819999999998,5026.579513170673
2020-07-07,2020-08-05,1.13129,1.18154,-1.0,bear_put,1.11997,1.13129,0.0676,0.004099,0.0,-0.004099,-1.0,0.007214,0.004099,False,0.42458299999999977,4979.472218195641
2020-07-09,2020-08-07,1.13392,1.18765,-1.0,bear_put,1.12258,1.13392,0.0709,0.00418,0.0,-0.00418,-1.0,0.007159,0.00418,False,0.42040299999999975,4931.434039860526
2020-07-15,2020-08-13,1.14107,1.17938,-1.0,bear_put,1.12966,1.14107,0.0655,0.004085,0.0,-0.004085,-1.0,0.007326,0.004085,False,0.41631799999999974,4884.487638305755
2020-07-16,2020-08-14,1.14172,1.18166,-1.0,bear_put,1.1303,1.14172,0.0608,0.003967,0.0,-0.003967,-1.0,0.00745,0.003967,False,0.41235099999999975,4838.897338436043
2020-07-20,2020-08-18,1.1443,1.18765,-1.0,bear_put,1.13285,1.1443,0.0609,0.003979,0.0,-0.003979,-1.0,0.007464,0.003979,False,0.40837199999999974,4793.169129920393
2020-07-22,2020-08-20,1.1534,1.18435,-1.0,bear_put,1.14187,1.1534,0.0554,0.003845,0.0,-0.003845,-1.0,0.007689,0.003845,False,0.40452699999999975,4748.980901284384
2020-07-23,2020-08-21,1.15687,1.18737,-1.0,bear_put,1.1453,1.15687,0.0555,0.003858,0.0,-0.003858,-1.0,0.007711,0.003858,False,0.4006689999999998,4704.643271615278
2020-07-24,2020-08-24,1.15961,1.1798,-1.0,bear_put,1.14801,1.15961,0.0503,0.003683,0.0,-0.003683,-1.0,0.007913,0.003683,False,0.3969859999999998,4662.316809699433
2020-07-27,2020-08-25,1.16526,1.17945,-1.0,bear_put,1.1536,1.16526,0.0494,0.003667,0.0,-0.003667,-1.0,0.007986,0.003667,False,0.3933189999999998,4620.174225978175
2020-07-28,2020-08-26,1.17693,1.1835,-1.0,bear_put,1.16516,1.17693,0.0566,0.003963,0.0,-0.003963,-1.0,0.007806,0.003963,False,0.3893559999999998,4574.629895657108
2020-07-31,2020-08-31,1.18723,1.19182,-1.0,bear_put,1.17535,1.18723,0.0638,0.004206,0.0,-0.004206,-1.0,0.007667,0.004206,False,0.3851499999999998,4526.292915255795
2020-08-19,2020-09-17,1.19479,1.18034,-1.0,bear_put,1.18284,1.19479,0.0762,0.004514,0.011948,0.007434,1.6468,0.007434,0.004514,True,0.3925839999999998,4611.727321414464
2020-09-09,2020-10-08,1.17702,1.17675,1.0,bull_call,1.16525,1.18879,0.0666,0.012638,0.011493,-0.001145,-0.0906,0.010903,0.012638,False,0.3914389999999998,4598.568538114535
2020-09-22,2020-10-21,1.1768,1.18298,1.0,bull_call,1.16503,1.18857,0.0555,0.012822,0.017952,0.00513,0.4,0.010714,0.012822,True,0.39656899999999984,4657.524484253085
2020-09-23,2020-10-22,1.17084,1.1854,1.0,bull_call,1.15913,1.18255,0.0581,0.012709,0.023417,0.010708,0.8425,0.010708,0.012709,True,0.40727699999999983,4780.58496597854
2020-09-24,2020-10-23,1.16585,1.1815,1.0,bull_call,1.1542,1.17751,0.0579,0.012658,0.023317,0.010659,0.842,0.010659,0.012658,True,0.4179359999999998,4903.08232073308
2020-10-06,2020-11-04,1.17925,1.17622,-1.0,bear_put,1.16745,1.17925,0.0571,0.003985,0.003024,-0.000961,-0.2412,0.007807,0.003985,False,0.4169749999999998,4892.038136670869
2020-10-12,2020-11-10,1.18168,1.18273,-1.0,bear_put,1.16987,1.18168,0.0587,0.004043,0.0,-0.004043,-1.0,0.007774,0.004043,False,0.4129319999999998,4845.574415376881
2020-10-13,2020-11-11,1.18161,1.18188,-1.0,bear_put,1.1698,1.18161,0.0584,0.004034,0.0,-0.004034,-1.0,0.007782,0.004034,False,0.4088979999999998,4799.214125567348
2020-10-22,2020-11-20,1.1854,1.18665,-1.0,bear_put,1.17354,1.1854,0.0572,0.00401,0.0,-0.00401,-1.0,0.007843,0.00401,False,0.4048879999999998,4753.12965304969
2020-10-30,2020-11-30,1.16787,1.19715,1.0,bull_call,1.15619,1.17955,0.0583,0.012673,0.023357,0.010684,0.8431,0.010684,0.012673,True,0.41557199999999983,4875.91431748327
2020-11-02,2020-12-01,1.16421,1.19382,1.0,bull_call,1.15257,1.17585,0.0588,0.012625,0.023284,0.010659,0.8443,0.010659,0.012625,True,0.4262309999999998,4998.41167223781
2020-11-09,2020-12-08,1.1893,1.21131,-1.0,bear_put,1.17741,1.1893,0.0716,0.0044,0.0,-0.0044,-1.0,0.007493,0.0044,False,0.4218309999999998,4947.845168727164
2020-11-25,2020-12-24,1.19005,1.21914,-1.0,bear_put,1.17815,1.19005,0.0666,0.004289,0.0,-0.004289,-1.0,0.007612,0.004289,False,0.4175419999999998,4898.554320191445
2020-11-26,2020-12-25,1.192,1.21847,-1.0,bear_put,1.18008,1.192,0.0661,0.004283,0.0,-0.004283,-1.0,0.007637,0.004283,False,0.4132589999999998,4849.332425978696
2020-11-30,2020-12-29,1.19715,1.22234,-1.0,bear_put,1.18517,1.19715,0.0616,0.004181,0.0,-0.004181,-1.0,0.00779,0.004181,False,0.40907799999999983,4801.28275525642
2020-12-02,2020-12-31,1.20744,1.22999,-1.0,bear_put,1.19536,1.20744,0.0705,0.004443,0.0,-0.004443,-1.0,0.007631,0.004443,False,0.40463499999999986,4750.222079097829
2020-12-03,2021-01-01,1.21146,1.21803,-1.0,bear_put,1.19935,1.21146,0.0638,0.004291,0.0,-0.004291,-1.0,0.007823,0.004291,False,0.40034399999999987,4700.908245787788
2020-12-04,2021-01-04,1.21457,1.22507,-1.0,bear_put,1.20242,1.21457,0.0622,0.00426,0.0,-0.00426,-1.0,0.007885,0.00426,False,0.3960839999999999,4651.950676479752
2020-12-17,2021-01-15,1.21996,1.21513,-1.0,bear_put,1.20776,1.21996,0.0541,0.00402,0.004833,0.000812,0.202,0.008179,0.00402,True,0.39689599999999986,4661.282494854899
2020-12-18,2021-01-18,1.22627,1.20681,-1.0,bear_put,1.21401,1.22627,0.0547,0.004064,0.012263,0.008199,2.0175,0.008199,0.004064,True,0.40509499999999987,4755.508577192124
2020-12-31,2021-01-29,1.22999,1.212,-1.0,bear_put,1.21769,1.22999,0.0428,0.003563,0.0123,0.008737,2.4523,0.008737,0.003563,True,0.41383199999999987,4855.917563822242
2021-01-07,2021-02-05,1.23411,1.19667,-1.0,bear_put,1.22177,1.23411,0.0592,0.004237,0.012341,0.008104,1.9127,0.008104,0.004237,True,0.42193599999999987,4949.051869379124
2021-01-12,2021-02-10,1.21607,1.212,1.0,bull_call,1.20391,1.22823,0.0656,0.013072,0.00809,-0.004982,-0.3811,0.01125,0.013072,False,0.4169539999999999,4891.796796540478
2021-01-18,2021-02-16,1.20681,1.21322,1.0,bull_call,1.19474,1.21888,0.0679,0.012938,0.018476,0.005538,0.428,0.011198,0.012938,True,0.42249199999999987,4955.441636640923
2021-02-02,2021-03-03,1.20687,1.20855,1.0,bull_call,1.1948,1.21894,0.0591,0.013082,0.013746,0.000663,0.0507,0.011055,0.013082,True,0.4231549999999999,4963.061089329005
2021-02-03,2021-03-04,1.20391,1.20507,1.0,bull_call,1.19187,1.21594,0.0593,0.013046,0.0132,0.000153,0.0118,0.011032,0.013046,True,0.4233079999999999,4964.819424564716
2021-02-05,2021-03-08,1.19667,1.19256,1.0,bull_call,1.18471,1.20864,0.0574,0.013003,0.007857,-0.005146,-0.3958,0.010931,0.013003,False,0.4181619999999999,4905.679600231583
2021-02-23,2021-03-24,1.21668,1.18402,-1.0,bear_put,1.20451,1.21668,0.0541,0.00401,0.012167,0.008157,2.0339,0.008157,0.00401,True,0.42631899999999995,4999.4230023080245
2021-03-05,2021-04-05,1.19677,1.17682,1.0,bull_call,1.18481,1.20874,0.0601,0.012955,0.0,-0.012955,-1.0,0.010981,0.012955,False,0.41336399999999995,4850.539126630656
2021-03-08,2021-04-06,1.19256,1.18189,1.0,bull_call,1.18064,1.20449,0.0573,0.01296,0.001256,-0.011704,-0.9031,0.010892,0.01296,False,0.40165999999999996,4716.032227292336
2021-03-09,2021-04-07,1.18517,1.18742,1.0,bull_call,1.17332,1.19702,0.055,0.012924,0.014103,0.001179,0.0912,0.010779,0.012924,True,0.40283899999999995,4729.581751755757
2021-03-24,2021-04-22,1.18402,1.20378,1.0,bull_call,1.17218,1.19586,0.0668,0.012709,0.02368,0.010971,0.8633,0.010971,0.012709,True,0.41380999999999996,4855.66473130469
2021-03-25,2021-04-23,1.18131,1.20148,1.0,bull_call,1.16949,1.19312,0.0669,0.012679,0.023626,0.010948,0.8635,0.010948,0.012679,True,0.42475799999999997,4981.483385948908
2021-03-26,2021-04-26,1.17766,1.20899,1.0,bull_call,1.16589,1.18944,0.0663,0.012649,0.023553,0.010905,0.8621,0.010905,0.012649,True,0.43566299999999997,5106.80786794518
2021-04-07,2021-05-06,1.18742,1.2008,-1.0,bear_put,1.17555,1.18742,0.0635,0.0042,0.0,-0.0042,-1.0,0.007674,0.0042,False,0.431463,5058.5398418668365
2021-04-08,2021-05-07,1.18737,1.20685,-1.0,bear_put,1.17549,1.18737,0.062,0.004159,0.0,-0.004159,-1.0,0.007715,0.004159,False,0.42730399999999996,5010.743003662114
2021-04-09,2021-05-10,1.19157,1.21711,-1.0,bear_put,1.17965,1.19157,0.0627,0.004193,0.0,-0.004193,-1.0,0.007723,0.004193,False,0.42311099999999996,4962.5554242939
2021-04-15,2021-05-14,1.19861,1.20773,-1.0,bear_put,1.18662,1.19861,0.0603,0.004148,0.0,-0.004148,-1.0,0.007838,0.004148,False,0.418963,4914.885002347954
2021-04-20,2021-05-19,1.20453,1.2224,-1.0,bear_put,1.19248,1.20453,0.0549,0.003998,0.0,-0.003998,-1.0,0.008048,0.003998,False,0.414965,4868.938438476234
2021-04-26,2021-05-25,1.20899,1.22146,-1.0,bear_put,1.1969,1.20899,0.0458,0.003645,0.0,-0.003645,-1.0,0.008445,0.003645,False,0.41131999999999996,4827.048687272529
2021-04-29,2021-05-28,1.21359,1.21932,-1.0,bear_put,1.20146,1.21359,0.0417,0.003455,0.0,-0.003455,-1.0,0.008681,0.003455,False,0.407865,4787.342489629509
2021-05-10,2021-06-08,1.21711,1.21936,-1.0,bear_put,1.20494,1.21711,0.0603,0.004213,0.0,-0.004213,-1.0,0.007958,0.004213,False,0.40365199999999996,4738.925062518065
2021-05-19,2021-06-17,1.2224,1.19956,-1.0,bear_put,1.21018,1.2224,0.0654,0.004375,0.012224,0.007849,1.7942,0.007849,0.004375,True,0.41150099999999995,4829.128809348762
2021-06-04,2021-07-05,1.2133,1.18562,1.0,bull_call,1.20117,1.22543,0.0648,0.013055,0.0,-0.013055,-1.0,0.011211,0.013055,False,0.39844599999999997,4679.095694955241
2021-06-14,2021-07-13,1.21102,1.18652,1.0,bull_call,1.19891,1.22313,0.0559,0.013188,0.0,-0.013188,-1.0,0.011032,0.013188,False,0.385258,4527.53409306924
2021-06-17,2021-07-16,1.19956,1.18118,1.0,bull_call,1.18756,1.21155,0.0597,0.012992,0.0,-0.012992,-1.0,0.010999,0.012992,False,0.372266,4378.224999066894
2021-06-18,2021-07-19,1.19134,1.1814,1.0,bull_call,1.17943,1.20325,0.0622,0.01286,0.001973,-0.010887,-0.8466,0.010967,0.01286,False,0.361379,4253.107380039529
2021-06-21,2021-07-20,1.18737,1.17938,1.0,bull_call,1.17549,1.19924,0.0596,0.012863,0.003892,-0.008971,-0.6975,0.010885,0.012863,False,0.352408,4150.009174813618
2021-07-01,2021-07-30,1.18568,1.1893,1.0,bull_call,1.17382,1.19753,0.0566,0.012898,0.015479,0.002581,0.2001,0.010815,0.012898,True,0.354989,4179.671026077476
2021-07-02,2021-08-02,1.18462,1.1867,1.0,bull_call,1.17278,1.19647,0.0566,0.012888,0.013927,0.001039,0.0806,0.010805,0.012888,True,0.356028,4191.611616338286
2021-07-08,2021-08-06,1.17934,1.18357,1.0,bull_call,1.16755,1.19113,0.0518,0.012926,0.016026,0.0031,0.2398,0.010661,0.012926,True,0.359128,4227.2380165389695
2021-07-14,2021-08-12,1.17754,1.17419,1.0,bull_call,1.16576,1.18931,0.059,0.012766,0.008428,-0.004338,-0.3398,0.010785,0.012766,False,0.35479,4177.3840410323355
2021-07-29,2021-08-27,1.1846,1.17564,-1.0,bear_put,1.17275,1.1846,0.0456,0.003566,0.008955,0.005389,1.5114,0.00828,0.003566,True,0.36017899999999997,4239.3165154457165
2021-07-30,2021-08-30,1.1893,1.1799,-1.0,bear_put,1.17741,1.1893,0.0459,0.003592,0.009399,0.005807,1.6167,0.008301,0.003592,True,0.365986,4306.052807692608
2021-08-09,2021-09-07,1.17495,1.18751,1.0,bull_call,1.1632,1.1867,0.0488,0.012946,0.023499,0.010553,0.8151,0.010553,0.012946,True,0.37653899999999996,4427.331969408029
2021-08-10,2021-09-08,1.17385,1.18436,1.0,bull_call,1.16211,1.18559,0.048,0.012954,0.022249,0.009295,0.7176,0.010523,0.012954,True,0.38583399999999995,4534.15370807427
2021-08-11,2021-09-09,1.17233,1.18191,1.0,bull_call,1.16061,1.18406,0.048,0.012935,0.0213,0.008365,0.6467,0.010511,0.012935,True,0.39419899999999997,4630.287526680306
2021-08-20,2021-09-20,1.16766,1.17299,1.0,bull_call,1.15598,1.17934,0.0458,0.012939,0.01701,0.004071,0.3146,0.010414,0.012939,True,0.39826999999999996,4677.073034814815
2021-09-03,2021-10-04,1.18765,1.16073,-1.0,bear_put,1.17577,1.18765,0.0477,0.003668,0.011876,0.008208,2.2377,0.008208,0.003668,True,0.40647799999999995,4771.4025486364935
2021-09-06,2021-10-05,1.18859,1.16184,-1.0,bear_put,1.17671,1.18859,0.0478,0.003673,0.011886,0.008213,2.2363,0.008213,0.003673,True,0.414691,4865.78952439398
2021-09-17,2021-10-18,1.17675,1.1597,1.0,bull_call,1.16498,1.18851,0.0347,0.013374,0.0,-0.013374,-1.0,0.010161,0.013374,False,0.401317,4712.090338495938
2021-09-20,2021-10-19,1.17299,1.16139,1.0,bull_call,1.16126,1.18472,0.0357,0.013298,0.000123,-0.013175,-0.9907,0.010162,0.013298,False,0.388142,4560.678137643036
2021-09-21,2021-10-20,1.17302,1.1632,1.0,bull_call,1.16129,1.18475,0.0352,0.013314,0.001906,-0.011408,-0.8568,0.010147,0.013314,False,0.376734,4429.572984904525
2021-09-23,2021-10-22,1.16877,1.16253,1.0,bull_call,1.15708,1.18046,0.0337,0.013319,0.005451,-0.007868,-0.5907,0.010056,0.013319,False,0.368866,4339.150882717759
2021-09-30,2021-10-29,1.16016,1.16836,1.0,bull_call,1.14856,1.17176,0.0416,0.012968,0.019802,0.006834,0.527,0.010235,0.012968,True,0.37570000000000003,4417.689856579523
2021-10-01,2021-11-01,1.15745,1.15567,1.0,bull_call,1.14587,1.16902,0.0399,0.012986,0.009795,-0.003191,-0.2457,0.010162,0.012986,False,0.37250900000000003,4381.017649147142
2021-10-13,2021-11-11,1.1534,1.14859,1.0,bull_call,1.14187,1.16494,0.0405,0.012924,0.006725,-0.006199,-0.4797,0.010144,0.012924,False,0.36631,4309.776341132938
2021-10-20,2021-11-18,1.1632,1.13212,-1.0,bear_put,1.15156,1.1632,0.0448,0.003463,0.011632,0.008169,2.3585,0.008169,0.003463,True,0.374479,4403.657651855317
2021-10-21,2021-11-19,1.1655,1.13684,-1.0,bear_put,1.15385,1.1655,0.0455,0.003504,0.011655,0.008151,2.3261,0.008151,0.003504,True,0.38263,4497.3320996087905
2021-10-29,2021-11-29,1.16836,1.12932,-1.0,bear_put,1.15668,1.16836,0.0422,0.003351,0.011684,0.008333,2.4869,0.008333,0.003351,True,0.390963,4593.098161825658
2021-11-01,2021-11-30,1.15567,1.12934,1.0,bull_call,1.14411,1.16723,0.0568,0.012568,0.0,-0.012568,-1.0,0.010545,0.012568,False,0.378395,4448.661839979793
2021-11-11,2021-12-10,1.14859,1.12933,1.0,bull_call,1.13711,1.16008,0.0687,0.012303,0.0,-0.012303,-1.0,0.010669,0.012303,False,0.366092,4307.271000731728
2021-11-12,2021-12-13,1.14508,1.13118,1.0,bull_call,1.13363,1.15653,0.0659,0.012305,0.0,-0.012305,-1.0,0.010597,0.012305,False,0.35378699999999996,4165.857176709341
2021-11-15,2021-12-14,1.14416,1.12854,1.0,bull_call,1.13272,1.15561,0.0659,0.012295,0.0,-0.012295,-1.0,0.010588,0.012295,False,0.34149199999999996,4024.558276558568
2021-11-16,2021-12-15,1.13665,1.12613,1.0,bull_call,1.12528,1.14801,0.0689,0.012172,0.000845,-0.011328,-0.9306,0.010561,0.012172,False,0.33016399999999996,3894.3725147929763
2021-11-17,2021-12-16,1.13212,1.12908,1.0,bull_call,1.1208,1.14344,0.0691,0.012121,0.008279,-0.003842,-0.317,0.010521,0.012121,False,0.32632199999999995,3850.2187633184526
2021-12-15,2022-01-13,1.12613,1.14416,1.0,bull_call,1.11486,1.13739,0.0575,0.012235,0.022523,0.010288,0.8409,0.010288,0.012235,True,0.33660999999999996,3968.452442436073
2021-12-20,2022-01-18,1.12435,1.14106,1.0,bull_call,1.11311,1.1356,0.0628,0.012128,0.022487,0.010359,0.8542,0.010359,0.012128,True,0.34696899999999997,4087.5020810421615
2022-01-03,2022-02-01,1.13735,1.12296,-1.0,bear_put,1.12597,1.13735,0.0536,0.003732,0.011373,0.007642,2.0478,0.007642,0.003732,True,0.35461099999999995,4175.326903730425
2022-01-05,2022-02-03,1.12836,1.12999,1.0,bull_call,1.11708,1.13965,0.0582,0.012246,0.012916,0.00067,0.0547,0.010321,0.012246,True,0.35528099999999996,4183.026803128638
2022-01-13,2022-02-11,1.14416,1.14155,-1.0,bear_put,1.13272,1.14416,0.0591,0.003928,0.002612,-0.001315,-0.3349,0.007514,0.003928,False,0.35396599999999995,4167.914314011251
2022-01-14,2022-02-14,1.14571,1.13651,-1.0,bear_put,1.13425,1.14571,0.0588,0.003923,0.009206,0.005283,1.3467,0.007534,0.003923,True,0.35924899999999993,4228.62859538551
2022-01-27,2022-02-25,1.12435,1.11907,1.0,bull_call,1.11311,1.1356,0.0609,0.012158,0.005959,-0.006199,-0.5099,0.010329,0.012158,False,0.3530499999999999,4157.387287371306
2022-01-28,2022-02-28,1.1147,1.11811,1.0,bull_call,1.10356,1.12585,0.0651,0.011989,0.01455,0.002561,0.2136,0.010305,0.011989,True,0.3556109999999999,4186.8192908919345
2022-01-31,2022-03-01,1.11524,1.12159,1.0,bull_call,1.10409,1.12639,0.0648,0.012,0.017507,0.005507,0.4589,0.010305,0.012,True,0.3611179999999999,4250.107866990374
2022-02-04,2022-03-07,1.14358,1.08745,-1.0,bear_put,1.13214,1.14358,0.0781,0.004356,0.011436,0.00708,1.6252,0.00708,0.004356,True,0.36819799999999986,4331.473968093868
2022-02-07,2022-03-08,1.14551,1.08653,-1.0,bear_put,1.13406,1.14551,0.0779,0.004359,0.011455,0.007096,1.6279,0.007096,0.004359,True,0.37529399999999985,4413.023947391947
2022-02-25,2022-03-28,1.11907,1.09819,1.0,bull_call,1.10788,1.13026,0.0789,0.011865,0.0,-0.011865,-1.0,0.010517,0.011865,False,0.36342899999999984,4276.666773720624
2022-02-28,2022-03-29,1.11811,1.09938,1.0,bull_call,1.10692,1.12929,0.0728,0.011923,0.0,-0.011923,-1.0,0.010439,0.011923,False,0.3515059999999998,4139.643041593934
2022-03-02,2022-03-31,1.11328,1.11618,1.0,bull_call,1.10214,1.12441,0.074,0.011858,0.01404,0.002183,0.1841,0.010408,0.011858,True,0.3536889999999998,4164.7309227675105
2022-03-04,2022-04-04,1.10668,1.10473,1.0,bull_call,1.09562,1.11775,0.0725,0.011806,0.009111,-0.002695,-0.2283,0.010328,0.011806,False,0.3509939999999998,4133.75893936724
2022-03-07,2022-04-05,1.08745,1.09759,1.0,bull_call,1.07658,1.09833,0.0774,0.011545,0.021008,0.009463,0.8197,0.010204,0.011545,True,0.3604569999999998,4242.511399076614
2022-03-08,2022-04-06,1.08653,1.09064,1.0,bull_call,1.07567,1.0974,0.0762,0.011548,0.014977,0.003429,0.297,0.010183,0.011548,True,0.3638859999999998,4281.918794653434
2022-03-18,2022-04-18,1.10995,1.08153,-1.0,bear_put,1.09885,1.10995,0.1079,0.004611,0.0111,0.006489,1.4074,0.006489,0.004611,True,0.37037499999999984,4356.492894944477
2022-03-30,2022-04-28,1.10915,1.05551,-1.0,bear_put,1.09806,1.10915,0.1082,0.00461,0.011092,0.006482,1.406,0.006482,0.00461,True,0.37685699999999983,4430.986548525388
2022-03-31,2022-04-29,1.11618,1.05042,-1.0,bear_put,1.10502,1.11618,0.1076,0.004634,0.011162,0.006528,1.4089,0.006528,0.004634,True,0.3833849999999998,4506.008851915729
2022-04-06,2022-05-05,1.09064,1.06225,1.0,bull_call,1.07974,1.10155,0.097,0.011402,0.0,-0.011402,-1.0,0.010411,0.011402,False,0.3719829999999998,4374.972653500185
2022-04-19,2022-05-18,1.07818,1.05479,1.0,bull_call,1.0674,1.08896,0.0709,0.01152,0.0,-0.01152,-1.0,0.010043,0.01152,False,0.3604629999999998,4242.580353399583
2022-04-26,2022-05-25,1.07142,1.07365,1.0,bull_call,1.06071,1.08214,0.0789,0.011358,0.012946,0.001587,0.1397,0.01007,0.011358,True,0.3620499999999998,4260.818771824901
2022-04-27,2022-05-26,1.06436,1.06866,1.0,bull_call,1.05372,1.07501,0.0806,0.011267,0.014943,0.003677,0.3263,0.010021,0.011267,True,0.3657269999999998,4303.0762794177745
2022-04-28,2022-05-27,1.05551,1.0733,1.0,bull_call,1.04495,1.06606,0.0744,0.011238,0.02111,0.009873,0.8785,0.009873,0.011238,True,0.3755999999999998,4416.540617863368
2022-04-29,2022-05-30,1.05042,1.07315,1.0,bull_call,1.03992,1.06092,0.0678,0.011263,0.021008,0.009746,0.8653,0.009746,0.011263,True,0.3853459999999998,4528.545423139451
2022-05-13,2022-06-13,1.03796,1.049,1.0,bull_call,1.02758,1.04834,0.0826,0.010969,0.020759,0.00979,0.8925,0.00979,0.010969,True,0.3951359999999998,4641.05589345064
2022-05-16,2022-06-14,1.04006,1.04151,1.0,bull_call,1.02966,1.05046,0.082,0.010996,0.011852,0.000856,0.0779,0.009805,0.010996,True,0.39599199999999984,4650.893376860893
2022-05-24,2022-06-22,1.0682,1.05326,-1.0,bear_put,1.05752,1.0682,0.1092,0.004449,0.010682,0.006233,1.4008,0.006233,0.004449,True,0.40222499999999983,4722.525426038588
2022-05-25,2022-06-23,1.07365,1.05641,-1.0,bear_put,1.06292,1.07365,0.1064,0.004446,0.010737,0.006291,1.415,0.006291,0.004446,True,0.4085159999999998,4794.824033671651
2022-06-10,2022-07-11,1.06192,1.01661,1.0,bull_call,1.0513,1.07254,0.1056,0.011042,0.0,-0.011042,-1.0,0.010196,0.011042,False,0.3974739999999998,4667.925094634252
2022-06-13,2022-07-12,1.049,1.00475,1.0,bull_call,1.03851,1.05949,0.1049,0.010913,0.0,-0.010913,-1.0,0.010067,0.010913,False,0.3865609999999998,4542.508673540687
2022-06-14,2022-07-13,1.04151,1.00331,1.0,bull_call,1.0311,1.05193,0.108,0.010815,0.0,-0.010815,-1.0,0.010015,0.010815,False,0.3757459999999998,4418.218506388949
2022-06-30,2022-07-29,1.04466,1.01923,1.0,bull_call,1.03421,1.05511,0.091,0.010967,0.0,-0.010967,-1.0,0.009926,0.010967,False,0.3647789999999998,4292.181496388663
2022-07-04,2022-08-02,1.04339,1.02614,1.0,bull_call,1.03296,1.05383,0.0823,0.011029,0.0,-0.011029,-1.0,0.009839,0.011029,False,0.3537499999999998,4165.431958384363
2022-07-06,2022-08-04,1.02577,1.01576,1.0,bull_call,1.01551,1.03602,0.0983,0.010715,0.000255,-0.01046,-0.9762,0.009801,0.010715,False,0.34328999999999976,4045.221588674962
2022-07-07,2022-08-05,1.01864,1.02478,1.0,bull_call,1.00845,1.02883,0.0993,0.010634,0.016324,0.005691,0.5352,0.009739,0.010634,True,0.34898099999999976,4110.624764011119
2022-07-08,2022-08-08,1.01698,1.01709,1.0,bull_call,1.00681,1.02715,0.0982,0.010624,0.010273,-0.00035,-0.033,0.009716,0.010624,False,0.34863099999999975,4106.60242850459
2022-07-12,2022-08-10,1.00475,1.02081,1.0,bull_call,0.9947,1.0148,0.0946,0.010521,0.020095,0.009574,0.91,0.009574,0.010521,True,0.3582049999999998,4216.630543188892
2022-07-20,2022-08-18,1.02313,1.01802,-1.0,bear_put,1.0129,1.02313,0.0965,0.004139,0.005114,0.000976,0.2357,0.006093,0.004139,True,0.35918099999999975,4227.847113058526
2022-08-02,2022-08-31,1.02614,1.00251,-1.0,bear_put,1.01587,1.02614,0.1025,0.004212,0.010261,0.00605,1.4363,0.00605,0.004212,True,0.36523099999999975,4297.376055385665
2022-08-11,2022-09-09,1.03008,1.0012,-1.0,bear_put,1.01978,1.03008,0.092,0.004115,0.010301,0.006186,1.5035,0.006186,0.004115,True,0.3714169999999998,4368.46796236677
2022-08-12,2022-09-12,1.03167,1.00714,-1.0,bear_put,1.02136,1.03167,0.0918,0.004119,0.010317,0.006197,1.5044,0.006197,0.004119,True,0.3776139999999998,4439.686285606651
2022-08-19,2022-09-19,1.00899,1.00223,1.0,bull_call,0.9989,1.01908,0.0962,0.010554,0.003335,-0.007219,-0.684,0.009626,0.010554,False,0.3703949999999998,4356.722742687706
2022-08-22,2022-09-20,1.00352,1.00296,1.0,bull_call,0.99349,1.01356,0.0965,0.010495,0.009472,-0.001023,-0.0975,0.009575,0.010495,False,0.3693719999999998,4344.966030621481
2022-08-23,2022-09-21,0.99395,0.99708,1.0,bull_call,0.98401,1.00389,0.101,0.010364,0.013071,0.002707,0.2612,0.009515,0.010364,True,0.3720789999999998,4376.07592266769
2022-09-05,2022-10-04,0.99094,0.98321,1.0,bull_call,0.98103,1.00085,0.0861,0.010442,0.002174,-0.008268,-0.7918,0.009377,0.010442,False,0.36381099999999983,4281.056865616321
2022-09-13,2022-10-12,1.01296,0.97002,-1.0,bear_put,1.00283,1.01296,0.0917,0.004043,0.01013,0.006086,1.5052,0.006086,0.004043,True,0.3698969999999998,4350.999533881274
2022-09-22,2022-10-21,0.98307,0.97789,1.0,bull_call,0.97324,0.9929,0.1022,0.010243,0.004649,-0.005594,-0.5461,0.009418,0.010243,False,0.3643029999999998,4286.711120099784
2022-09-23,2022-10-24,0.98416,0.98601,1.0,bull_call,0.97431,0.994,0.1024,0.010254,0.011695,0.001442,0.1406,0.00943,0.010254,True,0.3657449999999998,4303.283142386683
2022-09-26,2022-10-25,0.96899,0.98865,1.0,bull_call,0.9593,0.97868,0.1144,0.010027,0.01938,0.009353,0.9327,0.009353,0.010027,True,0.3750979999999998,4410.771439508291
2022-09-27,2022-10-26,0.96237,0.99637,1.0,bull_call,0.95275,0.97199,0.1158,0.009951,0.019247,0.009296,0.9341,0.009296,0.009951,True,0.38439399999999985,4517.604670561694
2022-09-28,2022-10-27,0.95962,1.00919,1.0,bull_call,0.95002,0.96922,0.1111,0.009948,0.019192,0.009244,0.9293,0.009244,0.009948,True,0.3936379999999998,4623.840297482697
2022-10-05,2022-11-03,0.99843,0.98144,-1.0,bear_put,0.98845,0.99843,0.1379,0.004356,0.009984,0.005628,1.2919,0.005628,0.004356,True,0.39926599999999984,4688.5194524276785
2022-10-26,2022-11-24,0.99637,1.04162,-1.0,bear_put,0.98641,0.99637,0.1197,0.004232,0.0,-0.004232,-1.0,0.005732,0.004232,False,0.39503399999999983,4639.883669960165
2022-10-27,2022-11-25,1.00919,1.04081,-1.0,bear_put,0.9991,1.00919,0.1245,0.00432,0.0,-0.00432,-1.0,0.005772,0.00432,False,0.39071399999999984,4590.23655742244
2022-11-04,2022-12-05,0.97496,1.05442,1.0,bull_call,0.96521,0.98471,0.1129,0.010097,0.019499,0.009402,0.9312,0.009402,0.010097,True,0.40011599999999986,4698.287981514963
2022-11-11,2022-12-12,1.01922,1.05222,-1.0,bear_put,1.00903,1.01922,0.1379,0.004447,0.0,-0.004447,-1.0,0.005745,0.004447,False,0.3956689999999999,4647.181335807725
2022-11-14,2022-12-13,1.03286,1.05417,-1.0,bear_put,1.02253,1.03286,0.143,0.004535,0.0,-0.004535,-1.0,0.005794,0.004535,False,0.39113399999999987,4595.063360030275
2022-12-02,2023-01-02,1.05284,1.07097,-1.0,bear_put,1.04231,1.05284,0.1256,0.004515,0.0,-0.004515,-1.0,0.006014,0.004515,False,0.3866189999999999,4543.175231996054
2022-12-05,2023-01-03,1.05442,1.06777,-1.0,bear_put,1.04387,1.05442,0.1205,0.004485,0.0,-0.004485,-1.0,0.00606,0.004485,False,0.38213399999999986,4491.63187557668
2022-12-14,2023-01-12,1.06267,1.0766,-1.0,bear_put,1.05204,1.06267,0.0856,0.004162,0.0,-0.004162,-1.0,0.006465,0.004162,False,0.37797199999999986,4443.800560210472
2022-12-15,2023-01-13,1.06763,1.08602,-1.0,bear_put,1.05696,1.06763,0.086,0.004186,0.0,-0.004186,-1.0,0.00649,0.004186,False,0.37378599999999984,4395.693427552389
2023-01-02,2023-01-31,1.07097,1.08507,-1.0,bear_put,1.06026,1.07097,0.0594,0.003684,0.0,-0.003684,-1.0,0.007026,0.003684,False,0.3701019999999998,4353.355473249384
2023-01-04,2023-02-02,1.05469,1.10129,1.0,bull_call,1.04414,1.06523,0.0736,0.011238,0.021094,0.009855,0.877,0.009855,0.011238,True,0.3799569999999998,4466.6129487260705
2023-01-06,2023-02-06,1.05222,1.07909,1.0,bull_call,1.0417,1.06274,0.0794,0.01115,0.021044,0.009894,0.8874,0.009894,0.01115,True,0.38985099999999984,4580.3186273020565
2023-01-13,2023-02-13,1.08602,1.06777,-1.0,bear_put,1.07516,1.08602,0.0913,0.00433,0.01086,0.00653,1.5082,0.00653,0.00433,True,0.3963809999999998,4655.36391546672
2023-01-26,2023-02-24,1.0922,1.0598,-1.0,bear_put,1.08128,1.0922,0.0871,0.004298,0.010922,0.006624,1.5411,0.006624,0.004298,True,0.40300499999999984,4731.4894880245665
2023-02-02,2023-03-03,1.10129,1.05997,-1.0,bear_put,1.09027,1.10129,0.0845,0.004297,0.011013,0.006716,1.563,0.006716,0.004297,True,0.40972099999999984,4808.672360201271
2023-02-06,2023-03-07,1.07909,1.06883,1.0,bull_call,1.0683,1.08988,0.0964,0.011286,0.000538,-0.010748,-0.9524,0.010296,0.011286,False,0.39897299999999986,4685.152182989356
2023-02-07,2023-03-08,1.07308,1.05507,1.0,bull_call,1.06235,1.08381,0.0894,0.011279,0.0,-0.011279,-1.0,0.010183,0.011279,False,0.38769399999999987,4555.529548194679
2023-02-17,2023-03-20,1.06658,1.06789,1.0,bull_call,1.05591,1.07724,0.0842,0.011256,0.011976,0.00072,0.064,0.010076,0.011256,True,0.38841399999999987,4563.804066950966
2023-02-23,2023-03-24,1.06058,1.08351,1.0,bull_call,1.04997,1.07119,0.083,0.011204,0.021212,0.010007,0.8932,0.010007,0.011204,True,0.39842099999999986,4678.808385276202
2023-02-24,2023-03-27,1.0598,1.07782,1.0,bull_call,1.04921,1.0704,0.0815,0.01121,0.021196,0.009986,0.8908,0.009986,0.01121,True,0.40840699999999985,4793.571363471046
2023-02-27,2023-03-28,1.05548,1.08071,1.0,bull_call,1.04492,1.06603,0.0819,0.01116,0.02111,0.009949,0.8915,0.009949,0.01116,True,0.41835599999999984,4907.909123340915
2023-03-07,2023-04-05,1.06883,1.09601,-1.0,bear_put,1.05814,1.06883,0.0675,0.003871,0.0,-0.003871,-1.0,0.006817,0.003871,False,0.4144849999999998,4863.422092638708
2023-03-14,2023-04-12,1.0725,1.09175,-1.0,bear_put,1.06178,1.0725,0.0847,0.004187,0.0,-0.004187,-1.0,0.006538,0.004187,False,0.41029799999999983,4815.303467593462
2023-03-23,2023-04-21,1.08704,1.09709,-1.0,bear_put,1.07617,1.08704,0.1028,0.004465,0.0,-0.004465,-1.0,0.006406,0.004465,False,0.40583299999999983,4763.989958917318
2023-04-04,2023-05-03,1.09123,1.10109,-1.0,bear_put,1.08031,1.09123,0.1065,0.004519,0.0,-0.004519,-1.0,0.006393,0.004519,False,0.40131399999999984,4712.055861334452
2023-04-05,2023-05-04,1.09601,1.10689,-1.0,bear_put,1.08505,1.09601,0.1058,0.004532,0.0,-0.004532,-1.0,0.006428,0.004532,False,0.39678199999999986,4659.972362718487
2023-04-13,2023-05-12,1.09999,1.09121,-1.0,bear_put,1.08899,1.09999,0.096,0.004444,0.008775,0.004331,0.9747,0.006556,0.004444,True,0.40111299999999983,4709.745891514988
2023-04-14,2023-05-15,1.10546,1.08527,-1.0,bear_put,1.09441,1.10546,0.0806,0.004251,0.011055,0.006804,1.6004,0.006804,0.004251,True,0.4079169999999998,4787.940093761906
2023-04-25,2023-05-24,1.10595,1.07697,-1.0,bear_put,1.09489,1.10595,0.0801,0.004245,0.011059,0.006815,1.6053,0.006815,0.004245,True,0.4147319999999998,4866.260712267601
2023-05-10,2023-06-08,1.09647,1.07074,1.0,bull_call,1.0855,1.10743,0.0728,0.011693,0.0,-0.011693,-1.0,0.010237,0.011693,False,0.4030389999999998,4731.8802291880575
2023-05-12,2023-06-12,1.09121,1.0751,1.0,bull_call,1.0803,1.10213,0.0702,0.011668,0.0,-0.011668,-1.0,0.010156,0.011668,False,0.3913709999999998,4597.787055787552
2023-05-15,2023-06-13,1.08527,1.0763,1.0,bull_call,1.07442,1.09612,0.0695,0.011614,0.001882,-0.009732,-0.838,0.010091,0.011614,False,0.3816389999999998,4485.943143931731
2023-05-19,2023-06-19,1.07754,1.09421,1.0,bull_call,1.06676,1.08832,0.0651,0.011589,0.021551,0.009962,0.8596,0.009962,0.011589,True,0.3916009999999998,4600.4303048347
2023-05-26,2023-06-26,1.07244,1.09067,1.0,bull_call,1.06172,1.08317,0.0522,0.011748,0.021449,0.009701,0.8258,0.009701,0.011748,True,0.4013019999999998,4711.917952688514
2023-06-09,2023-07-10,1.07827,1.09697,-1.0,bear_put,1.06749,1.07827,0.0606,0.00374,0.0,-0.00374,-1.0,0.007043,0.00374,False,0.3975619999999998,4668.936424704463
2023-06-15,2023-07-14,1.0843,1.12235,-1.0,bear_put,1.07346,1.0843,0.0584,0.003702,0.0,-0.003702,-1.0,0.007141,0.003702,False,0.3938599999999998,4626.3916074325525
2023-06-16,2023-07-17,1.09459,1.12278,-1.0,bear_put,1.08365,1.09459,0.0664,0.003939,0.0,-0.003939,-1.0,0.007006,0.003939,False,0.3899209999999998,4581.123094403361
2023-06-19,2023-07-18,1.09421,1.12376,-1.0,bear_put,1.08327,1.09421,0.0625,0.003844,0.0,-0.003844,-1.0,0.007098,0.003844,False,0.3860769999999998,4536.946358154515
2023-06-30,2023-07-31,1.0868,1.10243,1.0,bull_call,1.07593,1.09767,0.0686,0.011642,0.021736,0.010094,0.867,0.010094,0.011642,True,0.3961709999999998,4652.950514162802
2023-07-06,2023-08-04,1.08566,1.09516,1.0,bull_call,1.0748,1.09652,0.0643,0.011689,0.020356,0.008668,0.7416,0.010025,0.011689,True,0.4048389999999998,4752.566526078776
2023-07-10,2023-08-08,1.09697,1.10032,-1.0,bear_put,1.086,1.09697,0.0651,0.003919,0.0,-0.003919,-1.0,0.007051,0.003919,False,0.4009199999999998,4707.527860792816
2023-07-11,2023-08-09,1.10059,1.09589,-1.0,bear_put,1.08959,1.10059,0.0642,0.003908,0.004704,0.000796,0.2036,0.007098,0.003908,True,0.4017159999999998,4716.675800973379
2023-07-12,2023-08-10,1.10141,1.09777,-1.0,bear_put,1.09039,1.10141,0.0642,0.003912,0.003639,-0.000272,-0.0696,0.007103,0.003912,False,0.4014439999999998,4713.549871665448
2023-07-13,2023-08-11,1.11445,1.09816,-1.0,bear_put,1.10331,1.11445,0.0741,0.004173,0.011145,0.006972,1.6709,0.006972,0.004173,True,0.4084159999999998,4793.674794955499
2023-07-14,2023-08-14,1.12235,1.09444,-1.0,bear_put,1.11112,1.12235,0.0757,0.004231,0.011223,0.006992,1.6524,0.006992,0.004231,True,0.4154079999999998,4874.0295659887815
2023-07-17,2023-08-15,1.12278,1.09099,-1.0,bear_put,1.11155,1.12278,0.0702,0.004125,0.011228,0.007103,1.7221,0.007103,0.004125,True,0.4225109999999998,4955.659991996991
2023-07-26,2023-08-24,1.10505,1.08658,1.0,bull_call,1.094,1.1161,0.072,0.011794,0.0,-0.011794,-1.0,0.010307,0.011794,False,0.4107169999999998,4820.118777814136
2023-07-28,2023-08-28,1.09788,1.07974,1.0,bull_call,1.0869,1.10885,0.0772,0.011658,0.0,-0.011658,-1.0,0.0103,0.011658,False,0.3990589999999998,4686.140528285246
2023-08-03,2023-09-01,1.09442,1.08441,1.0,bull_call,1.08347,1.10536,0.0787,0.011605,0.000939,-0.010666,-0.9191,0.010283,0.011605,False,0.38839299999999977,4563.5627268205735
2023-08-15,2023-09-13,1.09099,1.07533,1.0,bull_call,1.08008,1.1019,0.0556,0.011887,0.0,-0.011887,-1.0,0.009933,0.011887,False,0.3765059999999998,4426.952720631697
2023-08-16,2023-09-14,1.09042,1.07342,1.0,bull_call,1.07951,1.10132,0.0551,0.01189,0.0,-0.01189,-1.0,0.009919,0.01189,False,0.3646159999999998,4290.308237281337
2023-08-17,2023-09-15,1.08749,1.06372,1.0,bull_call,1.07661,1.09836,0.0552,0.011856,0.0,-0.011856,-1.0,0.009894,0.011856,False,0.3527599999999998,4154.054495094468
2023-08-25,2023-09-25,1.07991,1.06485,1.0,bull_call,1.06911,1.09071,0.0556,0.011765,0.0,-0.011765,-1.0,0.009833,0.011765,False,0.34099499999999977,4018.846560139295
2023-08-28,2023-09-26,1.07974,1.05916,1.0,bull_call,1.06894,1.09054,0.0479,0.011916,0.0,-0.011916,-1.0,0.009679,0.011916,False,0.3290789999999998,3881.903274722735
2023-08-31,2023-09-29,1.09325,1.05625,-1.0,bear_put,1.08232,1.09325,0.0534,0.00358,0.010933,0.007352,2.0534,0.007352,0.00358,True,0.3364309999999998,3966.3953051341614
2023-09-06,2023-10-05,1.07262,1.05071,1.0,bull_call,1.06189,1.08334,0.0605,0.011605,0.0,-0.011605,-1.0,0.009847,0.011605,False,0.32482599999999984,3833.0261521248312
2023-09-15,2023-10-16,1.06372,1.05216,1.0,bull_call,1.05308,1.07435,0.0667,0.011419,0.0,-0.011419,-1.0,0.009856,0.011419,False,0.3134069999999998,3701.794583127542
2023-09-26,2023-10-25,1.05916,1.05954,1.0,bull_call,1.04857,1.06976,0.0659,0.011382,0.010962,-0.00042,-0.0369,0.009802,0.011382,False,0.31298699999999985,3696.967780519708
2023-09-27,2023-10-26,1.05695,1.05673,1.0,bull_call,1.04638,1.06752,0.0647,0.011374,0.010346,-0.001028,-0.0903,0.009765,0.011374,False,0.3119589999999999,3685.153606517675
2023-09-28,2023-10-27,1.05053,1.05645,1.0,bull_call,1.04003,1.06104,0.064,0.011314,0.016421,0.005106,0.4513,0.009696,0.011314,True,0.3170649999999999,3743.8337353643483
2023-10-03,2023-11-01,1.04808,1.05791,1.0,bull_call,1.03759,1.05856,0.0613,0.011327,0.020316,0.008988,0.7935,0.009634,0.011327,True,0.32605299999999987,3847.127311172005
2023-10-24,2023-11-22,1.06699,1.09182,-1.0,bear_put,1.05632,1.06699,0.0687,0.003889,0.0,-0.003889,-1.0,0.00678,0.003889,False,0.3221639999999999,3802.433417500891
2023-11-06,2023-12-05,1.07321,1.08378,-1.0,bear_put,1.06248,1.07321,0.0697,0.003934,0.0,-0.003934,-1.0,0.006799,0.003934,False,0.3182299999999999,3757.222366407508
2023-11-07,2023-12-06,1.07216,1.07937,-1.0,bear_put,1.06143,1.07216,0.0699,0.003933,0.0,-0.003933,-1.0,0.006789,0.003933,False,0.3142969999999999,3712.0228077012866
2023-11-15,2023-12-14,1.08783,1.08861,-1.0,bear_put,1.07695,1.08783,0.0843,0.004241,0.0,-0.004241,-1.0,0.006637,0.004241,False,0.3100559999999999,3663.2835937493205
2023-11-16,2023-12-15,1.08546,1.09936,-1.0,bear_put,1.0746,1.08546,0.0852,0.004245,0.0,-0.004245,-1.0,0.006609,0.004245,False,0.3058109999999999,3614.4984102487088
2023-11-29,2023-12-28,1.10059,1.11086,-1.0,bear_put,1.08959,1.10059,0.0762,0.004159,0.0,-0.004159,-1.0,0.006847,0.004159,False,0.30165199999999986,3566.701572043986
2023-12-05,2024-01-03,1.08378,1.09418,1.0,bull_call,1.07294,1.09461,0.077,0.01151,0.021238,0.009727,0.8451,0.010165,0.01151,True,0.31137899999999985,3678.4880219639986
2023-12-06,2024-01-04,1.07937,1.09278,1.0,bull_call,1.06857,1.09016,0.0784,0.011448,0.021587,0.010139,0.8857,0.010139,0.011448,True,0.32151799999999986,3795.009335394555
2023-12-07,2024-01-05,1.07667,1.09474,1.0,bull_call,1.0659,1.08744,0.0785,0.011419,0.021533,0.010115,0.8858,0.010115,0.011419,True,0.33163299999999984,3911.254831533234
2023-12-15,2024-01-15,1.09936,1.09457,-1.0,bear_put,1.08837,1.09936,0.068,0.003992,0.004789,0.000798,0.1999,0.007002,0.003992,True,0.33243099999999987,3920.4257564881195
2023-12-28,2024-01-26,1.11086,1.0847,-1.0,bear_put,1.09976,1.11086,0.0783,0.004233,0.011109,0.006875,1.624,0.006875,0.004233,True,0.3393059999999999,3999.4359182235053
2024-01-03,2024-02-01,1.09418,1.08039,1.0,bull_call,1.08323,1.10512,0.0789,0.0116,0.0,-0.0116,-1.0,0.010284,0.0116,False,0.3277059999999999,3866.1242271499823
2024-01-04,2024-02-02,1.09278,1.08746,1.0,bull_call,1.08185,1.1037,0.0775,0.0116,0.005616,-0.005985,-0.5159,0.010255,0.0116,False,0.32172099999999987,3797.3422899883417
2024-01-17,2024-02-15,1.08788,1.07321,1.0,bull_call,1.077,1.09876,0.0591,0.011792,0.0,-0.011792,-1.0,0.009966,0.011792,False,0.30992899999999984,3661.8240605798087
2024-01-18,2024-02-16,1.08858,1.07739,1.0,bull_call,1.07769,1.09946,0.0559,0.011855,0.0,-0.011855,-1.0,0.009917,0.011855,False,0.29807399999999984,3525.5818107801006
2024-01-30,2024-02-28,1.08345,1.08448,1.0,bull_call,1.07261,1.09428,0.0444,0.012039,0.011868,-0.000171,-0.0142,0.00963,0.012039,False,0.29790299999999986,3523.6166125754826
2024-02-01,2024-03-01,1.08039,1.0805,1.0,bull_call,1.06959,1.0912,0.0359,0.01224,0.010909,-0.001331,-0.1088,0.009368,0.01224,False,0.29657199999999984,3508.3202452635114
2024-02-05,2024-03-05,1.078,1.08552,1.0,bull_call,1.06722,1.08878,0.0518,0.011817,0.018293,0.006476,0.548,0.009743,0.011817,True,0.3030479999999998,3582.7449445214543
2024-02-06,2024-03-06,1.07418,1.0856,1.0,bull_call,1.06344,1.08492,0.0527,0.011758,0.021484,0.009726,0.8272,0.009726,0.011758,True,0.31277399999999983,3694.519902054306
2024-02-14,2024-03-14,1.07089,1.09553,1.0,bull_call,1.06018,1.0816,0.0541,0.011694,0.021418,0.009724,0.8316,0.009724,0.011694,True,0.32249799999999984,3806.2718748128345
2024-03-07,2024-04-05,1.08995,1.08371,-1.0,bear_put,1.07905,1.08995,0.0392,0.002975,0.006248,0.003274,1.1006,0.007925,0.002975,True,0.32577199999999984,3843.8979503796204
2024-03-08,2024-04-08,1.09501,1.08305,-1.0,bear_put,1.08406,1.09501,0.0414,0.003105,0.01095,0.007846,2.5271,0.007846,0.003105,True,0.33361799999999986,3934.067220048833
2024-03-11,2024-04-09,1.0943,1.08637,-1.0,bear_put,1.08335,1.0943,0.0417,0.003114,0.007929,0.004815,1.546,0.007829,0.003114,True,0.3384329999999999,3989.403064231506
2024-03-25,2024-04-23,1.08075,1.06541,1.0,bull_call,1.06995,1.09156,0.0551,0.011783,0.0,-0.011783,-1.0,0.009832,0.011783,False,0.3266499999999999,3853.9882663074272
2024-04-02,2024-05-01,1.07372,1.06666,1.0,bull_call,1.06298,1.08446,0.0558,0.011695,0.003671,-0.008025,-0.6861,0.009779,0.011695,False,0.3186249999999999,3761.761859336305
2024-04-15,2024-05-14,1.06496,1.07935,1.0,bull_call,1.05431,1.07561,0.0683,0.011411,0.021299,0.009888,0.8665,0.009888,0.011411,True,0.3285129999999999,3875.398583589322
2024-04-16,2024-05-15,1.06257,1.08146,1.0,bull_call,1.05195,1.0732,0.0684,0.011385,0.021251,0.009866,0.8665,0.009866,0.011385,True,0.3383789999999999,3988.7824753247846
2024-04-26,2024-05-27,1.07296,1.08476,-1.0,bear_put,1.06223,1.07296,0.0636,0.003798,0.0,-0.003798,-1.0,0.006932,0.003798,False,0.33458099999999985,3945.134388885367
2024-05-06,2024-06-04,1.07581,1.09074,-1.0,bear_put,1.06505,1.07581,0.0616,0.003758,0.0,-0.003758,-1.0,0.007001,0.003758,False,0.33082299999999987,3901.9459979324106
2024-05-07,2024-06-05,1.07675,1.08819,-1.0,bear_put,1.06598,1.07675,0.0617,0.003764,0.0,-0.003764,-1.0,0.007003,0.003764,False,0.3270589999999999,3858.6886526564845
2024-05-15,2024-06-13,1.08146,1.08131,-1.0,bear_put,1.07064,1.08146,0.0403,0.00301,0.00014,-0.00287,-0.9534,0.007804,0.00301,False,0.3241889999999999,3825.70550150295
2024-05-16,2024-06-14,1.08898,1.07388,-1.0,bear_put,1.07809,1.08898,0.0452,0.00326,0.01089,0.00763,2.3402,0.00763,0.00326,True,0.3318189999999999,3913.392415545276
2024-05-30,2024-06-28,1.08018,1.07085,1.0,bull_call,1.06938,1.09098,0.0435,0.012025,0.001467,-0.010558,-0.878,0.009579,0.012025,False,0.3212609999999999,3792.0557918940467
2024-06-04,2024-07-03,1.09074,1.07484,-1.0,bear_put,1.07983,1.09074,0.0439,0.003207,0.010907,0.0077,2.4009,0.0077,0.003207,True,0.3289609999999999,3880.547173037678
2024-06-10,2024-07-09,1.07789,1.0831,1.0,bull_call,1.06711,1.08867,0.0581,0.011701,0.015986,0.004285,0.3662,0.009857,0.011701,True,0.3332459999999999,3929.792052024751
2024-06-11,2024-07-10,1.07643,1.08148,1.0,bull_call,1.06566,1.08719,0.0581,0.011685,0.015817,0.004132,0.3536,0.009844,0.011685,True,0.3373779999999999,3977.278595776113
2024-06-12,2024-07-11,1.07403,1.08333,1.0,bull_call,1.06329,1.08477,0.058,0.01166,0.020037,0.008377,0.7184,0.00982,0.01166,True,0.3457549999999999,4073.550323028087
2024-06-27,2024-07-26,1.06801,1.08513,1.0,bull_call,1.05733,1.07869,0.0659,0.011476,0.02136,0.009884,0.8612,0.009884,0.011476,True,0.3556389999999999,4187.141077732458
2024-07-04,2024-08-02,1.07933,1.07876,-1.0,bear_put,1.06854,1.07933,0.0636,0.00382,0.000571,-0.003249,-0.8506,0.006974,0.00382,False,0.3523899999999999,4149.80231184471
2024-07-05,2024-08-05,1.08107,1.09108,-1.0,bear_put,1.07026,1.08107,0.064,0.003834,0.0,-0.003834,-1.0,0.006976,0.003834,False,0.3485559999999999,4105.740499467478
2024-07-08,2024-08-06,1.0826,1.0951,-1.0,bear_put,1.07178,1.0826,0.0638,0.003836,0.0,-0.003836,-1.0,0.00699,0.003836,False,0.3447199999999999,4061.655702315924
2024-07-12,2024-08-12,1.08728,1.09138,-1.0,bear_put,1.0764,1.08728,0.0472,0.003337,0.0,-0.003337,-1.0,0.007536,0.003337,False,0.34138299999999994,4023.3056063579634
2024-07-16,2024-08-14,1.09016,1.0997,-1.0,bear_put,1.07925,1.09016,0.0367,0.002835,0.0,-0.002835,-1.0,0.008067,0.002835,False,0.33854799999999996,3990.7246887550814
2024-07-18,2024-08-16,1.09402,1.09727,-1.0,bear_put,1.08308,1.09402,0.0365,0.002838,0.0,-0.002838,-1.0,0.008102,0.002838,False,0.33570999999999995,3958.109293990714
2024-07-25,2024-08-23,1.08395,1.11172,1.0,bull_call,1.07311,1.09479,0.0352,0.012303,0.021679,0.009376,0.7621,0.009376,0.012303,True,0.34508599999999995,4065.861916017037
2024-08-02,2024-09-02,1.07876,1.10448,1.0,bull_call,1.06797,1.08955,0.0335,0.0123,0.021575,0.009275,0.754,0.009275,0.0123,True,0.3543609999999999,4172.453806940048
2024-08-05,2024-09-03,1.09108,1.10675,-1.0,bear_put,1.08017,1.09108,0.0518,0.003519,0.0,-0.003519,-1.0,0.007392,0.003519,False,0.35084199999999993,4132.012096518692
2024-08-06,2024-09-04,1.0951,1.10489,-1.0,bear_put,1.08415,1.0951,0.0529,0.00357,0.0,-0.00357,-1.0,0.007381,0.00357,False,0.3472719999999999,4090.9842743520985
2024-08-19,2024-09-17,1.1025,1.11295,-1.0,bear_put,1.09147,1.1025,0.0568,0.003716,0.0,-0.003716,-1.0,0.007309,0.003716,False,0.3435559999999999,4048.278563659925
2024-08-20,2024-09-18,1.10865,1.11231,-1.0,bear_put,1.09756,1.10865,0.0593,0.003809,0.0,-0.003809,-1.0,0.007277,0.003809,False,0.3397469999999999,4004.5040609617317
2024-08-21,2024-09-19,1.11279,1.11148,-1.0,bear_put,1.10166,1.11279,0.0598,0.003838,0.001311,-0.002527,-0.6584,0.00729,0.003838,False,0.3372199999999999,3975.462798604594
2024-08-22,2024-09-20,1.11554,1.1162,-1.0,bear_put,1.10438,1.11554,0.0575,0.003782,0.0,-0.003782,-1.0,0.007373,0.003782,False,0.3334379999999999,3931.9985903597612
2024-09-02,2024-10-01,1.10448,1.11366,1.0,bull_call,1.09344,1.11553,0.0669,0.011855,0.020221,0.008366,0.7057,0.010235,0.011855,True,0.3418039999999999,4028.1439013529584
2024-09-12,2024-10-11,1.10109,1.09339,1.0,bull_call,1.09008,1.1121,0.0558,0.011993,0.003306,-0.008687,-0.7244,0.010029,0.011993,False,0.3331169999999999,3928.3095340809164
2024-09-17,2024-10-16,1.11295,1.08841,-1.0,bear_put,1.10182,1.11295,0.0568,0.003752,0.01113,0.007378,1.9664,0.007378,0.003752,True,0.3404949999999999,4013.1003665585413
2024-09-20,2024-10-21,1.1162,1.08686,-1.0,bear_put,1.10503,1.1162,0.0536,0.003661,0.011162,0.0075,2.0485,0.0075,0.003661,True,0.3479949999999999,4099.293270269871
2024-10-02,2024-10-31,1.10639,1.08592,1.0,bull_call,1.09533,1.11745,0.06,0.011979,0.0,-0.011979,-1.0,0.010149,0.011979,False,0.33601599999999987,3961.625964462135
2024-10-03,2024-11-01,1.10485,1.08861,1.0,bull_call,1.0938,1.1159,0.0599,0.011963,0.0,-0.011963,-1.0,0.010134,0.011963,False,0.32405299999999987,3824.1425368489845
2024-10-04,2024-11-04,1.10356,1.08745,1.0,bull_call,1.09252,1.11459,0.0591,0.011963,0.0,-0.011963,-1.0,0.010109,0.011963,False,0.31208999999999987,3686.6591092358335
2024-10-07,2024-11-05,1.09745,1.08741,1.0,bull_call,1.08648,1.10843,0.0608,0.011868,0.000926,-0.010942,-0.922,0.010081,0.011868,False,0.30114799999999986,3560.909408914584
2024-10-17,2024-11-15,1.08625,1.05301,1.0,bull_call,1.07539,1.09711,0.0522,0.011899,0.0,-0.011899,-1.0,0.009826,0.011899,False,0.28924899999999987,3424.1614940797704
2024-10-18,2024-11-18,1.08295,1.05337,1.0,bull_call,1.07212,1.09378,0.0526,0.011855,0.0,-0.011855,-1.0,0.009804,0.011855,False,0.27739399999999986,3287.9192442800622
2024-10-22,2024-11-20,1.08178,1.06076,1.0,bull_call,1.07096,1.0926,0.0529,0.011836,0.0,-0.011836,-1.0,0.009799,0.011836,False,0.26555799999999985,3151.895349836423
2024-10-23,2024-11-21,1.07973,1.05462,1.0,bull_call,1.06893,1.09052,0.0518,0.011834,0.0,-0.011834,-1.0,0.009761,0.011834,False,0.25372399999999984,3015.894440167107
2024-10-24,2024-11-22,1.07805,1.04693,1.0,bull_call,1.06727,1.08883,0.0416,0.012051,0.0,-0.012051,-1.0,0.00951,0.012051,False,0.24167299999999983,2877.3996824837427
2024-11-01,2024-12-02,1.08861,1.05451,-1.0,bear_put,1.07773,1.08861,0.0418,0.003103,0.010886,0.007783,2.5082,0.007783,0.003103,True,0.24945599999999984,2966.8449317617797
2024-11-06,2024-12-05,1.09345,1.05141,-1.0,bear_put,1.08251,1.09345,0.0432,0.003185,0.010934,0.00775,2.4334,0.00775,0.003185,True,0.2572059999999998,3055.9109322634863
2024-11-07,2024-12-06,1.07331,1.05856,1.0,bull_call,1.06257,1.08404,0.0765,0.011404,0.0,-0.011404,-1.0,0.010062,0.011404,False,0.24580199999999983,2924.85174907362
2024-11-11,2024-12-10,1.07149,1.05552,1.0,bull_call,1.06077,1.0822,0.0831,0.011318,0.0,-0.011318,-1.0,0.010112,0.011318,False,0.23448399999999983,2794.780911179643
2024-11-12,2024-12-11,1.06644,1.0533,1.0,bull_call,1.05577,1.0771,0.0841,0.011255,0.0,-0.011255,-1.0,0.010074,0.011255,False,0.22322899999999984,2665.4340936768417
2024-11-13,2024-12-12,1.06167,1.05069,1.0,bull_call,1.05106,1.07229,0.0849,0.011198,0.0,-0.011198,-1.0,0.010036,0.011198,False,0.21203099999999986,2536.7423422422467
2024-11-14,2024-12-13,1.05641,1.04741,1.0,bull_call,1.04585,1.06698,0.0858,0.011134,0.001557,-0.009577,-0.8601,0.009994,0.011134,False,0.20245399999999986,2426.67975039646
2024-11-22,2024-12-23,1.04693,1.04331,1.0,bull_call,1.03646,1.0574,0.0915,0.010987,0.006843,-0.004144,-0.3772,0.009952,0.010987,False,0.19830999999999985,2379.05529799916
2024-11-26,2024-12-25,1.04443,1.04026,1.0,bull_call,1.03399,1.05487,0.09,0.010973,0.006272,-0.0047,-0.4284,0.009916,0.010973,False,0.19360999999999984,2325.04107834006
2024-12-06,2025-01-07,1.05856,1.03864,-1.0,bear_put,1.04797,1.05856,0.0732,0.003946,0.010586,0.00664,1.6826,0.00664,0.003946,True,0.20024999999999984,2401.3505290924904
2024-12-13,2025-01-14,1.04741,1.02653,1.0,bull_call,1.03693,1.05788,0.0615,0.011317,0.0,-0.011317,-1.0,0.009631,0.011317,False,0.18893299999999985,2271.2911835856753
2024-12-19,2025-01-20,1.03503,1.02774,1.0,bull_call,1.02467,1.04538,0.0742,0.011022,0.003064,-0.007959,-0.722,0.009678,0.011022,False,0.18097399999999986,2179.8232741672127
2024-12-20,2025-01-21,1.03649,1.04207,1.0,bull_call,1.02613,1.04686,0.0727,0.011055,0.015938,0.004884,0.4418,0.009675,0.011055,True,0.18585799999999986,2235.9520930640306
2025-01-03,2025-02-03,1.02682,1.02478,1.0,bull_call,1.01655,1.03709,0.0717,0.010963,0.008227,-0.002736,-0.2496,0.009574,0.010963,False,0.18312199999999987,2204.5089217901373
2025-01-13,2025-02-11,1.02444,1.03015,1.0,bull_call,1.0142,1.03469,0.077,0.01088,0.015954,0.005074,0.4664,0.009609,0.01088,True,0.18819599999999986,2262.821294247642
2025-01-21,2025-02-19,1.04207,1.04483,-1.0,bear_put,1.03165,1.04207,0.0796,0.003992,0.0,-0.003992,-1.0,0.006428,0.003992,False,0.18420399999999987,2216.943684698892
2025-01-22,2025-02-20,1.04059,1.0421,-1.0,bear_put,1.03019,1.04059,0.0764,0.003934,0.0,-0.003934,-1.0,0.006472,0.003934,False,0.18026999999999987,2171.7326336055094
2025-01-27,2025-02-25,1.04676,1.04613,-1.0,bear_put,1.03629,1.04676,0.0777,0.00398,0.000624,-0.003355,-0.8432,0.006488,0.00398,False,0.17691499999999988,2133.1756746786414
2025-02-03,2025-03-04,1.02478,1.0485,1.0,bull_call,1.01453,1.03503,0.0869,0.010792,0.020496,0.009704,0.8992,0.009704,0.010792,True,0.18661899999999987,2244.69779969394
2025-02-14,2025-03-17,1.04617,1.08813,-1.0,bear_put,1.03571,1.04617,0.0916,0.004175,0.0,-0.004175,-1.0,0.006287,0.004175,False,0.18244399999999986,2196.7170832946335
2025-02-17,2025-03-18,1.04892,1.09192,-1.0,bear_put,1.03843,1.04892,0.0919,0.004188,0.0,-0.004188,-1.0,0.006301,0.004188,False,0.17825599999999986,2148.586965862227
2025-02-26,2025-03-27,1.05241,1.07421,-1.0,bear_put,1.04189,1.05241,0.0849,0.004112,0.0,-0.004112,-1.0,0.006413,0.004112,False,0.17414399999999985,2101.3302698540956
2025-02-28,2025-03-31,1.03951,1.08239,1.0,bull_call,1.02912,1.04991,0.0914,0.010909,0.02079,0.009881,0.9057,0.009881,0.010909,True,0.18402499999999986,2214.8865473969813
2025-03-05,2025-04-03,1.0627,1.09087,-1.0,bear_put,1.05207,1.0627,0.0857,0.004163,0.0,-0.004163,-1.0,0.006464,0.004163,False,0.17986199999999986,2167.0437396436128
2025-03-06,2025-04-04,1.07949,1.10437,-1.0,bear_put,1.0687,1.07949,0.0989,0.004393,0.0,-0.004393,-1.0,0.006402,0.004393,False,0.17546899999999985,2116.5576828430967
2025-03-07,2025-04-07,1.0788,1.09845,-1.0,bear_put,1.06801,1.0788,0.0992,0.004394,0.0,-0.004394,-1.0,0.006394,0.004394,False,0.17107499999999984,2066.060133655419
2025-03-10,2025-04-08,1.08606,1.09154,-1.0,bear_put,1.0752,1.08606,0.0999,0.004431,0.0,-0.004431,-1.0,0.00643,0.004431,False,0.16664399999999985,2015.1373661427663
2025-03-25,2025-04-25,1.08036,1.13719,1.0,bull_call,1.06955,1.09116,0.0967,0.011297,0.021607,0.010311,0.9127,0.010311,0.011297,True,0.17695499999999986,2133.6353701651014
2025-03-26,2025-04-28,1.07875,1.13431,1.0,bull_call,1.06796,1.08954,0.0968,0.011279,0.021575,0.010296,0.9128,0.010296,0.011279,True,0.18725099999999986,2251.960988380015
2025-03-27,2025-04-29,1.07421,1.14091,1.0,bull_call,1.06346,1.08495,0.0972,0.011228,0.021484,0.010256,0.9134,0.010256,0.011228,True,0.19750699999999985,2369.826911108467
2025-04-03,2025-05-06,1.09087,1.13134,-1.0,bear_put,1.07996,1.09087,0.0841,0.00425,0.0,-0.00425,-1.0,0.006658,0.00425,False,0.19325699999999985,2320.9842656720466
2025-04-04,2025-05-07,1.10437,1.13428,-1.0,bear_put,1.09333,1.10437,0.0772,0.004191,0.0,-0.004191,-1.0,0.006853,0.004191,False,0.18906599999999985,2272.819671078156
2025-04-11,2025-05-14,1.12578,1.11856,-1.0,bear_put,1.11453,1.12578,0.1245,0.004819,0.007228,0.002409,0.4999,0.006439,0.004819,True,0.19147499999999984,2300.504831750235
2025-04-14,2025-05-15,1.13431,1.11819,-1.0,bear_put,1.12297,1.13431,0.125,0.00486,0.011343,0.006484,1.3342,0.006484,0.00486,True,0.19795899999999983,2375.0214701054697
2025-05-09,2025-06-09,1.12242,1.14078,1.0,bull_call,1.1112,1.13365,0.1338,0.011511,0.022448,0.010938,0.9502,0.010938,0.011511,True,0.20889699999999983,2500.725200878072
2025-05-13,2025-06-11,1.10956,1.14375,1.0,bull_call,1.09846,1.12065,0.1398,0.011351,0.022191,0.01084,0.955,0.01084,0.011351,True,0.21973699999999982,2625.3026777088467
2025-05-22,2025-06-20,1.13312,1.15128,-1.0,bear_put,1.12179,1.13312,0.0746,0.004252,0.0,-0.004252,-1.0,0.007079,0.004252,False,0.21548499999999982,2576.4370474981033
2025-05-26,2025-06-24,1.13728,1.1599,-1.0,bear_put,1.12591,1.13728,0.0799,0.004362,0.0,-0.004362,-1.0,0.007011,0.004362,False,0.2111229999999998,2526.3072546995945
2025-05-27,2025-06-25,1.13885,1.16122,-1.0,bear_put,1.12746,1.13885,0.0795,0.004361,0.0,-0.004361,-1.0,0.007028,0.004361,False,0.2067619999999998,2476.188954288247
2025-06-03,2025-07-02,1.14534,1.18055,-1.0,bear_put,1.13389,1.14534,0.0983,0.004654,0.0,-0.004654,-1.0,0.0068,0.004654,False,0.20210799999999982,2422.7033844385764
2025-06-12,2025-07-11,1.15093,1.17027,-1.0,bear_put,1.13942,1.15093,0.0847,0.004493,0.0,-0.004493,-1.0,0.007017,0.004493,False,0.19761499999999982,2371.0680889219097
2025-06-13,2025-07-14,1.16003,1.16821,-1.0,bear_put,1.14843,1.16003,0.0873,0.004569,0.0,-0.004569,-1.0,0.007032,0.004569,False,0.19304599999999983,2318.559371980968
2025-06-26,2025-07-25,1.16837,1.17561,-1.0,bear_put,1.15669,1.16837,0.0896,0.004634,0.0,-0.004634,-1.0,0.00705,0.004634,False,0.18841199999999983,2265.3036498745278
2025-06-27,2025-07-28,1.16922,1.17568,-1.0,bear_put,1.15753,1.16922,0.081,0.004504,0.0,-0.004504,-1.0,0.007188,0.004504,False,0.18390799999999982,2213.5419380990843
2025-06-30,2025-07-29,1.17275,1.15968,-1.0,bear_put,1.16102,1.17275,0.0708,0.004321,0.011727,0.007407,1.7143,0.007407,0.004321,True,0.19131499999999982,2298.666049804393
2025-07-01,2025-07-30,1.17872,1.15509,-1.0,bear_put,1.16693,1.17872,0.0705,0.004338,0.011787,0.00745,1.7175,0.00745,0.004338,True,0.19876499999999983,2384.2843341576468
2025-07-14,2025-08-12,1.16821,1.16184,1.0,bull_call,1.15653,1.17989,0.0549,0.012741,0.005316,-0.007425,-0.5827,0.010623,0.012741,False,0.19133999999999984,2298.953359483431
2025-07-15,2025-08-13,1.16663,1.16771,1.0,bull_call,1.15496,1.1783,0.0533,0.012757,0.012742,-1.5e-05,-0.0011,0.010576,0.012757,False,0.19132499999999986,2298.7809736760087
2025-07-16,2025-08-14,1.16074,1.17129,1.0,bull_call,1.14913,1.17235,0.0565,0.012629,0.022158,0.009529,0.7545,0.010586,0.012629,True,0.20085399999999987,2408.291930938043
2025-07-24,2025-08-22,1.17743,1.16131,-1.0,bear_put,1.16565,1.17743,0.0489,0.003683,0.011774,0.008091,2.1968,0.008091,0.003683,True,0.20894499999999985,2501.2768354618247
2025-07-30,2025-08-28,1.15509,1.1648,1.0,bull_call,1.14354,1.16665,0.0624,0.012465,0.021252,0.008787,0.7049,0.010637,0.012465,True,0.21773199999999984,2602.2604414500183
2025-07-31,2025-08-29,1.14294,1.16816,1.0,bull_call,1.13151,1.15436,0.0699,0.012226,0.022859,0.010633,0.8697,0.010633,0.012226,True,0.22836499999999985,2724.45899413836
2025-08-01,2025-09-01,1.14237,1.16918,1.0,bull_call,1.13095,1.1538,0.0699,0.01222,0.022847,0.010628,0.8697,0.010628,0.01222,True,0.23899299999999984,2846.6000848908943
2025-09-02,2025-10-01,1.17159,1.17358,-1.0,bear_put,1.15988,1.17159,0.0635,0.004142,0.0,-0.004142,-1.0,0.007573,0.004142,False,0.23485099999999984,2798.998617267918
2025-09-09,2025-10-08,1.17691,1.16546,-1.0,bear_put,1.16514,1.17691,0.0671,0.004252,0.011453,0.007201,1.6934,0.007517,0.004252,True,0.24205199999999985,2881.7552972179556
2025-09-17,2025-10-16,1.18714,1.16463,-1.0,bear_put,1.17527,1.18714,0.0691,0.004337,0.011871,0.007534,1.7371,0.007534,0.004337,True,0.24958599999999986,2968.3389420927765
2025-09-26,2025-10-27,1.16628,1.16317,1.0,bull_call,1.15461,1.17794,0.0712,0.012458,0.008556,-0.003901,-0.3132,0.010868,0.012458,False,0.24568499999999988,2923.5071397757233
2025-10-08,2025-11-06,1.16546,1.14968,1.0,bull_call,1.15381,1.17711,0.0646,0.012542,0.0,-0.012542,-1.0,0.010767,0.012542,False,0.23314299999999988,2779.3696199960577
2025-10-09,2025-11-07,1.1632,1.15492,1.0,bull_call,1.15156,1.17483,0.0621,0.012558,0.003357,-0.009201,-0.7327,0.010706,0.012558,False,0.22394199999999986,2673.6281657229993
2025-10-10,2025-11-10,1.15664,1.15439,1.0,bull_call,1.14508,1.16821,0.0648,0.012445,0.00931,-0.003135,-0.2519,0.010688,0.012445,False,0.22080699999999986,2637.5995319716635
2025-10-31,2025-12-01,1.15725,1.16015,1.0,bull_call,1.14567,1.16882,0.0473,0.012785,0.014472,0.001687,0.132,0.01036,0.012785,True,0.22249399999999986,2656.9871891131315
2025-11-03,2025-12-02,1.1528,1.16077,1.0,bull_call,1.14128,1.16433,0.0486,0.012706,0.01949,0.006784,0.5339,0.01035,0.012706,True,0.22927799999999987,2734.95154361682
2025-11-04,2025-12-03,1.15191,1.16279,1.0,bull_call,1.1404,1.16343,0.0486,0.012697,0.022395,0.009699,0.7639,0.010342,0.012697,True,0.23897699999999988,2846.416206696311
2025-11-05,2025-12-04,1.14855,1.16668,1.0,bull_call,1.13707,1.16004,0.0491,0.012648,0.022971,0.010323,0.8161,0.010323,0.012648,True,0.24929999999999988,2965.0521193645845
2025-11-14,2025-12-15,1.1632,1.17376,-1.0,bear_put,1.15156,1.1632,0.0435,0.003401,0.0,-0.003401,-1.0,0.008231,0.003401,False,0.2458989999999999,2925.966510628287
2025-11-24,2025-12-23,1.15076,1.1766,1.0,bull_call,1.13925,1.16227,0.039,0.012941,0.023015,0.010074,0.7785,0.010074,0.012941,True,0.2559729999999999,3041.7408188933446
2025-12-04,2025-12-30,1.16668,1.17729,-1.0,bear_put,1.15502,1.16668,0.0349,0.002922,0.0,-0.002922,-1.0,0.008744,0.002922,False,0.2530509999999999,3008.160063607411
2025-12-11,2025-12-30,1.17012,1.17729,-1.0,bear_put,1.15842,1.17012,0.0387,0.003165,0.0,-0.003165,-1.0,0.008536,0.003165,False,0.2498859999999999,2971.78665824123
2025-12-12,2025-12-30,1.17394,1.17729,-1.0,bear_put,1.1622,1.17394,0.0399,0.003243,0.0,-0.003243,-1.0,0.008496,0.003243,False,0.24664299999999992,2934.516846676451
2025-12-15,2025-12-30,1.17376,1.17729,-1.0,bear_put,1.16203,1.17376,0.0386,0.003169,0.0,-0.003169,-1.0,0.008569,0.003169,False,0.2434739999999999,2898.097471761624
2025-12-16,2025-12-30,1.17546,1.17729,-1.0,bear_put,1.16371,1.17546,0.0381,0.003146,0.0,-0.003146,-1.0,0.008609,0.003146,False,0.2403279999999999,2861.9424217515116
2025-12-24,2025-12-30,1.17955,1.17729,-1.0,bear_put,1.16776,1.17955,0.0366,0.003067,0.002264,-0.000803,-0.2619,0.008729,0.003067,False,0.2395249999999999,2852.714034860819
