date,portfolio_returns,portfolio_costs,portfolio_net,equity,ret_EURUSD,ret_USDJPY,ret_GBPUSD,ret_AUDUSD
2004-01-01,0.0,0.0,0.0,100.0,0.0,0.0,0.0,0.0
2004-01-02,0.0,0.0,0.0,100.0,0.0,-0.0,0.0,0.0
2004-01-05,0.0,0.0,0.0,100.0,0.0,-0.0,0.0,0.0
2004-01-06,0.0,0.0,0.0,100.0,0.0,-0.0,0.0,0.0
2004-01-07,0.0,0.0,0.0,100.0,-0.0,-0.0,-0.0,0.0
2004-01-08,0.0,0.0,0.0,100.0,0.0,-0.0,0.0,0.0
2004-01-09,0.0,0.0,0.0,100.0,0.0,0.0,0.0,0.0
2004-01-12,0.0,0.0,0.0,100.0,-0.0,0.0,-0.0,0.0
2004-01-13,0.0,0.0,0.0,100.0,0.0,-0.0,0.0,0.0
2004-01-14,0.0,0.0,0.0,100.0,-0.0,0.0,-0.0,0.0
2004-01-15,0.0,0.0,0.0,100.0,-0.0,0.0,-0.0,0.0
2004-01-16,0.0,0.0,0.0,100.0,-0.0,0.0,-0.0,0.0
2004-01-19,-0.0009113996889295899,0.0,-0.0009113996889295899,99.90886003110704,-0.0036455987557183597,0.0,-0.0,0.0
2004-01-20,0.0047555118073386304,0.0,0.0047555118073386304,100.3839777946427,0.019022047229354522,-0.0,0.0,0.0
2004-01-21,-2.5e-05,0.0,-2.5e-05,100.38146819519783,-0.0001,-0.0,0.0,0.0
2004-01-22,0.0,0.0,0.0,100.38146819519783,0.0,-0.0,0.0,0.0
2004-01-23,0.0,0.0,0.0,100.38146819519783,-0.0,0.0,-0.0,0.0
2004-01-26,0.0,0.0,0.0,100.38146819519783,-0.0,-0.0,-0.0,0.0
2004-01-27,0.0,0.0,0.0,100.38146819519783,0.0,-0.0,0.0,0.0
2004-01-28,0.0,0.0,0.0,100.38146819519783,-0.0,0.0,-0.0,0.0
2004-01-29,0.0,0.0,0.0,100.38146819519783,-0.0,-0.0,0.0,0.0
2004-01-30,0.0,0.0,0.0,100.38146819519783,0.0,-0.0,0.0,0.0
2004-02-02,0.0,0.0,0.0,100.38146819519783,-0.0,-0.0,-0.0,0.0
2004-02-03,0.0,0.0,0.0,100.38146819519783,0.0,-0.0,0.0,0.0
2004-02-04,0.0,0.0,0.0,100.38146819519783,0.0,-0.0,-0.0,0.0
2004-02-05,0.0,0.0,0.0,100.38146819519783,0.0,0.0,0.0,0.0
2004-02-06,0.0,0.0,0.0,100.38146819519783,0.0,-0.0,0.0,0.0
2004-02-09,9.24021474338316e-05,0.0,9.24021474338316e-05,100.39074365842163,0.0003696085897353264,0.0,0.0,0.0
2004-02-10,-2.5e-05,0.0,-2.5e-05,100.38823388983016,-0.0001,-0.0,0.0,0.0
2004-02-11,0.0,0.0,0.0,100.38823388983016,0.0,-0.0,0.0,0.0
2004-02-12,0.0002089112714850322,0.0,0.0002089112714850322,100.40920612341422,0.0008356450859401288,-0.0,0.0,0.0
2004-02-13,-2.5e-05,0.0,-2.5e-05,100.40669589326112,-0.0001,-0.0,-0.0,0.0
2004-02-16,0.0,0.0,0.0,100.40669589326112,0.0,0.0,0.0,0.0
2004-02-17,0.0,0.0,0.0,100.40669589326112,0.0,0.0,0.0,0.0
2004-02-18,0.0,0.0,0.0,100.40669589326112,-0.0,0.0,-0.0,0.0
2004-02-19,0.0,0.0,0.0,100.40669589326112,0.0,0.0,0.0,0.0
2004-02-20,0.0,0.0,0.0,100.40669589326112,-0.0,0.0,-0.0,0.0
2004-02-23,0.0005721862954157193,0.0,0.0005721862954157193,100.46414722861923,0.002288745181662877,-0.0,0.0,0.0
2004-02-24,-2.5e-05,0.0,-2.5e-05,100.46163562493851,-0.0001,-0.0,0.0,0.0
2004-02-25,0.0,0.0,0.0,100.46163562493851,-0.0,0.0,-0.0,0.0
2004-02-26,-0.0010052999464575968,0.0,-0.0010052999464575968,100.36064154802371,-0.004021199785830387,0.0,-0.0,0.0
2004-02-27,0.0009245688920419548,0.0,0.0009245688920419548,100.45343187518438,0.003698275568167819,-0.0,0.0,0.0
2004-03-01,-2.5e-05,0.0,-2.5e-05,100.45092053938748,-0.0001,-0.0,-0.0,0.0
2004-03-02,0.0,0.0,0.0,100.45092053938748,-0.0,0.0,-0.0,0.0
2004-03-03,-0.0002931807081807153,0.0,-0.0002931807081807153,100.42147026736635,-0.0011727228327228611,-0.0,-0.0,0.0
2004-03-04,0.0003295843218581451,0.0,0.0003295843218581451,100.45456760954443,0.0013183372874325805,0.0,-0.0,0.0
2004-03-05,-2.5e-05,0.0,-2.5e-05,100.45205624535419,-0.0001,0.0,0.0,0.0
2004-03-08,0.0,0.0,0.0,100.45205624535419,0.0,-0.0,0.0,0.0
2004-03-09,0.0,0.0,0.0,100.45205624535419,-0.0,0.0,-0.0,0.0
2004-03-10,0.0,0.0,0.0,100.45205624535419,-0.0,-0.0,-0.0,0.0
2004-03-11,0.0,0.0,0.0,100.45205624535419,0.0,-0.0,0.0,0.0
2004-03-12,0.0,0.0,0.0,100.45205624535419,-0.0,-0.0,-0.0,0.0
2004-03-15,0.0,0.0,0.0,100.45205624535419,0.0,-0.0,0.0,0.0
2004-03-16,0.0,0.0,0.0,100.45205624535419,-0.0,-0.0,0.0,0.0
2004-03-17,0.0,0.0,0.0,100.45205624535419,-0.0,-0.0,0.0,0.0
2004-03-18,0.0,0.0,0.0,100.45205624535419,0.0,-0.0,0.0,0.0
2004-03-19,0.0,0.0,0.0,100.45205624535419,-0.0,-0.0,-0.0,0.0
2004-03-22,0.0,0.0,0.0,100.45205624535419,0.0,0.0,0.0,0.0
2004-03-23,0.0,0.0,0.0,100.45205624535419,-0.0,0.0,0.0,0.0
2004-03-24,0.0,0.0,0.0,100.45205624535419,-0.0,-0.0,-0.0,0.0
2004-03-25,-6.749752895649217e-05,0.0,-6.749752895649217e-05,100.44527597977901,-0.00026999011582596867,-0.0,-0.0,0.0
2004-03-26,-2.5e-05,0.0,-2.5e-05,100.4427648478795,-0.0001,0.0,0.0,0.0
2004-03-29,0.0,0.0,0.0,100.4427648478795,0.0,-0.0,0.0,0.0
2004-03-30,0.0,0.0,0.0,100.4427648478795,0.0,0.0,0.0,0.0
2004-03-31,0.0,7.500000000000001e-05,-7.500000000000001e-05,100.43523164051591,0.0,-0.0,0.0,0.0
2004-04-01,0.0,0.0,0.0,100.43523164051591,0.0,-0.0,0.0,0.0
2004-04-02,0.0,0.0,0.0,100.43523164051591,-0.0,0.0,-0.0,0.0
2004-04-05,0.0,0.0,0.0,100.43523164051591,-0.0,0.0,-0.0,0.0
2004-04-06,0.009726189736429126,0.0,0.009726189736429126,101.41208375967379,0.009726189736429126,0.0,0.0,0.0
2004-04-07,-0.0001,0.0,-0.0001,101.40194255129782,-0.0001,-0.0,-0.0,0.0
2004-04-08,0.0,0.0,0.0,101.40194255129782,-0.0,0.0,-0.0,0.0
2004-04-09,0.0,0.0,0.0,101.40194255129782,0.0,-0.0,0.0,0.0
2004-04-12,0.0,0.0,0.0,101.40194255129782,-0.0,-0.0,0.0,0.0
2004-04-13,0.0,0.0,0.0,101.40194255129782,-0.0,0.0,-0.0,0.0
2004-04-14,0.0,0.0,0.0,101.40194255129782,0.0,0.0,-0.0,0.0
2004-04-15,0.0,0.0,0.0,101.40194255129782,0.0,-0.0,0.0,0.0
2004-04-16,0.0,0.0,0.0,101.40194255129782,0.0,-0.0,0.0,0.0
2004-04-19,0.0,0.0,0.0,101.40194255129782,0.0,0.0,0.0,0.0
2004-04-20,0.0,0.0,0.0,101.40194255129782,-0.0,0.0,-0.0,0.0
2004-04-21,-0.00331223543152227,0.0,-0.00331223543152227,101.06607544435423,-0.00331223543152227,0.0,-0.0,0.0
2004-04-22,0.009742759298096537,0.0,0.009742759298096537,102.05073789061183,0.009742759298096537,0.0,0.0,0.0
2004-04-23,-0.0001,0.0,-0.0001,102.04053281682278,-0.0001,-0.0,-0.0,0.0
2004-04-26,0.0,0.0,0.0,102.04053281682278,0.0,-0.0,0.0,0.0
2004-04-27,0.0,0.0,0.0,102.04053281682278,0.0,0.0,0.0,0.0
2004-04-28,0.0,0.0,0.0,102.04053281682278,-0.0,0.0,-0.0,0.0
2004-04-29,0.0,0.0,0.0,102.04053281682278,0.0,-0.0,0.0,0.0
2004-04-30,0.0,0.0,0.0,102.04053281682278,0.0,0.0,0.0,0.0
2004-05-03,0.0,0.0,0.0,102.04053281682278,-0.0,-0.0,-0.0,0.0
2004-05-04,0.0,0.0,0.0,102.04053281682278,0.0,-0.0,0.0,0.0
2004-05-05,-0.0045500594861121015,0.0,-0.0045500594861121015,101.57624232251166,-0.0045500594861121015,-0.0,-0.0,0.0
2004-05-06,0.006738852740077128,0.0,0.006738852740077128,102.26074966141346,0.006738852740077128,0.0,0.0,0.0
2004-05-07,-0.0001,0.0,-0.0001,102.2505235864473,-0.0001,0.0,-0.0,0.0
2004-05-10,0.0,0.0,0.0,102.2505235864473,-0.0,0.0,-0.0,0.0
2004-05-11,0.0,0.0,0.0,102.2505235864473,0.0,-0.0,-0.0,0.0
2004-05-12,0.0,0.0,0.0,102.2505235864473,0.0,0.0,0.0,0.0
2004-05-13,0.0,0.0,0.0,102.2505235864473,-0.0,0.0,-0.0,0.0
2004-05-14,0.0,0.0,0.0,102.2505235864473,0.0,-0.0,-0.0,0.0
2004-05-17,0.0,0.0,0.0,102.2505235864473,0.0,0.0,0.0,0.0
2004-05-18,0.0,0.0,0.0,102.2505235864473,-0.0,-0.0,-0.0,0.0
2004-05-19,0.0,0.0,0.0,102.2505235864473,0.0,-0.0,0.0,0.0
2004-05-20,0.0,0.0,0.0,102.2505235864473,-0.0,-0.0,-0.0,0.0
2004-05-21,0.0,0.0,0.0,102.2505235864473,0.0,-0.0,0.0,0.0
2004-05-24,0.0,0.0,0.0,102.2505235864473,-0.0,0.0,0.0,0.0
2004-05-25,0.0,0.0,0.0,102.2505235864473,0.0,-0.0,0.0,0.0
2004-05-26,-0.0009235617469360968,0.0,-0.0009235617469360968,102.15608891425867,-0.0009235617469360968,0.0,0.0,0.0
2004-05-27,-0.0001,0.0,-0.0001,102.14587330536725,-0.0001,-0.0,0.0,0.0
2004-05-28,0.004616141515319849,0.0,0.004616141515319849,102.61739311175076,0.004616141515319849,-0.0,-0.0,0.0
2004-05-31,-0.0001,0.0,-0.0001,102.60713137243957,-0.0001,-0.0,-0.0,0.0
2004-06-01,0.0,0.0,0.0,102.60713137243957,0.0,0.0,0.0,0.0
2004-06-02,0.0,0.0,0.0,102.60713137243957,-0.0,-0.0,-0.0,0.0
2004-06-03,0.0,0.0,0.0,102.60713137243957,0.0,0.0,0.0,0.0
2004-06-04,0.0,0.0,0.0,102.60713137243957,0.0,0.0,-0.0,0.0
2004-06-07,0.0,0.0,0.0,102.60713137243957,0.0,-0.0,0.0,0.0
2004-06-08,0.0,0.0,0.0,102.60713137243957,-0.0,-0.0,-0.0,0.0
2004-06-09,0.0,0.0,0.0,102.60713137243957,-0.0,0.0,-0.0,0.0
2004-06-10,0.005385442779544547,0.0,0.005385442779544547,103.15971620721906,0.005385442779544547,-0.0,0.0,0.0
2004-06-11,-0.0001,0.0,-0.0001,103.14940023559835,-0.0001,0.0,-0.0,0.0
2004-06-14,0.003808046364754947,0.0,0.003808046364754947,103.54219793419217,0.003808046364754947,0.0,-0.0,0.0
2004-06-15,-0.0001,0.0,-0.0001,103.53184371439876,-0.0001,-0.0,0.0,0.0
2004-06-16,0.0,0.0,0.0,103.53184371439876,-0.0,0.0,-0.0,0.0
2004-06-17,0.0,0.0,0.0,103.53184371439876,0.0,-0.0,0.0,0.0
2004-06-18,0.0,0.0,0.0,103.53184371439876,0.0,-0.0,0.0,0.0
2004-06-21,0.0,0.0,0.0,103.53184371439876,-0.0,-0.0,-0.0,0.0
2004-06-22,0.0,0.0,0.0,103.53184371439876,-0.0,0.0,-0.0,0.0
2004-06-23,0.0,0.0,0.0,103.53184371439876,-0.0,-0.0,-0.0,0.0
2004-06-24,0.0,0.0,0.0,103.53184371439876,0.0,-0.0,0.0,0.0
2004-06-25,0.0,0.0,0.0,103.53184371439876,0.0,0.0,0.0,0.0
2004-06-28,0.0,0.0,0.0,103.53184371439876,-0.0,0.0,0.0,0.0
2004-06-29,0.0,0.0,0.0,103.53184371439876,-0.0,0.0,-0.0,0.0
2004-06-30,0.0,0.0,0.0,103.53184371439876,0.0,0.0,0.0,0.0
2004-07-01,0.0,0.0,0.0,103.53184371439876,-0.0,-0.0,0.0,0.0
2004-07-02,0.0,0.0,0.0,103.53184371439876,0.0,-0.0,0.0,0.0
2004-07-05,0.0007979168387439617,0.0,0.0007979168387439617,103.61445351584469,0.0007979168387439617,0.0,0.0,0.0
2004-07-06,0.001216228317912349,0.0,0.001216228317912349,103.74047234835568,0.001216228317912349,0.0,0.0,0.0
2004-07-07,-0.0001,0.0,-0.0001,103.73009830112085,-0.0001,-0.0,0.0,0.0
2004-07-08,-0.0020335925718284573,0.0,-0.0020335925718284573,103.51915354374066,-0.0020335925718284573,0.0,-0.0,0.0
2004-07-09,-0.0019373627092300616,0.0,-0.0019373627092300616,103.31859939597396,-0.0019373627092300616,-0.0,0.0,0.0
2004-07-12,-0.0001,0.0,-0.0001,103.30826753603436,-0.0001,0.0,0.0,0.0
2004-07-13,0.0,0.0,0.0,103.30826753603436,-0.0,0.0,-0.0,0.0
2004-07-14,0.0,0.0,0.0,103.30826753603436,0.0,0.0,-0.0,0.0
2004-07-15,0.0,0.0,0.0,103.30826753603436,-0.0,0.0,-0.0,0.0
2004-07-16,0.0,0.0,0.0,103.30826753603436,0.0,-0.0,0.0,0.0
2004-07-19,0.0011813914098062095,0.0,0.0011813914098062095,103.4303150358634,0.0011813914098062095,-0.0,-0.0,0.0
2004-07-20,-0.0001,0.0,-0.0001,103.41997200435982,-0.0001,0.0,-0.0,0.0
2004-07-21,0.0,0.0,0.0,103.41997200435982,-0.0,0.0,-0.0,0.0
2004-07-22,-0.000675971686107013,0.0,-0.000675971686107013,103.35006303150689,-0.000675971686107013,-0.0,0.0,0.0
2004-07-23,-0.013051599162302363,0.0,-0.013051599162302363,102.00117943542098,-0.013051599162302363,0.0,-0.0,0.0
2004-07-26,0.003556767096799973,0.0,0.003556767096799973,102.36397387427168,0.003556767096799973,-0.0,0.0,0.0
2004-07-27,-0.0001,0.0,-0.0001,102.35373747688425,-0.0001,0.0,-0.0,0.0
2004-07-28,-0.0017621464307428058,0.0,-0.0017621464307428058,102.17337520371619,-0.0017621464307428058,0.0,-0.0,0.0
2004-07-29,-0.0001,0.0,-0.0001,102.1631578661958,-0.0001,0.0,-0.0,0.0
2004-07-30,0.0,0.0,0.0,102.1631578661958,-0.0,-0.0,0.0,0.0
2004-08-02,0.0,0.0,0.0,102.1631578661958,0.0,-0.0,0.0,0.0
2004-08-03,0.0,0.0,0.0,102.1631578661958,0.0,-0.0,0.0,0.0
2004-08-04,0.0,0.0,0.0,102.1631578661958,0.0,0.0,0.0,0.0
2004-08-05,0.0,0.0,0.0,102.1631578661958,-0.0,0.0,-0.0,0.0
2004-08-06,0.0,0.0,0.0,102.1631578661958,0.0,-0.0,0.0,0.0
2004-08-09,0.0027473480330412084,0.0,0.0027473480330412084,102.44383561700876,0.0027473480330412084,0.0,0.0,0.0
2004-08-10,0.0030101122871928343,0.0,0.0030101122871928343,102.75220306534669,0.0030101122871928343,0.0,-0.0,0.0
2004-08-11,-0.0001,0.0,-0.0001,102.74192784504015,-0.0001,-0.0,0.0,0.0
2004-08-12,0.0,0.0,0.0,102.74192784504015,0.0,0.0,-0.0,0.0
2004-08-13,0.0,0.0,0.0,102.74192784504015,0.0,-0.0,0.0,0.0
2004-08-16,0.0012719354201110478,0.0,0.0012719354201110478,102.87260894219673,0.0012719354201110478,-0.0,-0.0,0.0
2004-08-17,-0.0001,0.0,-0.0001,102.86232168130252,-0.0001,-0.0,-0.0,0.0
2004-08-18,0.0,0.0,0.0,102.86232168130252,-0.0,-0.0,-0.0,0.0
2004-08-19,0.0,0.0,0.0,102.86232168130252,0.0,-0.0,0.0,0.0
2004-08-20,0.0,0.0,0.0,102.86232168130252,-0.0,-0.0,-0.0,0.0
2004-08-23,0.0,0.0,0.0,102.86232168130252,-0.0,0.0,-0.0,0.0
2004-08-24,-0.005863091688564037,0.0,-0.005863091688564037,102.25923045798646,-0.005863091688564037,-0.0,-0.0,0.0
2004-08-25,0.00033832964022217915,0.0,0.00033832964022217915,102.29382778663671,0.00033832964022217915,0.0,0.0,0.0
2004-08-26,0.0010768835475412075,0.0,0.0010768835475412075,102.40398632679515,0.0010768835475412075,-0.0,-0.0,0.0
2004-08-27,-0.0001,0.0,-0.0001,102.39374592816246,-0.0001,0.0,-0.0,0.0
2004-08-30,0.0,0.0,0.0,102.39374592816246,0.0,0.0,0.0,0.0
2004-08-31,0.0,0.0,0.0,102.39374592816246,0.0,-0.0,0.0,0.0
2004-09-01,0.0,0.0,0.0,102.39374592816246,0.0,0.0,-0.0,0.0
2004-09-02,0.0,0.0,0.0,102.39374592816246,-0.0,0.0,-0.0,0.0
2004-09-03,0.0,0.0,0.0,102.39374592816246,-0.0,0.0,-0.0,0.0
2004-09-06,0.0,0.0,0.0,102.39374592816246,0.0,-0.0,0.0,0.0
2004-09-07,0.0,0.0,0.0,102.39374592816246,0.0,-0.0,-0.0,0.0
2004-09-08,0.0,0.0,0.0,102.39374592816246,0.0,-0.0,0.0,0.0
2004-09-09,0.0,0.0,0.0,102.39374592816246,0.0,0.0,0.0,0.0
2004-09-10,-0.0026282067951046814,0.0,-0.0026282067951046814,102.12463398933784,-0.0026282067951046814,0.0,0.0,0.0
2004-09-13,0.0007235342506388687,0.0,0.0007235342506388687,102.19852465986308,0.0007235342506388687,0.0,-0.0,0.0
2004-09-14,-0.0001,0.0,-0.0001,102.18830480739709,-0.0001,-0.0,0.0,0.0
2004-09-15,0.0,0.0,0.0,102.18830480739709,-0.0,0.0,-0.0,0.0
2004-09-16,0.0,0.0,0.0,102.18830480739709,0.0,-0.0,0.0,0.0
2004-09-17,0.0,0.0,0.0,102.18830480739709,-0.0,0.0,-0.0,0.0
2004-09-20,0.0,0.0,0.0,102.18830480739709,-0.0,0.0,-0.0,0.0
2004-09-21,0.0,0.0,0.0,102.18830480739709,0.0,-0.0,0.0,0.0
2004-09-22,0.004929364468755903,0.0,0.004929364468755903,102.69202820623707,0.004929364468755903,0.0,-0.0,0.0
2004-09-23,-0.0001,0.0,-0.0001,102.68175900341645,-0.0001,0.0,0.0,0.0
2004-09-24,0.0,0.0,0.0,102.68175900341645,0.0,-0.0,0.0,0.0
2004-09-27,0.0,0.0,0.0,102.68175900341645,0.0,0.0,0.0,0.0
2004-09-28,0.0,0.0,0.0,102.68175900341645,0.0,0.0,0.0,0.0
2004-09-29,0.0,0.0,0.0,102.68175900341645,0.0,-0.0,-0.0,0.0
2004-09-30,0.0,0.0,0.0,102.68175900341645,0.0,-0.0,0.0,0.0
2004-10-01,0.0014270821714594706,0.0,0.0014270821714594706,102.82829431102431,0.0014270821714594706,0.0,-0.0,0.0
2004-10-04,-0.0001,0.0,-0.0001,102.81801148159322,-0.0001,0.0,-0.0,0.0
2004-10-05,0.0,0.0,0.0,102.81801148159322,0.0,0.0,-0.0,0.0
2004-10-06,0.0,0.0,0.0,102.81801148159322,-0.0,0.0,-0.0,0.0
2004-10-07,0.0,0.0,0.0,102.81801148159322,0.0,-0.0,0.0,0.0
2004-10-08,0.0,0.0,0.0,102.81801148159322,0.0,-0.0,0.0,0.0
2004-10-11,0.0,0.0,0.0,102.81801148159322,-0.0,-0.0,0.0,0.0
2004-10-12,0.0,0.0,0.0,102.81801148159322,-0.0,0.0,-0.0,0.0
2004-10-13,0.0,0.0,0.0,102.81801148159322,0.0,0.0,0.0,0.0
2004-10-14,0.0,0.0,0.0,102.81801148159322,0.0,-0.0,0.0,0.0
2004-10-15,0.0,0.0,0.0,102.81801148159322,0.0,-0.0,0.0,0.0
2004-10-18,7.0622056113218675e-06,0.0,7.0622056113218675e-06,102.81873760353086,-0.0009118000457579822,-0.0,0.0036754490054772162,0.0
2004-10-19,-0.0005133183381768621,0.0001389202887411813,-0.0006522386269180434,102.7516752512949,-0.0023911399440639247,-0.0,-0.0001,0.0
2004-10-20,-0.0008589499686798761,2.3474092348355624e-07,-0.0008591847096033597,102.66339258303286,-0.004792582951774094,-0.0,0.0,0.0
2004-10-21,-0.005539912460768155,1.2228133671286398e-05,-0.005552140594439441,102.09339099350971,-0.0032685827315346305,-0.0,-0.00625861252761829,0.0
2004-10-22,-0.002245221006345233,2.9622948232035662e-05,-0.0022748439545772687,101.86114446020585,-0.005622084956789841,0.0,-0.0001,0.0
2004-10-25,-0.003443702725904591,4.8485519488878195e-06,-0.0034485512778534787,101.50987108031397,-0.009454552900803437,-0.0,0.0,0.0
2004-10-26,0.001139590435187324,9.307174169354499e-06,0.0011302832610179693,101.62460598842415,0.0035869832742995156,0.0,-0.0,0.0
2004-10-27,-3.112347691048198e-05,1.293372299450918e-06,-3.24168492099329e-05,101.6213116388958,-0.0001,-0.0,-0.0,0.0
2004-10-29,0.0,3.520912549243027e-09,-3.520912549243027e-09,101.62131128109606,0.0,-0.0,0.0,0.0
2004-11-01,0.0,0.0,0.0,101.62131128109606,-0.0,0.0,-0.0,0.0
2004-11-02,0.0,0.0,0.0,101.62131128109606,-0.0,-0.0,0.0,0.0
2004-11-03,0.0,0.0,0.0,101.62131128109606,0.0,0.0,0.0,0.0
2004-11-04,0.0,0.0,0.0,101.62131128109606,0.0,-0.0,-0.0,0.0
2004-11-05,-0.0023034072916790745,0.0,-0.0023034072916790745,101.38723601170119,-0.007400448917183955,-0.0,0.0,0.0
2004-11-08,0.0013444572264852373,3.0714740104126504e-06,0.0013413857524748247,101.52323540557009,0.004543696953505427,0.0,-0.0,0.0
2004-11-09,-2.9151358043592986e-05,8.762846359145704e-07,-3.0027642679507555e-05,101.52018690213367,-0.0001,0.0,0.0,0.0
2004-11-10,0.0,0.0,0.0,101.52018690213367,-0.0,0.0,-0.0,0.0
2004-11-11,0.0,0.0,0.0,101.52018690213367,0.0,-0.0,-0.0,0.0
2004-11-12,0.0,0.0,0.0,101.52018690213367,0.0,-0.0,0.0,0.0
2004-11-15,0.0,1.7771817181937988e-07,-1.7771817181937988e-07,101.52016886015164,-0.0,-0.0,-0.0,0.0
2004-11-16,0.0,4.949993154612642e-09,-4.949993154612642e-09,101.5201683576275,0.0,0.0,0.0,0.0
2004-11-17,0.0,0.0,0.0,101.5201683576275,0.0,-0.0,0.0,0.0
2004-11-18,0.0019659877728212937,0.0,0.0019659877728212937,101.71975576731336,0.006724143621908973,0.0,-0.0,0.0
2004-11-19,-2.7702924569034895e-05,3.0696351277809566e-06,-3.0772559696815854e-05,101.71662559005665,-0.0001,-0.0,0.0,0.0
2004-11-22,-4.9360500093600105e-05,2.9269650169139186e-09,-4.936342705861702e-05,101.71160450882869,-0.00017816852695596842,0.0,-0.0,0.0
2004-11-23,-2.8629981646004e-05,1.8511871889212996e-06,-3.0481168834925297e-05,101.70850422023916,-0.0001,0.0,0.0,0.0
2004-11-24,-0.0017986803204361572,1.8916211447395083e-08,-0.0017986992366476047,101.52556121133765,-0.006280431237582607,-0.0,0.0,0.0
2004-11-25,-0.001678148156828137,2.006370211286851e-06,-0.001680154527039424,101.35498258005819,-0.006072270567480498,-0.0,0.0,0.0
2004-11-26,-0.0007479573302743461,1.6928360921294018e-06,-0.0007496501663664755,101.27900180050497,-0.0027919443535306954,0.0,0.0,0.0
2004-11-29,0.000601216421691579,2.5815451016309447e-07,0.000600958267181416,101.33986625392886,0.0022550611327795123,0.0,-0.0,0.0
2004-11-30,-2.6485969884031643e-05,3.49578921812771e-07,-2.6835548805844414e-05,101.33714674300202,-0.0001,-0.0,0.0,0.0
2004-12-01,0.0,3.846552108771606e-09,-3.846552108771606e-09,101.33714635320341,0.0,-0.0,0.0,0.0
2004-12-02,0.0,0.0,0.0,101.33714635320341,-0.0,0.0,-0.0,0.0
2004-12-03,0.0,0.0,0.0,101.33714635320341,0.0,-0.0,0.0,0.0
2004-12-06,0.001350254173566457,0.0,0.001350254173566457,101.47397725800414,0.005097627679958794,0.0,-0.0,0.0
2004-12-07,-2.579424626391496e-05,1.3872937923421314e-06,-2.7181540056257092e-05,101.47121903902662,-0.0001,-0.0,0.0,0.0
2004-12-08,0.0,2.8217840229549653e-09,-2.8217840229549653e-09,101.47121875269676,-0.0,0.0,-0.0,0.0
2004-12-09,0.0,0.0,0.0,101.47121875269676,-0.0,0.0,-0.0,0.0
2004-12-10,0.0,2.2443908191206453e-07,-2.2443908191206453e-07,101.47119597858958,-0.0,0.0,-0.0,0.0
2004-12-13,0.0,4.511001903632073e-08,-4.511001903632073e-08,101.471191401222,0.0,-0.0,0.0,0.0
2004-12-14,0.0,2.6007906275993256e-09,-2.6007906275993256e-09,101.47119113731668,-0.0,0.0,0.0,0.0
2004-12-15,0.0,0.0,0.0,101.47119113731668,0.0,-0.0,0.0,0.0
2004-12-16,0.0,0.0,0.0,101.47119113731668,-0.0,0.0,-0.0,0.0
2004-12-17,0.0,0.0,0.0,101.47119113731668,0.0,-0.0,0.0,0.0
2004-12-20,0.0,0.0,0.0,101.47119113731668,0.0,0.0,0.0,0.0
2004-12-21,0.0,0.0,0.0,101.47119113731668,-0.0,0.0,-0.0,0.0
2004-12-22,0.0,1.3082602314533232e-06,-1.3082602314533232e-06,101.47105838659267,0.0,-0.0,-0.0,0.0
2004-12-23,0.0,3.573102306142495e-09,-3.573102306142495e-09,101.4710580240262,0.0,-0.0,0.0,0.0
2004-12-24,-0.0005376098521838946,0.0,-0.0005376098521838946,101.41650618352097,-0.002022498204853795,0.0,-0.0,0.0
2004-12-27,-0.0016839710489262173,1.1351976063084801e-07,-0.0016840845686868482,101.24571221044715,-0.006348686684180205,-0.0,0.0,0.0
2004-12-28,0.0005669404077861473,1.5606581361665207e-06,0.0005653797496499808,101.30295448586983,0.002202190447998964,0.0,-0.0,0.0
2004-12-29,-2.558881827225901e-05,3.1113531000545595e-07,-2.5899953582264465e-05,101.3003307440509,-0.0001,0.0,-0.0,0.0
2004-12-30,0.0,3.983944095586889e-09,-3.983944095586889e-09,101.30033034047605,0.0,-0.0,0.0,0.0
2004-12-31,0.0,1.5245671644772973e-07,-1.5245671644772973e-07,101.30031489656031,-0.0,-0.0,-0.0,0.0
2005-01-03,0.0,4.219734859295388e-09,-4.219734859295388e-09,101.30031446909985,-0.0,0.0,-0.0,0.0
2005-01-04,-0.008279390723062602,0.0,-0.008279390723062602,100.46160958524104,-0.0,0.0,-0.011137933390227516,0.0
2005-01-05,0.0005307457997751534,2.5783213788569964e-05,0.0005049625859865834,100.51233893940959,-0.0002460276048717013,-0.0,0.0010181807411315802,0.0
2005-01-06,-0.005758695566478815,2.108013225620653e-07,-0.005758906367801376,99.9334977906488,-0.007303434026007971,0.0,-0.00478503294499355,0.0
2005-01-07,-0.0052902814583226645,3.489386350379986e-07,-0.005290630396957702,99.4047865895633,-0.009260276554085345,0.0,-0.002769495338169725,0.0
2005-01-10,0.0013456995106625844,2.5621851394466377e-06,0.0013431373255231378,99.5383008687674,0.0037495205969444445,-0.0,-0.0001,0.0
2005-01-11,-3.7142654309535716e-05,8.253174578539968e-07,-3.796797176738971e-05,99.53452160137024,-0.0001,-0.0,0.0,0.0
2005-01-12,0.0,5.619894356340139e-09,-5.619894356340139e-09,99.53452104199675,0.0,-0.0,0.0,0.0
2005-01-13,0.0,0.0,0.0,99.53452104199675,-0.0,0.0,-0.0,0.0
2005-01-14,0.0,0.0,0.0,99.53452104199675,-0.0,-0.0,-0.0,0.0
2005-01-17,0.0,1.955385420045003e-06,-1.955385420045003e-06,99.53432641364552,-0.0,0.0,-0.0,0.0
2005-01-18,0.002004167501620222,1.0083760371653595e-07,0.0020040666640165055,99.73379983913642,-0.0,0.0,0.0031422242682865756,0.0
2005-01-19,-6.270443301290444e-05,2.154753277091831e-06,-6.485918628999627e-05,99.72733118603325,-0.0,0.0,-0.0001,0.0
2005-01-20,0.0,4.3094813022756806e-06,-4.3094813022756806e-06,99.72690141296418,-0.0,0.0,-0.0,0.0
2005-01-21,0.0,1.0977464337438847e-06,-1.0977464337438847e-06,99.7267919381138,0.0,-0.0,0.0,0.0
2005-01-24,0.0,3.921959755430971e-06,-3.921959755430971e-06,99.72640081364929,0.0,-0.0,0.0,0.0
2005-01-25,0.0,8.29986682060363e-07,-8.29986682060363e-07,99.72631804206478,-0.0,0.0,-0.0,0.0
2005-01-26,0.0,3.6503355867412157e-09,-3.6503355867412157e-09,99.72631767803026,0.0,-0.0,0.0,0.0
2005-01-27,0.0,0.0,0.0,99.72631767803026,-0.0,-0.0,0.0,0.0
2005-01-28,0.0,0.0,0.0,99.72631767803026,0.0,-0.0,-0.0,0.0
2005-01-31,0.0,0.0,0.0,99.72631767803026,0.0,0.0,-0.0,0.0
2005-02-01,0.0,0.0,0.0,99.72631767803026,-0.0,0.0,-0.0,0.0
2005-02-02,0.0,0.0,0.0,99.72631767803026,-0.0,0.0,0.0,0.0
2005-02-03,0.0,2.9401778216039342e-06,-2.9401778216039342e-06,99.72602446492277,-0.0,0.0,-0.0,0.0
2005-02-04,-0.0035843319422402004,1.5256196056334992e-06,-0.0035858575618458338,99.36842114598241,-0.008894842064934749,-0.0,-0.0,0.0
2005-02-07,-0.002781886792045161,4.389110541626306e-06,-0.0027862759025867874,99.09155330866527,-0.007301120265351013,0.0,-0.0,0.0
2005-02-08,-0.003432712768790176,2.369650732647177e-06,-0.0034350824195228235,98.75116565597146,0.0004597812364053322,-0.008590740242697913,-0.002306128848575295,0.0
2005-02-09,0.002111838062625023,7.244925674144397e-05,0.0020393888058835787,98.9525576777782,0.003369806115258056,0.0011352071480592585,0.0028445048592633526,0.0
2005-02-10,-0.0011191328826576617,6.81568855113493e-07,-0.001119814451512775,98.84174917367649,-0.0001,-0.0021782684431352894,-0.0001,0.0
2005-02-11,-4.835473969384832e-05,1.3657125851161663e-06,-4.972045227896449e-05,98.83683471720353,-0.0,-0.0001,0.0,0.0
2005-02-14,0.0,6.611230724754003e-09,-6.611230724754003e-09,98.83683406377043,0.0,-0.0,0.0,0.0
2005-02-15,0.0,0.0,0.0,98.83683406377043,0.0,-0.0,0.0,0.0
2005-02-16,0.0,1.8251361039696686e-06,-1.8251361039696686e-06,98.83665367309618,0.0,0.0,-0.0,0.0
2005-02-17,0.0,4.360325351013272e-09,-4.360325351013272e-09,98.83665324213621,0.0,0.0,0.0,0.0
2005-02-18,7.241514364109022e-05,7.220135112628867e-09,7.24079235059776e-05,98.84380979896375,0.000357418170287216,0.0,-0.0,0.0
2005-02-21,-2.0247766114325968e-05,2.5711323626614882e-08,-2.0273477437952584e-05,98.84180589121591,-0.0001,-0.0,0.0,0.0
2005-02-22,0.0,1.2534685641817202e-06,-1.2534685641817202e-06,98.84168199611939,0.0,-0.0,0.0,0.0
2005-02-23,0.0009198443566983203,1.3327968668509855e-06,0.0009185115598314693,98.932469223626,0.004270222723593997,0.0,-0.0,0.0
2005-02-24,-2.1193798296639047e-05,6.942010664065412e-07,-2.1887999363045587e-05,98.93030378980264,-0.0001,0.0,0.0,0.0
2005-02-25,0.0,2.894479506634906e-07,-2.894479506634906e-07,98.93027515462894,0.0,-0.0,0.0,0.0
2005-02-28,0.0,2.6962245994521796e-09,-2.6962245994521796e-09,98.9302748878907,-0.0,-0.0,-0.0,0.0
2005-03-01,0.0,0.0,0.0,98.9302748878907,-0.0,-0.0,-0.0,0.0
2005-03-02,0.0,0.0,0.0,98.9302748878907,-0.0,0.0,-0.0,0.0
2005-03-03,0.0,0.0,0.0,98.9302748878907,-0.0,0.0,-0.0,0.0
2005-03-04,0.0,1.3873354087962143e-06,-1.3873354087962143e-06,98.93013763841735,0.0,-0.0,0.0,0.0
2005-03-07,0.0,3.765838587863058e-09,-3.765838587863058e-09,98.93013726586241,-0.0,0.0,-0.0,0.0
2005-03-08,0.0,0.0,0.0,98.93013726586241,0.0,-0.0,0.0,0.0
2005-03-09,-0.00043458180401703987,0.0,-0.00043458180401703987,98.88714402833777,-0.001972775041737107,-0.0,-0.0,0.0
2005-03-10,-0.0010012109615665397,1.0230065458400329e-07,-0.0010013132622211237,98.78812701955903,-0.00455555410001196,-0.0,0.0,0.0
2005-03-11,-0.0005616015786916283,7.588470453517099e-07,-0.00056236042573698,98.73257248639055,-0.0026002017105744013,0.0,0.0,0.0
2005-03-14,0.0017221104982632898,1.7437339897662108e-07,0.0017219361248643132,98.90258366965566,0.008005646485218731,0.0,-0.0,0.0
2005-03-15,-2.005894021894686e-05,2.904516352744427e-06,-2.296345657169129e-05,98.90031252447072,-0.0001,-0.0,-0.0,0.0
2005-03-16,0.0,2.9008304311572975e-09,-2.9008304311572975e-09,98.90031223757768,0.0,-0.0,0.0,0.0
2005-03-17,0.0,0.0,0.0,98.90031223757768,-0.0,0.0,-0.0,0.0
2005-03-18,0.0,0.0,0.0,98.90031223757768,-0.0,0.0,-0.0,0.0
2005-03-21,0.0,0.0,0.0,98.90031223757768,-0.0,0.0,-0.0,0.0
2005-03-22,-0.0030883774400484814,0.0,-0.0030883774400484814,98.5948707444494,-0.0064815543424396995,0.0,-0.005587062459898051,0.0
2005-03-23,-0.0037171308185254557,3.0103624856126862e-06,-0.0037201411810110683,98.2280839055565,-0.00643147374661146,0.0,-0.007950034819216634,0.0
2005-03-24,-0.0038142051080448645,4.755419429636587e-06,-0.003818960527474501,97.85295473043173,-0.004694359272944482,-0.0049153572769482625,-0.0011771216644553828,0.0
2005-03-25,0.0012103792448514444,6.56633561170289e-06,0.0012038129092397415,97.97075138054348,0.0018656747374605764,0.0005637808647441789,0.0017781951924924488,0.0
2005-03-28,-0.004052835217613441,3.1819027548862235e-07,-0.0040531534078889295,97.573660895712,-0.0001,-0.008273761267093338,-0.0001,0.0
2005-03-29,-4.231683261085602e-05,1.2086439230741695e-05,-5.4403271841597715e-05,97.5683525693137,0.0,-0.0001,0.0,0.0
2005-03-30,0.0,9.055359327914126e-09,-9.055359327914126e-09,97.56835168579721,-0.0,0.0,0.0,0.0
2005-03-31,0.0,0.0,0.0,97.56835168579721,0.0,-0.0,0.0,0.0
2005-04-01,0.0,0.0,0.0,97.56835168579721,-0.0,0.0,-0.0,0.0
2005-04-04,0.0,1.3319839315631433e-05,-1.3319839315631433e-05,97.56705209103046,-0.0,0.0,-0.0,0.0
2005-04-05,0.00011321447663456315,2.5828712054477565e-07,0.00011295618951401838,97.57807289345679,0.0005171978808025002,-0.0,0.0,0.0
2005-04-06,-2.202359633753858e-05,3.049209920128476e-06,-2.5072806257667055e-05,97.57562633734014,-0.0001,0.0,-0.0,0.0
2005-04-07,0.0,2.829311916693611e-06,-2.829311916693611e-06,97.57535026545777,-0.0,-0.0,-0.0,0.0
2005-04-08,0.0,8.304589553371627e-07,-8.304589553371627e-07,97.57526923313432,0.0,-0.0,0.0,0.0
2005-04-11,0.0,3.482939860641188e-09,-3.482939860641188e-09,97.57526889328552,0.0,-0.0,0.0,0.0
2005-04-12,0.0,0.0,0.0,97.57526889328552,-0.0,0.0,0.0,0.0
2005-04-13,0.0,0.0,0.0,97.57526889328552,-0.0,-0.0,0.0,0.0
2005-04-14,0.0,0.0,0.0,97.57526889328552,-0.0,0.0,-0.0,0.0
2005-04-15,0.0013759422269014497,0.0,0.0013759422269014497,97.70952682605707,0.005768728861652128,-0.0,0.0,0.0
2005-04-18,-2.250676227207079e-05,3.2805911741102536e-06,-2.5787353446181044e-05,97.70700715595375,-0.0001,-0.0,0.0,0.0
2005-04-19,-0.0008371295144998364,7.935061905067765e-09,-0.0008371374495617415,97.6252129611789,-0.0037190566716931548,-0.0,0.0,0.0
2005-04-20,-0.00037292500261031574,4.933803331870657e-07,-0.0003734183829435028,97.58875791202043,-0.0016751263940757433,-0.0,0.0,0.0
2005-04-21,0.0006786617694231603,6.601521900616304e-08,0.0006785957542041541,97.6549812287976,0.003052979246281451,-0.0,-0.0,0.0
2005-04-22,-2.1989088310290123e-05,4.808068625059614e-07,-2.2469895172796086e-05,97.65278693160627,-0.0001,-0.0,0.0,0.0
2005-04-25,0.0,2.3728268230133187e-09,-2.3728268230133187e-09,97.65278669989313,-0.0,-0.0,-0.0,0.0
2005-04-26,0.0,0.0,0.0,97.65278669989313,-0.0,0.0,-0.0,0.0
2005-04-27,0.0,0.0,0.0,97.65278669989313,-0.0,-0.0,-0.0,0.0
2005-04-28,0.0,0.0,0.0,97.65278669989313,-0.0,0.0,0.0,0.0
2005-04-29,0.0,0.0,0.0,97.65278669989313,-0.0,-0.0,0.0,0.0
2005-05-02,-0.000533311333275185,0.0,-0.000533311333275185,97.60070736202017,-0.0024252145094866393,0.0,-0.0,0.0
2005-05-03,0.0004020049678688144,1.6827319496512118e-07,0.0004018366946738493,97.63992690766436,0.0031831733348401947,-0.0,-0.0006869237613779222,0.0
2005-05-04,0.001896823311535927,4.754187341713956e-07,0.0018963478928017555,97.82508617730903,-0.0001,-0.0,0.0044508766220072715,0.0
2005-05-05,-4.005552656681244e-05,6.096312436075072e-06,-4.615183900288751e-05,97.82057136968133,0.0,-0.0,-0.0001,0.0
2005-05-06,0.0,2.8690200331903644e-06,-2.8690200331903644e-06,97.82029072050241,-0.0,0.0,-0.0,0.0
2005-05-09,-0.0005797158168501626,1.220801182786919e-05,-0.0005919238286780317,97.76238855949674,0.0032552113708725797,0.0,-0.0037000169145653514,0.0
2005-05-10,0.0001839088527609832,9.338489806172996e-07,0.0001829750037803659,97.78027663291297,-0.0001,-0.0,0.0005846615768305696,0.0
2005-05-11,-3.503189838445685e-05,1.0674450883551984e-06,-3.609934347281205e-05,97.77674682912195,-0.0,0.0,-0.0001,0.0
2005-05-12,-0.001902405077100006,1.1610622085833633e-08,-0.0019024166877220918,97.59073471428304,-0.0,0.0,-0.005429704944627811,0.0
2005-05-13,-0.0012626342276897424,4.187435389978375e-06,-0.0012668216630797207,97.46710465743112,-0.005222108232561984,0.0,-0.0001,0.0
2005-05-16,0.00043278171343466814,1.4421193141438805e-06,0.00043133959412052425,97.50914607879416,0.0018959428335203476,-0.0,-0.0,0.0
2005-05-17,-2.271795528853249e-05,2.175454009391731e-07,-2.293550068947166e-05,97.50690965770704,-0.0001,0.0,-0.0,0.0
2005-05-18,0.0,8.895812981885021e-10,-8.895812981885021e-10,97.50690957096671,0.0,-0.0,0.0,0.0
2005-05-19,0.0,1.1795114286775044e-08,-1.1795114286775044e-08,97.50690842086158,-0.0,0.0,-0.0,0.0
2005-05-20,0.0,9.492136252842176e-10,-9.492136252842176e-10,97.50690832830668,-0.0,0.0,-0.0,0.0
2005-05-23,0.0,0.0,0.0,97.50690832830668,0.0,-0.0,0.0,0.0
2005-05-24,0.0,1.0631212906442645e-06,-1.0631212906442645e-06,97.50680466663646,-0.0,-0.0,-0.0,0.0
2005-05-25,0.0,1.7656254237913283e-09,-1.7656254237913283e-09,97.50680449447596,0.0,0.0,0.0,0.0
2005-05-26,0.0,0.0,0.0,97.50680449447596,-0.0,0.0,-0.0,0.0
2005-05-27,0.0012407256342822917,0.0,0.0012407256342822917,97.62778368632922,0.005335421480936675,-0.0,0.0,0.0
2005-05-30,-2.2455984029343027e-05,1.5970336655590724e-06,-2.4053017694902098e-05,97.62543544352069,-0.0001,-0.0,-0.0,0.0
2005-05-31,-0.0031705719028132188,7.282908387529208e-10,-0.0031705726311040574,97.31590690980384,-0.014118822339851633,0.0,-0.0,0.0
2005-06-01,-0.0017159748848601887,7.191445042589087e-06,-0.0017231663299027778,97.14821541565291,-0.009098186435531508,0.0,-0.0,0.0
2005-06-02,0.001040027566416473,1.9478171604384613e-06,0.0010380797492560345,97.24906301075225,0.005814524611517102,-0.0,0.0,0.0
2005-06-03,-1.7440907816057142e-05,8.916185143829802e-07,-1.833252633044012e-05,97.247280189744,-0.0001,-0.0,-0.0,0.0
2005-06-06,0.0,1.540609456332498e-09,-1.540609456332498e-09,97.24728003992392,0.0,-0.0,0.0,0.0
2005-06-07,0.0,5.215248164711639e-08,-5.215248164711639e-08,97.24727496823692,0.0,-0.0,0.0,0.0
2005-06-08,0.0016927975002229197,3.979332821561904e-07,0.0016923995669407635,97.41185621427934,-0.0,0.0,0.004771070288818724,0.0
2005-06-09,-3.3778959361724774e-05,3.4029935142128266e-06,-3.71819528759376e-05,97.40823425123202,-0.0,0.0,-0.0001,0.0
2005-06-10,0.0,1.7619361712212012e-06,-1.7619361712212012e-06,97.40806262414073,-0.0,0.0,-0.0,0.0
2005-06-13,0.0,1.831522123574292e-09,-1.831522123574292e-09,97.4080624457357,-0.0,0.0,-0.0,0.0
2005-06-14,-0.0014660215661273825,0.0,-0.0014660215661273825,97.26526012547556,-0.007688365083998072,-0.0,-0.0,0.0
2005-06-15,0.0014668181421323512,1.3561465455541378e-06,0.001465461995586797,97.4077986676803,0.007976181189019327,-0.0,0.0,0.0
2005-06-16,-1.7586017416144567e-05,1.6079255866565972e-06,-1.9193943002801165e-05,97.40592902794465,-0.0001,-0.0,-0.0,0.0
2005-06-17,0.0,1.3915811140241541e-09,-1.3915811140241541e-09,97.4059288923964,0.0,-0.0,0.0,0.0
2005-06-20,0.0,3.628661248381199e-06,-3.628661248381199e-06,97.40557543927687,-0.0,0.0,-0.0,0.0
2005-06-21,0.0,1.1939725070220192e-05,-1.1939725070220192e-05,97.40441244348582,0.0,-0.0,0.0,0.0
2005-06-22,0.0,6.544654605664441e-06,-6.544654605664441e-06,97.40377496524931,-0.0,0.0,-0.0,0.0
2005-06-23,0.0,6.887915882365703e-07,-6.887915882365703e-07,97.40370787434846,-0.0,0.0,-0.0,0.0
2005-06-24,0.0,0.00010706890097862263,-0.00010706890097862263,97.3932789663951,0.0,0.0,0.0,0.0
2005-06-27,0.0,0.00017208929580265974,-0.00017208929580265974,97.37651862560186,0.0,0.0,0.0,0.0
2005-06-28,0.0,0.0,0.0,97.37651862560186,-0.0,0.0,-0.0,0.0
2005-06-29,0.0,0.0,0.0,97.37651862560186,0.0,0.0,-0.0,0.0
2005-06-30,0.0,0.0,0.0,97.37651862560186,0.0,0.0,-0.0,0.0
2005-07-01,0.0,0.0,0.0,97.37651862560186,-0.0,0.0,-0.0,0.0
2005-07-04,-0.0006573548749651241,1.391140187445572e-08,-0.0006573687863669985,97.3125063417323,-0.0023626352774751666,-0.0,-0.0,0.0
2005-07-05,0.0005129698405556918,1.671574591077252e-07,0.0005128026830965841,97.36240845608319,0.0018492481385896653,-0.0,-0.0,0.0
2005-07-06,-2.767141632391716e-05,1.3591353567241617e-07,-2.7807329859589577e-05,97.35970106747533,-0.0001,0.0,-0.0,0.0
2005-07-07,0.0,6.312772664940347e-10,-6.312772664940347e-10,97.35970100601435,0.0,-0.0,-0.0,0.0
2005-07-08,0.0,0.0,0.0,97.35970100601435,0.0,0.0,-0.0,0.0
2005-07-11,0.0,0.0,0.0,97.35970100601435,0.0,-0.0,0.0,0.0
2005-07-12,0.0,0.0,0.0,97.35970100601435,0.0,-0.0,0.0,0.0
2005-07-13,0.0033652370608542874,0.0,0.0033652370608542874,97.68733948007349,0.0121612809252729,0.0,-0.0,0.0
2005-07-14,-2.5918817444597765e-05,3.5058290359053113e-06,-2.9424646480503077e-05,97.68446506464366,-0.0001,0.0,-0.0,0.0
2005-07-15,0.0,0.0,0.0,97.68446506464366,-0.0,-0.0,-0.0,0.0
2005-07-18,0.0,3.7731499694970695e-07,-3.7731499694970695e-07,97.68442820683003,0.0,-0.0,-0.0,0.0
2005-07-19,0.0,8.101248919133442e-08,-8.101248919133442e-08,97.68442029317134,-0.0,0.0,-0.0,0.0
2005-07-20,0.0,2.594974034796083e-07,-2.594974034796083e-07,97.68439494431792,0.0,-0.0,0.0,0.0
2005-07-21,0.0,2.576700838974322e-10,-2.576700838974322e-10,97.68439491914758,0.0,-0.0,0.0,0.0
2005-07-22,0.0,0.0,0.0,97.68439491914758,-0.0,0.0,-0.0,0.0
2005-07-25,0.0,0.0,0.0,97.68439491914758,0.0,0.0,0.0,0.0
2005-07-26,0.0,0.0,0.0,97.68439491914758,-0.0,0.0,-0.0,0.0
2005-07-27,0.0,0.0,0.0,97.68439491914758,0.0,-0.0,0.0,0.0
2005-07-28,0.0,0.0,0.0,97.68439491914758,0.0,-0.0,0.0,0.0
2005-07-29,-0.001083545467318969,1.7021556638501245e-07,-0.001083715682885354,97.57853280840052,-0.0,0.0,-0.0014714681131626883,0.0
2005-08-01,-0.004160592702128308,6.658377002300986e-07,-0.004161258539828538,97.17248330544763,0.0,-0.0,-0.005675796948689582,0.0
2005-08-02,-0.001227731240598344,2.206415813824997e-06,-0.001229937656412169,97.05296720906318,0.0,-0.0,-0.0017004374267748368,0.0
2005-08-03,-0.0026870017551055697,4.5683820784527267e-07,-0.002687458593313415,96.79214137833063,0.0,-0.0,-0.0037333734646862737,0.0
2005-08-04,-0.002523027564560563,2.327802512492605e-06,-0.0025253553670730555,96.54770682461036,-0.004149823703892175,0.0,-0.0018523676712121073,0.0
2005-08-05,0.0003610038897460876,1.9326645629810125e-06,0.0003590712251831066,96.58237432798849,0.0015333128827447196,0.0,-0.0001,0.0
2005-08-08,-2.8119352324577942e-05,2.114580375411568e-07,-2.8330810362119098e-05,96.57963807105708,-0.0001,0.0,0.0,0.0
2005-08-09,0.0,7.988279814291621e-09,-7.988279814291621e-09,96.5796372995519,0.0,-0.0,0.0,0.0
2005-08-10,0.0,5.999564225123905e-06,-5.999564225123905e-06,96.57905786381508,0.0,-0.0,0.0,0.0
2005-08-11,-0.006838920176788234,7.662790231640682e-07,-0.006839686455811398,95.91848738982893,0.0,-0.0,-0.00918058473913842,0.0
2005-08-12,-0.0018063461048795624,1.4965071474043357e-05,-0.0018213111763536057,95.7437899767269,-0.0,-0.0033816829568502735,-0.0014339866611550178,0.0
2005-08-15,0.0005055884588427892,0.00011786792902322639,0.0003877205298195628,95.78091180970361,-0.0,-9.140760170744944e-05,0.002985958213791995,0.0
2005-08-16,-9.049444074207067e-05,1.0117911532576255e-06,-9.150623189532829e-05,95.7721472593764,-0.0,-0.0001,-0.0001,0.0
2005-08-17,0.0,2.71613242878721e-09,-2.71613242878721e-09,95.77214699924656,-0.0,0.0,-0.0,0.0
2005-08-18,-0.000737936429412327,0.0,-0.000737936429412327,95.70147324305279,-0.0077636993978889126,0.0,-0.0,0.0
2005-08-19,-0.00021768985094931443,7.353025159514401e-07,-0.00021842515346526587,95.68056963407282,-0.0023824288485421174,-0.0,0.0,0.0
2005-08-22,0.0005928865371217295,5.5860324202035294e-08,0.0005928306767975274,95.73729201092536,0.006508529750756775,-0.0,0.0,0.0
2005-08-23,-8.859845498546462e-06,4.990637701505416e-07,-9.358909268697004e-06,95.73639601429579,-0.0001,0.0,-0.0,0.0
2005-08-24,0.0,1.3259346402227924e-10,-1.3259346402227924e-10,95.73639600160178,0.0,0.0,-0.0,0.0
2005-08-25,0.0,3.332289541719574e-07,-3.332289541719574e-07,95.73636409946266,0.0,-0.0,0.0,0.0
2005-08-26,0.0,3.3335963081915224e-10,-3.3335963081915224e-10,95.73636406754802,-0.0,0.0,-0.0,0.0
2005-08-29,0.0,2.7969576349071684e-06,-2.7969576349071684e-06,95.7360962969936,-0.0,0.0,-0.0,0.0
2005-08-30,0.0,1.7023176002521762e-06,-1.7023176002521762e-06,95.7359333237519,-0.0,0.0,-0.0,0.0
2005-08-31,0.0,7.759048000995528e-07,-7.759048000995528e-07,95.7358590417817,0.0,-0.0,0.0,0.0
2005-09-01,-0.001420458145879775,6.653318673471853e-10,-0.0014204588112116422,95.59987019725688,-0.012177844399297488,-0.0,0.0,0.0
2005-09-02,-0.0013457233280484056,3.009077912917417e-06,-0.001348732405961323,95.47093155431614,-0.003446568406713979,-0.0,-0.00538730713886616,0.0
2005-09-05,1.5733848151914173e-06,2.0533225251038096e-06,-4.799377099123923e-07,95.47088573421588,0.0004885152778492108,-0.0,-0.00027649217937386616,0.0
2005-09-06,0.0001709795518558778,2.201166461184802e-06,0.000168778385394693,95.48699915616231,-0.0001,0.0,0.0009757676601720444,0.0
2005-09-07,-1.846894013925957e-05,1.6946119233675478e-07,-1.8638401331596326e-05,95.48521943115009,-0.0,0.0,-0.0001,0.0
2005-09-08,0.0,6.770645041824508e-09,-6.770645041824508e-09,95.48521878465355,-0.0,0.0,-0.0,0.0
2005-09-09,0.0,0.0,0.0,95.48521878465355,0.0,-0.0,0.0,0.0
2005-09-12,0.0,9.922760617565792e-07,-9.922760617565792e-07,95.4851240369567,-0.0,0.0,-0.0,0.0
2005-09-13,0.0,1.3321477327746703e-06,-1.3321477327746703e-06,95.4849968366652,-0.0,0.0,0.0,0.0
2005-09-14,0.0,5.096989430408706e-10,-5.096989430408706e-10,95.48499678799661,-0.0,-0.0,0.0,0.0
2005-09-15,0.0,0.0,0.0,95.48499678799661,-0.0,0.0,-0.0,0.0
2005-09-16,0.0,0.0,0.0,95.48499678799661,0.0,0.0,0.0,0.0
2005-09-19,0.0,0.0,0.0,95.48499678799661,-0.0,0.0,-0.0,0.0
2005-09-20,-0.00019638647453064286,0.0,-0.00019638647453064286,95.46624482610683,-0.0017482461606144306,0.0,-0.0,0.0
2005-09-22,0.0003241605949121666,5.462792489217966e-08,0.0003241059669872744,95.49718600570083,0.002892734041886502,-0.0,-0.0,0.0
2005-09-23,-1.110337686292908e-05,2.0530284196684512e-07,-1.1308679704895924e-05,95.49610605861157,-0.0001,0.0,-0.0,0.0
2005-09-26,0.00028515548547299036,4.1273035970706974e-10,0.00028515507274263065,95.52333725768136,0.002568139307958839,-0.0,0.0,0.0
2005-09-27,-1.1025960853975683e-05,1.5524474826650314e-07,-1.1181205602242187e-05,95.52226919160766,-0.0001,0.0,-0.0,0.0
2005-09-28,0.0,2.3762892052414665e-10,-2.3762892052414665e-10,95.5222691689088,0.0,-0.0,0.0,0.0
2005-09-29,0.0,0.0,0.0,95.5222691689088,-0.0,0.0,-0.0,0.0
2005-09-30,0.0,0.0,0.0,95.5222691689088,0.0,0.0,0.0,0.0
2005-10-03,0.0,1.1041783914107068e-07,-1.1041783914107068e-07,95.52225862154626,-0.0,0.0,-0.0,0.0
2005-10-04,4.455724671150511e-05,8.08169779522236e-08,4.4476429733552886e-05,95.52650711056984,0.0004006335220523184,0.0,0.0,0.0
2005-10-05,0.0008681507525695924,5.343135974067437e-09,0.0008681454094336184,95.6094380091971,0.007807795313242494,-0.0,0.0,0.0
2005-10-06,-1.0507322487067484e-05,1.223406043856147e-06,-1.1730728530923632e-05,95.60831644083484,-0.0001,-0.0,0.0,0.0
2005-10-07,0.0003514498633652421,3.007708861621494e-10,0.0003514495625943559,95.64191794182835,0.0033448568269944692,0.0,-0.0,0.0
2005-10-10,-1.0410068566049724e-05,1.9420707114935905e-07,-1.0604275637199084e-05,95.64090372856803,-0.0001,0.0,-0.0,0.0
2005-10-11,0.0,4.747645817607116e-10,-4.747645817607116e-10,95.64090368316111,-0.0,0.0,-0.0,0.0
2005-10-12,0.0,3.293954594293558e-06,-3.293954594293558e-06,95.64058864636702,0.0,-0.0,0.0,0.0
2005-10-13,0.0,3.316657566060366e-10,-3.316657566060366e-10,95.6405886146463,-0.0,0.0,0.0,0.0
2005-10-14,0.0,0.0,0.0,95.6405886146463,0.0,-0.0,0.0,0.0
2005-10-17,0.0,0.0,0.0,95.6405886146463,-0.0,0.0,-0.0,0.0
2005-10-18,0.0,0.0,0.0,95.6405886146463,-0.0,0.0,-0.0,0.0
2005-10-19,0.0,0.0,0.0,95.6405886146463,0.0,-0.0,0.0,0.0
2005-10-20,0.0,0.0,0.0,95.6405886146463,0.0,-0.0,0.0,0.0
2005-10-21,0.0005538383764064163,0.0,0.0005538383764064163,95.69355804296319,-0.0,0.0,0.0030658883575045317,0.0
2005-10-24,-1.756528333052392e-05,9.984968810578283e-07,-1.8563780211581748e-05,95.69178160878401,0.0,-0.0,-0.0001,0.0
2005-10-25,0.0,5.3273505138104474e-09,-5.3273505138104474e-09,95.69178109900034,0.0,-0.0,0.0,0.0
2005-10-26,0.0012654404442695992,0.0,0.0012654404442695992,95.81287334898721,0.003941140322222358,0.0,0.004481977262103187,0.0
2005-10-27,-2.8783850531743002e-05,1.8276211829271915e-06,-3.0611471714670196e-05,95.80994037592478,-0.0001,-0.0,-0.0001,0.0
2005-10-28,0.0007007715987021289,9.170856115109649e-08,0.0007006798901409778,95.8770724744218,0.0058268920763345665,0.0,-0.0,0.0
2005-10-31,-1.1437821147848274e-05,2.4319426016285245e-06,-1.38697637494768e-05,95.87574268207759,-0.0001,0.0,-0.0,0.0
2005-11-01,0.0,1.951137133827205e-07,-1.951137133827205e-07,95.8757239754054,0.0,0.0,-0.0,0.0
2005-11-02,0.0,1.1799642446466502e-06,-1.1799642446466502e-06,95.87561084547919,0.0,0.0,0.0,0.0
2005-11-03,0.0,5.976931577581154e-07,-5.976931577581154e-07,95.87555354128259,-0.0,0.0,-0.0,0.0
2005-11-04,0.0,5.133858344672782e-08,-5.133858344672782e-08,95.87554861916747,-0.0,0.0,-0.0,0.0
2005-11-07,-0.00020791117425662676,6.808166692517936e-10,-0.00020791185507329602,95.8556149559979,-0.0017981648255248727,-0.0,-0.0,0.0
2005-11-08,-0.0002439968366683723,8.701539994502989e-08,-0.00024408385206831733,95.83221814825706,-0.0021182300916443575,-0.0,-0.0,0.0
2005-11-09,9.720357473231804e-05,1.1452954340522987e-07,9.708904518891281e-05,95.84152240681541,0.000848077613080811,0.0,0.0,0.0
2005-11-10,-1.0500736381040464e-05,1.350950372933113e-05,-2.4010240110371593e-05,95.8392212288499,-0.0001,0.0,-0.0,0.0
2005-11-11,3.1874698442678307e-05,6.771265120647445e-05,-3.5837952763796145e-05,95.83578654736657,0.004993030353059857,0.0,0.0,0.0
2005-11-14,-4.641470520792754e-07,9.81543771018957e-07,-1.4456908230982324e-06,95.83564799844943,-0.0001,0.0,-0.0,0.0
2005-11-15,0.0,0.00017154364978645668,-0.00017154364978645668,95.81920800161214,0.0,0.0,-0.0,0.0
2005-11-16,0.0,0.0,0.0,95.81920800161214,-0.0,0.0,-0.0,0.0
2005-11-17,0.0,3.080013291021544e-06,-3.080013291021544e-06,95.81891287717795,0.0,-0.0,0.0,0.0
2005-11-18,0.0,3.749340153388181e-07,-3.749340153388181e-07,95.8188769514082,0.0,0.0,-0.0,0.0
2005-11-21,0.0,2.3203540536290257e-06,-2.3203540536290257e-06,95.81865461768864,-0.0,-0.0,0.0,0.0
2005-11-22,0.0,2.803416770558176e-09,-2.803416770558176e-09,95.81865434906902,0.0,-0.0,0.0,0.0
2005-11-23,0.00012127777839130268,0.0,0.00012127777839130268,95.83027502259691,0.0004077524577608017,-0.0,0.0,0.0
2005-11-24,-2.9742291300544258e-05,1.4001725321566295e-09,-2.9743691473076415e-05,95.82742467646285,-0.0001,0.0,0.0,0.0
2005-11-25,0.0,2.8846950402450225e-09,-2.8846950402450225e-09,95.82742440002995,-0.0,0.0,-0.0,0.0
2005-11-28,0.0,0.0,0.0,95.82742440002995,0.0,-0.0,0.0,0.0
2005-11-29,0.0020281938896701676,0.0,0.0020281938896701676,96.02178099666094,0.006819556135985605,0.0,-0.0,0.0
2005-11-30,-2.8474671008243654e-05,2.5323558895609667e-06,-3.100702689780462e-05,96.01880364671479,-0.0001,-0.0,0.0,0.0
2005-12-01,-0.0008623614595469208,1.1702241170100503e-05,-0.0008740637007170213,95.93487709586091,-0.0,0.0,-0.0013130899944868823,0.0
2005-12-02,-0.0003728715379915798,1.201688292142405e-05,-0.0003848884209130039,95.89795287250502,-0.0,0.0,-0.000520169857952002,0.0
2005-12-05,-7.161825744059969e-05,1.2878485363687075e-07,-7.174704229423656e-05,95.89107247802433,0.0,0.0,-0.0001,0.0
2005-12-06,-0.000522643270122474,4.670901492964841e-07,-0.0005231103602717706,95.8409108645535,0.0,-0.0,-0.0007273906176696987,0.0
2005-12-07,-7.165200801758589e-05,3.995889953240739e-07,-7.205159701290997e-05,95.83400537386653,-0.0,0.0,-0.0001,0.0
2005-12-08,0.0,1.583897518416255e-08,-1.583897518416255e-08,95.83400385595411,0.0,-0.0,0.0,0.0
2005-12-09,-0.0013291150675102694,0.0,-0.0013291150675102694,95.70662943744932,0.0,0.0,-0.0018551636217045808,0.0
2005-12-12,-0.00779680159336552,2.2428771095862387e-06,-0.007799044470475106,94.96020917834738,0.0,-0.0,-0.011055741093261906,0.0
2005-12-13,0.0015739823189891964,3.4634542137026156e-05,0.0015393477768521702,95.10638596523549,0.00048557711501217025,0.0,0.0025312447267133997,0.0
2005-12-14,-0.001044943531325969,1.119845402162073e-06,-0.001046063376728131,95.00689865798428,-0.002095465388556539,-0.0,-0.0001,0.0
2005-12-15,-0.0026878712055774176,7.970677611368382e-07,-0.0026886682733385544,94.75145662381426,-0.0001,-0.010563660782654371,-0.0,0.0
2005-12-16,-0.002297529631428657,5.3602507673153624e-05,-0.002351132139101811,94.52868342891931,0.0,-0.005845944867261199,0.0,0.0
2005-12-19,0.001287842093642868,5.956298536076505e-06,0.0012818857951067914,94.64985840543699,-0.0,0.0035455176779088937,-0.0,0.0
2005-12-20,-3.5096984268327714e-05,2.4522406004217067e-06,-3.7549224868749424e-05,94.64630437661992,-0.0,-0.0001,-0.0,0.0
2005-12-21,0.0,5.749716808680139e-07,-5.749716808680139e-07,94.64624995767521,-0.0,0.0,-0.0,0.0
2005-12-22,0.0,1.1460223128101355e-08,-1.1460223128101355e-08,94.64624887300806,0.0,-0.0,-0.0,0.0
2005-12-23,0.0,4.601930033593216e-07,-4.601930033593216e-07,94.64620531746654,-0.0,-0.0,-0.0,0.0
2005-12-26,0.0,1.0898252974445022e-08,-1.0898252974445022e-08,94.64620428598825,-0.0,0.0,-0.0,0.0
2005-12-27,0.0,0.0,0.0,94.64620428598825,0.0,0.0,-0.0,0.0
2005-12-28,0.0,0.0,0.0,94.64620428598825,-0.0,0.0,-0.0,0.0
2005-12-29,0.0,0.0,0.0,94.64620428598825,0.0,0.0,0.0,0.0
2005-12-30,0.0,0.0,0.0,94.64620428598825,-0.0,0.0,-0.0,0.0
2006-01-02,0.0,2.1278778353128747e-08,-2.1278778353128747e-08,94.64620227203262,-0.0,-0.0,-0.0,0.0
2006-01-03,0.006337584517106319,7.368225080983554e-06,0.006330216292025336,95.24533320363338,0.018178084900330783,-0.0,0.0,0.0
2006-01-04,-0.003486667509855986,2.395636220726927e-05,-0.0035106238720632554,94.91096266318608,-0.006764700350812913,0.0,-0.005090721437229784,0.0
2006-01-05,0.0005136122110116553,2.943680469999341e-06,0.000510668530541656,94.95943070502159,0.00041160400466488944,-0.0,0.0011409344754663708,0.0
2006-01-06,-0.0009191744559749625,2.1160133051927323e-07,-0.0009193860573054818,94.87212632842173,-0.0038893000825417356,-0.0,-0.0001,0.0
2006-01-09,0.0027081415973897746,6.343969389455085e-07,0.002707507200450829,95.128993293578,0.006508415567586301,0.0,0.00339390108934311,0.0
2006-01-10,-5.84740413497505e-05,1.5808003483325284e-06,-6.005484169808302e-05,95.12328033694484,-0.0001,-0.0,-0.0001,0.0
2006-01-11,0.0,3.804291239617452e-09,-3.804291239617452e-09,95.12327997506819,0.0,-0.0,0.0,0.0
2006-01-12,0.0,0.0,0.0,95.12327997506819,-0.0,0.0,-0.0,0.0
2006-01-13,0.0,0.0,0.0,95.12327997506819,0.0,-0.0,0.0,0.0
2006-01-16,0.0,0.0,0.0,95.12327997506819,-0.0,0.0,-0.0,0.0
2006-01-17,0.0,0.0,0.0,95.12327997506819,-0.0,0.0,0.0,0.0
2006-01-18,0.0,0.0,0.0,95.12327997506819,-0.0,-0.0,-0.0,0.0
2006-01-19,0.0,1.2025450978522783e-06,-1.2025450978522783e-06,95.12316558503416,-0.0,0.0,-0.0,0.0
2006-01-20,0.0,2.51166100516953e-09,-2.51166100516953e-09,95.12316534611702,0.0,-0.0,0.0,0.0
2006-01-23,0.0,0.0,0.0,95.12316534611702,0.0,-0.0,0.0,0.0
2006-01-24,0.001273706148593849,2.6488490207968758e-06,0.001271057299573052,95.2440723397887,0.0030766067189974436,0.0,0.0015942754628596068,0.0
2006-01-25,0.00031187838663124896,3.9501644061255284e-07,0.00031148337019063643,95.27373928443178,0.0016285008150765945,0.0,-0.0001,0.0
2006-01-26,-2.193451301990344e-05,8.764023749540773e-07,-2.281091539485752e-05,95.2715660032256,-0.0001,0.0,-0.0,0.0
2006-01-27,0.0,0.0,0.0,95.2715660032256,-0.0,0.0,-0.0,0.0
2006-01-30,0.0,0.0,0.0,95.2715660032256,-0.0,0.0,-0.0,0.0
2006-01-31,0.0,0.0,0.0,95.2715660032256,0.0,-0.0,0.0,0.0
2006-02-01,0.0,0.0,0.0,95.2715660032256,-0.0,0.0,-0.0,0.0
2006-02-02,0.0,0.0,0.0,95.2715660032256,0.0,0.0,0.0,0.0
2006-02-03,0.0,1.579517246718565e-07,-1.579517246718565e-07,95.27155095491744,-0.0,0.0,-0.0,0.0
2006-02-06,0.0,2.1587071465249964e-07,-2.1587071465249964e-07,95.27153038857965,-0.0,0.0,-0.0,0.0
2006-02-07,0.0005323331753750836,2.52425487067276e-09,0.0005323306511202129,95.32224634438462,0.0024065518718923043,-0.0,-0.0,0.0
2006-02-08,-2.2063369338379e-05,1.1358554750255379e-07,-2.2176954885881556e-05,95.32013238722782,-0.0001,0.0,-0.0,0.0
2006-02-09,0.0,6.96714172696547e-07,-6.96714172696547e-07,95.32006597634064,0.0,0.0,0.0,0.0
2006-02-10,0.0,3.3296680551075933e-09,-3.3296680551075933e-09,95.32006565895645,-0.0,-0.0,-0.0,0.0
2006-02-13,7.102490965774066e-05,0.0,7.102490965774066e-05,95.32683575800846,0.00031688604744272163,-0.0,-0.0,0.0
2006-02-14,-2.2416370223296475e-05,5.957929083283409e-09,-2.2422328152379757e-05,95.32469830841535,-0.0001,0.0,-0.0,0.0
2006-02-15,0.0,3.3666930034731426e-09,-3.3666930034731426e-09,95.32469798748636,-0.0,0.0,0.0,0.0
2006-02-16,0.0,0.0,0.0,95.32469798748636,0.0,-0.0,-0.0,0.0
2006-02-17,0.0,0.0,0.0,95.32469798748636,0.0,0.0,0.0,0.0
2006-02-20,0.0,0.0,0.0,95.32469798748636,-0.0,0.0,0.0,0.0
2006-02-21,0.0,6.288086050243447e-09,-6.288086050243447e-09,95.32469738807646,-0.0,0.0,0.0,0.0
2006-02-22,0.0,3.3193811322884684e-09,-3.3193811322884684e-09,95.32469707165745,-0.0,-0.0,-0.0,0.0
2006-02-23,0.0,0.0,0.0,95.32469707165745,0.0,-0.0,0.0,0.0
2006-02-24,0.0016215745860393214,0.0,0.0016215745860393214,95.47927317785076,-0.0,-0.0,0.004296148816614209,0.0
2006-02-27,-0.000617605285731947,3.2751025315266167e-06,-0.0006208803882634737,95.41999196964898,-0.0024581849853959723,-0.0,-0.0001,0.0
2006-02-28,9.005629052310062e-05,2.950208368793006e-07,8.976126968622132e-05,95.42855698928162,0.006752462295239736,-0.003714131075244331,0.0,0.0
2006-03-01,0.001758377200411742,1.999168402370624e-06,0.0017563780320093716,95.59616561040394,-0.0001,0.0023317785726886253,0.0022975034975485256,0.0
2006-03-02,-7.664694439035591e-05,5.951056241081359e-07,-7.724205001446405e-05,95.58878156659868,0.0,-0.0001,-0.0001,0.0
2006-03-03,-0.00015836720524616205,4.895969800897127e-09,-0.00015837210121596296,95.5736429704093,-0.0006781708472574199,0.0,0.0,0.0
2006-03-06,0.0005801647172294837,6.903138945947019e-08,0.0005800956858400242,95.62908482837645,0.0024873007531966973,0.0,-0.0,0.0
2006-03-07,-2.324949013368112e-05,1.5116579831573053e-07,-2.3400655931996848e-05,95.62684704506529,-0.0001,0.0,-0.0,0.0
2006-03-08,0.0,3.2421419226130735e-09,-3.2421419226130735e-09,95.62684673502947,0.0,0.0,0.0,0.0
2006-03-09,0.0,3.9503014027320316e-07,-3.9503014027320316e-07,95.6268089595428,-0.0,0.0,-0.0,0.0
2006-03-10,0.0,2.4877096628682285e-05,-2.4877096628682285e-05,95.62443004217602,0.0,0.0,-0.0,0.0
2006-03-13,0.0,2.1408702745617485e-06,-2.1408702745617485e-06,95.62422532267621,0.0,-0.0,0.0,0.0
2006-03-14,0.0,1.775978696262226e-07,-1.775978696262226e-07,95.62420834001752,0.0,-0.0,0.0,0.0
2006-03-15,0.0,2.2451806807934737e-05,-2.2451806807934737e-05,95.6220614037657,0.0,-0.0,0.0,0.0
2006-03-16,0.0,1.8059831632677946e-05,-1.8059831632677946e-05,95.62033448543637,0.0,-0.0,0.0,0.0
2006-03-17,-0.00016920165624344685,1.2460052475268496e-05,-0.00018166170871871534,95.60296393208549,-0.0015021247869520082,-0.0,-0.0,0.0
2006-03-20,0.00026767687227307344,7.210324833663157e-08,0.0002676047690247368,95.62854774116661,0.0023839902082554154,0.0,-0.0,0.0
2006-03-21,-1.119218487164943e-05,7.1835936250228e-08,-1.1264020807899658e-05,95.62747057921503,-0.0001,0.0,-0.0,0.0
2006-03-22,0.0,1.9572232126868762e-09,-1.9572232126868762e-09,95.62747039205074,-0.0,-0.0,-0.0,0.0
2006-03-23,0.0,0.0,0.0,95.62747039205074,-0.0,0.0,-0.0,0.0
2006-03-24,0.0,0.0,0.0,95.62747039205074,0.0,-0.0,0.0,0.0
2006-03-27,0.0,0.0,0.0,95.62747039205074,-0.0,-0.0,0.0,0.0
2006-03-28,0.0,0.0,0.0,95.62747039205074,0.0,0.0,-0.0,0.0
2006-03-29,0.0,0.0,0.0,95.62747039205074,0.0,0.0,-0.0,0.0
2006-03-30,0.0,0.0,0.0,95.62747039205074,0.0,-0.0,0.0,0.0
2006-03-31,0.0,0.0,0.0,95.62747039205074,-0.0,0.0,-0.0,0.0
2006-04-03,0.0,1.2010847366984323e-05,-1.2010847366984323e-05,95.62632182509977,0.0,0.0,0.0,0.0
2006-04-04,0.0,1.166793304932823e-05,-1.166793304932823e-05,95.62520606357896,0.0,-0.0,0.0,0.0
2006-04-05,7.773493365473858e-05,5.500110235318739e-07,7.71849226312067e-05,95.63258688771057,-0.0023855882701269257,0.0,0.0014423709580077993,0.0
2006-04-06,0.0010769868184617314,1.4011704511578294e-06,0.0010755856480105736,95.73544792564913,0.006021567047097998,0.0,-0.0001,0.0
2006-04-07,-1.77535415739419e-05,7.10255751643934e-06,-2.485609909038124e-05,95.73306831586902,-0.0001,0.0,-0.0,0.0
2006-04-10,0.0,3.393623252387901e-08,-3.393623252387901e-08,95.73306506704935,0.0,0.0,-0.0,0.0
2006-04-11,0.0,0.0,0.0,95.73306506704935,0.0,-0.0,0.0,0.0
2006-04-12,0.0,0.0,0.0,95.73306506704935,-0.0,0.0,0.0,0.0
2006-04-13,0.0,0.0,0.0,95.73306506704935,0.0,0.0,0.0,0.0
2006-04-14,0.0,0.0,0.0,95.73306506704935,-0.0,0.0,-0.0,0.0
2006-04-17,0.0,0.0,0.0,95.73306506704935,0.0,-0.0,0.0,0.0
2006-04-18,0.0,0.0,0.0,95.73306506704935,0.0,-0.0,0.0,0.0
2006-04-19,-0.00017593346547438638,0.0,-0.00017593346547438638,95.71622241715161,-0.00099124626707493,0.0,0.0,0.0
2006-04-20,0.0009846524316140916,1.8033528466261106e-07,0.000984472096329429,95.81045236728737,0.005576067298419973,0.0,-0.0,0.0
2006-04-21,-1.622982017512758e-05,2.8574524650737287e-06,-1.9087272640201308e-05,95.80862360706125,-0.0001,-0.0,0.0,0.0
2006-04-24,0.0,1.7879096913207688e-06,-1.7879096913207688e-06,95.80845230989459,0.0,-0.0,0.0,0.0
2006-04-25,0.0,1.5680041138708967e-07,-1.5680041138708967e-07,95.80843728708984,0.0,0.0,0.0,0.0
2006-04-26,0.0,6.250809446600725e-09,-6.250809446600725e-09,95.80843668820957,0.0,-0.0,-0.0,0.0
2006-04-27,0.0,0.0,0.0,95.80843668820957,0.0,-0.0,0.0,0.0
2006-04-28,-0.0013777446006066525,0.0,-0.0013777446006066525,95.67643713186982,-0.00840187336737076,-0.0,0.0,0.0
2006-05-01,0.0006072082154546482,5.371395894715955e-06,0.0006018368195599322,95.7340187345001,0.00442817963024178,-0.0,-0.0,0.0
2006-05-02,-1.3243391222169866e-05,9.379503423694979e-07,-1.4181341564539363e-05,95.73266109768107,-0.0001,-0.0,0.0,0.0
2006-05-03,0.0,2.5531804316913934e-09,-2.5531804316913934e-09,95.73266085325831,0.0,0.0,0.0,0.0
2006-05-04,0.0,0.0,0.0,95.73266085325831,0.0,-0.0,0.0,0.0
2006-05-05,0.0,0.0,0.0,95.73266085325831,0.0,-0.0,0.0,0.0
2006-05-08,0.0,2.43322341685695e-07,-2.43322341685695e-07,95.7326375593631,-0.0,-0.0,-0.0,0.0
2006-05-09,0.0,2.2411812749700833e-09,-2.2411812749700833e-09,95.73263734480891,0.0,-0.0,0.0,0.0
2006-05-10,0.0,0.0,0.0,95.73263734480891,0.0,-0.0,-0.0,0.0
2006-05-11,0.0,0.0,0.0,95.73263734480891,0.0,-0.0,0.0,0.0
2006-05-12,-0.0008238242007204998,3.609681044042246e-10,-0.0008238245616886042,95.65377044680902,-0.006164172933464063,-0.0,0.0,0.0
2006-05-15,0.00134936255608397,1.7882582252725405e-06,0.0013475742978586976,95.7826710093564,0.010820361367727127,0.0,-0.0,0.0
2006-05-16,-1.0666170499238857e-05,3.60883259501405e-06,-1.4275003094252906e-05,95.78130371143136,-0.0001,-0.0,0.0,0.0
2006-05-17,0.0,1.4564362011360023e-09,-1.4564362011360023e-09,95.78130357193201,-0.0,0.0,-0.0,-0.0
2006-05-18,0.0,0.0,0.0,95.78130357193201,0.0,-0.0,0.0,0.0
2006-05-19,0.0,0.0,0.0,95.78130357193201,-0.0,0.0,-0.0,-0.0
2006-05-22,0.0,0.0,0.0,95.78130357193201,0.0,-0.0,0.0,-0.0
2006-05-23,0.0,0.0,0.0,95.78130357193201,-0.0,0.0,-0.0,-0.0
2006-05-24,0.0,0.0,0.0,95.78130357193201,-0.0,0.0,-0.0,0.0
2006-05-25,0.0012614094753649328,3.076184498119558e-05,0.0012306476303837373,95.89917660620787,0.0,-0.0,0.002206985680558871,0.0
2006-05-26,-5.1065987819549865e-05,1.2178641459739671e-05,-6.324462927928953e-05,95.89311149833523,-0.0,0.0,-0.0001,-0.0
2006-05-29,4.348179752294586e-06,3.1130057699554344e-05,-2.678187794725976e-05,95.89054330072709,0.0,-0.0,1.1600224790064923e-05,0.0
2006-05-30,0.00042732864681092306,8.073716186438631e-05,0.00034659148494653675,95.92377814652203,0.0,-0.0,0.01172306132751122,0.0
2006-05-31,-6.0567059347426683e-05,0.00016666613197259062,-0.0002272331913200173,95.90198108029031,-0.0,0.0,-0.0001,-0.0
2006-06-01,0.0,6.054319405633946e-08,-6.054319405633946e-08,95.90197527407807,-0.0,-0.0,-0.0,-0.0
2006-06-02,0.0,3.902009021997055e-07,-3.902009021997055e-07,95.90193785304079,0.0,-0.0,0.0,0.0
2006-06-05,0.0004821977275602104,2.8867066181326175e-09,0.00048219484085359224,95.94818127270139,0.0012158363427741015,0.0,-0.0,-0.0
2006-06-06,-3.961957913664929e-05,8.035383472222991e-08,-3.969993297137152e-05,95.94437213633614,-0.0001,0.0,-0.0,-0.0
2006-06-07,0.0,3.158343718701051e-09,-3.158343718701051e-09,95.94437183331084,-0.0,0.0,-0.0,0.0
2006-06-08,0.0,0.0,0.0,95.94437183331084,-0.0,0.0,-0.0,0.0
2006-06-09,-0.0011395119760476899,0.0,-0.0011395119760476899,95.8350420725724,-0.0007320034840299194,0.0,-0.0014068875418288384,0.0
2006-06-12,-0.0013739144995229386,3.854584135691175e-07,-0.0013742999579365077,95.70333597828323,-0.004342231394865781,0.0,0.0005894065108404956,-0.0
2006-06-13,-0.0013073428202686926,1.3927005121086078e-06,-0.0013087355207808012,95.57808562303123,-0.0031866981753087,0.0,-0.0001,-0.0
2006-06-14,0.002749631878761434,7.003821882270722e-07,0.002748931496573207,95.84082323298254,0.005031116068947128,0.003197442385127192,0.0,0.0
2006-06-15,-8.14536446455646e-05,0.00011511384860171621,-0.0001965674932472808,95.82198404260888,-0.0001,-0.0001,0.0,0.0
2006-06-16,0.0,1.5232304102056477e-07,-1.5232304102056477e-07,95.82196944671286,0.0,0.0,-0.0,-0.0
2006-06-19,0.0,8.071379157509328e-10,-8.071379157509328e-10,95.82196936937132,-0.0,0.0,-0.0,-0.0
2006-06-20,0.0,0.0,0.0,95.82196936937132,0.0,-0.0,0.0,0.0
2006-06-21,0.0,0.0,0.0,95.82196936937132,0.0,-0.0,0.0,0.0
2006-06-22,0.0,0.0,0.0,95.82196936937132,-0.0,0.0,-0.0,-0.0
2006-06-23,-0.0008186733275188161,0.0,-0.0008186733275188161,95.7435224788583,-0.0,0.0,-0.004414552982319309,-0.0
2006-06-26,0.0008800294609487536,2.0325473493847488e-06,0.0008779969135993688,95.82758499609186,0.005099292737038341,-0.0,0.0016411669067986079,0.0
2006-06-27,-2.880638100642615e-05,6.773038410344268e-07,-2.9483684847460577e-05,95.82475964577614,-0.0001,0.0,-0.0001,-0.0
2006-06-28,0.0,4.36086071443631e-09,-4.36086071443631e-09,95.82475922789773,-0.0,0.0,-0.0,-0.0
2006-06-29,0.0,0.0,0.0,95.82475922789773,0.0,-0.0,0.0,0.0
2006-06-30,0.0,0.0,0.0,95.82475922789773,0.0,-0.0,0.0,0.0
2006-07-03,-0.00017052014754964954,0.0,-0.00017052014754964954,95.80841917581527,-0.0015080758404435568,0.0,-0.0,0.0
2006-07-04,9.721822709236714e-05,1.9566112121468943e-07,9.702256597115245e-05,95.81771475448535,0.0008569372103052197,0.0,0.0,0.0
2006-07-05,-1.1803326300418397e-05,9.169558708417458e-07,-1.2720282171260143e-05,95.81649592611667,-0.0001,0.0,-0.0,-0.0
2006-07-06,0.0,0.0,0.0,95.81649592611667,0.0,-0.0,0.0,0.0
2006-07-07,0.0,0.0,0.0,95.81649592611667,0.0,-0.0,0.0,0.0
2006-07-10,0.0,0.0,0.0,95.81649592611667,-0.0,0.0,-0.0,-0.0
2006-07-11,0.0,0.0,0.0,95.81649592611667,0.0,0.0,0.0,0.0
2006-07-12,0.0,0.0,0.0,95.81649592611667,-0.0,0.0,-0.0,0.0
2006-07-13,0.0,0.0,0.0,95.81649592611667,-0.0,0.0,0.0,0.0
2006-07-14,-0.0005042946053841348,0.0,-0.0005042946053841348,95.76817618411432,-0.004272478728019735,0.0,-0.0,0.0
2006-07-17,-0.0011499622438702452,5.250572522622732e-07,-0.0011504873011225075,95.65799611356283,-0.009964322019372585,0.0,-0.0,-0.0
2006-07-18,0.00043230736352198535,2.2326271357979087e-06,0.00043007473638618745,95.69913620102459,-0.0012752294932176778,0.0,0.0031860436893522584,-0.0
2006-07-19,0.0008206817778563867,8.915251774059844e-07,0.0008197902526789807,95.77758942007199,0.007761075508817106,-0.0,-0.0001,0.0
2006-07-20,-1.0183256526304793e-05,1.2278458245556082e-06,-1.1411102350860402e-05,95.7764964921962,-0.0001,0.0,0.0,0.0
2006-07-21,0.0,1.2159507715159278e-10,-1.2159507715159278e-10,95.77649648055025,0.0,-0.0,0.0,0.0
2006-07-24,0.0,0.0,0.0,95.77649648055025,-0.0,0.0,-0.0,-0.0
2006-07-25,0.0,0.0,0.0,95.77649648055025,-0.0,0.0,-0.0,-0.0
2006-07-26,0.0,0.0,0.0,95.77649648055025,0.0,-0.0,0.0,0.0
2006-07-27,0.0,1.3980181079978213e-06,-1.3980181079978213e-06,95.77636258327385,-0.0,-0.0,0.0,0.0
2006-07-28,0.0,4.4393644604698303e-07,-4.4393644604698303e-07,95.77632006465583,0.0,-0.0,0.0,0.0
2006-07-31,0.0,1.372874033664373e-10,-1.372874033664373e-10,95.77632005150696,0.0,-0.0,0.0,-0.0
2006-08-01,0.0,0.0,0.0,95.77632005150696,0.0,0.0,0.0,-0.0
2006-08-02,0.00023179492213794644,0.0,0.00023179492213794644,95.79852051615596,0.0020874220073028196,0.0,0.0,-0.0
2006-08-03,-1.1053340714158185e-05,1.0204506081854109e-07,-1.1155385774976726e-05,95.79745184670293,-0.0001,0.0,0.0,-0.0
2006-08-04,0.0,2.8889541538179576e-10,-2.8889541538179576e-10,95.79745181902749,0.0,-0.0,0.0,0.0
2006-08-07,0.0005032886460089058,0.0,0.0005032886460089058,95.84566558884458,0.004553331306859409,0.0,-0.0,-0.0
2006-08-08,-1.082553181457603e-05,4.553289037489306e-07,-1.128086071832496e-05,95.84458436724063,-0.0001,0.0,-0.0,-0.0
2006-08-09,0.0,5.776940848953305e-10,-5.776940848953305e-10,95.84458431187177,0.0,-0.0,0.0,0.0
2006-08-10,0.0,9.175418411718637e-07,-9.175418411718637e-07,95.84449637045542,-0.0,-0.0,-0.0,0.0
2006-08-11,0.0,3.568031298493284e-06,-3.568031298493284e-06,95.84415439429257,-0.0,0.0,-0.0,-0.0
2006-08-14,-3.468838798196459e-05,4.632610773241952e-10,-3.468885124304191e-05,95.84082967067827,-0.0002654399658552741,0.0,-0.0,-0.0
2006-08-15,-1.3066799789385417e-05,2.9227570387951874e-09,-1.3069722546424212e-05,95.83957705762586,-0.0001,-0.0,0.0,0.0
2006-08-16,0.0,4.3008972788471936e-10,-4.3008972788471936e-10,95.83957701640624,0.0,-0.0,0.0,0.0
2006-08-17,0.0,0.0,0.0,95.83957701640624,-0.0,0.0,-0.0,-0.0
2006-08-18,0.0,0.0,0.0,95.83957701640624,-0.0,-0.0,-0.0,-0.0
2006-08-21,0.0008694249184908863,0.0,0.0008694249184908863,95.92290233284193,0.0,0.0,0.005158735967349492,0.0
2006-08-22,-1.5967000007110087e-05,1.7728973340303573e-06,-1.7739897341140444e-05,95.92120067040189,-0.0,0.0,-0.0001,0.0
2006-08-23,0.0,2.473843447524965e-07,-2.473843447524965e-07,95.9211769409985,-0.0,-0.0,0.0,-0.0
2006-08-24,0.0,4.201936585571109e-09,-4.201936585571109e-09,95.92117653794381,-0.0,0.0,-0.0,-0.0
2006-08-25,0.0,3.988706921614904e-10,-3.988706921614904e-10,95.92117649968365,-0.0,0.0,-0.0,-0.0
2006-08-28,0.0,1.884429228827097e-05,-1.884429228827097e-05,95.91936893299706,0.0,-0.0,0.0,0.0
2006-08-29,0.0,7.369935414852647e-09,-7.369935414852647e-09,95.91936822607751,0.0,-0.0,0.0,0.0
2006-08-30,0.0,0.0,0.0,95.91936822607751,0.0,0.0,0.0,0.0
2006-08-31,0.0,0.0,0.0,95.91936822607751,-0.0,0.0,-0.0,-0.0
2006-09-01,0.0,5.33535878444208e-08,-5.33535878444208e-08,95.91936310843506,0.0,-0.0,0.0,0.0
2006-09-04,0.0,2.555557510830475e-10,-2.555557510830475e-10,95.91936308392232,0.0,-0.0,-0.0,0.0
2006-09-05,0.0,0.0,0.0,95.91936308392232,-0.0,0.0,-0.0,-0.0
2006-09-06,0.0,0.0,0.0,95.91936308392232,-0.0,0.0,-0.0,-0.0
2006-09-07,0.0,6.97215715241939e-07,-6.97215715241939e-07,95.91929620743498,-0.0,-0.0,-0.0,-0.0
2006-09-08,-0.0019295283467428764,7.061227611035573e-07,-0.00193023446950398,95.73414947560482,-0.004738305083793593,0.0,-0.005269038542053306,-0.0
2006-09-11,0.0003616633958750007,7.029786677895096e-06,0.0003546336091971056,95.76810002255677,0.0029233728826170147,0.0,0.0,-0.0
2006-09-12,5.166217736922023e-05,6.600622625385019e-05,-1.4344048884629956e-05,95.76672632024845,-0.0001,0.0,0.004988599640268321,0.0
2006-09-13,-6.066818402809787e-05,0.00017170520092227396,-0.00023237338495037184,95.7444726818878,0.0,-0.0,-0.0001,0.0
2006-09-14,0.0,5.509761341776498e-09,-5.509761341776498e-09,95.7444721543586,0.0,0.0,0.0,0.0
2006-09-15,0.0,0.0,0.0,95.7444721543586,-0.0,-0.0,-0.0,-0.0
2006-09-18,0.0,0.0,0.0,95.7444721543586,0.0,0.0,0.0,0.0
2006-09-19,0.0,0.0,0.0,95.7444721543586,-0.0,-0.0,0.0,-0.0
2006-09-20,0.0,0.0,0.0,95.7444721543586,0.0,-0.0,0.0,0.0
2006-09-21,0.0,4.799228545339934e-06,-4.799228545339934e-06,95.74401265475478,0.0,-0.0,0.0,0.0
2006-09-22,-0.0006001141308731334,1.8650793734825366e-06,-0.0006019792102466159,95.68637674963102,-0.001584773724271138,0.0,-0.0,-0.0
2006-09-25,0.001621489624170334,2.3036580455123024e-07,0.0016212592583657827,95.84150917383585,0.004295073545614092,-0.0,-0.0,0.0
2006-09-26,-3.6864411300617715e-05,1.775804127502001e-06,-3.8640215428119716e-05,95.83780583727442,-0.0001,0.0,-0.0,-0.0
2006-09-27,0.0,3.8961340758647547e-10,-3.8961340758647547e-10,95.83780579993471,0.0,0.0,-0.0,-0.0
2006-09-28,0.0,0.0,0.0,95.83780579993471,-0.0,0.0,-0.0,-0.0
2006-09-29,0.0,2.002913244352922e-07,-2.002913244352922e-07,95.83778660445367,-0.0,0.0,-0.0,-0.0
2006-10-02,0.005048754585281732,6.846063010966796e-08,0.0050486861246516225,96.3216415079009,0.0,-0.0,0.008013717126831955,0.0
2006-10-03,-5.669289208954509e-05,1.261703087853704e-05,-6.930992296808213e-05,96.31496546234783,-0.0,0.0,-0.0001,-0.0
2006-10-04,0.0,9.826556494690885e-09,-9.826556494690885e-09,96.31496451590338,-0.0,-0.0,0.0,0.0
2006-10-05,0.0,0.0,0.0,96.31496451590338,-0.0,0.0,-0.0,0.0
2006-10-06,0.0,0.0,0.0,96.31496451590338,-0.0,0.0,-0.0,-0.0
2006-10-09,-0.0001469939094087753,0.0,-0.0001469939094087753,96.30080680273463,-0.0003393836292431395,-0.0,-0.0,0.0
2006-10-10,-0.0023717121662037545,9.73189519992146e-09,-0.0023717218980989544,96.07240807043598,-0.005476490323596206,0.0,-0.0,-0.0
2006-10-11,6.118047709434096e-05,2.6411989111244264e-06,5.853927818321653e-05,96.07803207985775,-0.000638759305885972,0.0,0.0005677537575219272,-0.0
2006-10-12,0.0026667609132282437,1.5259289756953897e-06,0.0026652349842525482,96.33410261217513,0.002876301703088835,-0.0,0.0025102946567527873,0.0
2006-10-13,-9.999999999999999e-05,1.122665436100674e-05,-0.00011122665436100673,96.3233876922407,-0.0001,0.0,-0.0001,-0.0
2006-10-16,0.0,1.1019316726687434e-06,-1.1019316726687434e-06,96.32328155044898,0.0,-0.0,0.0,0.0
2006-10-17,0.0,1.0206729455216796e-05,-1.0206729455216796e-05,96.32229840477396,0.0,-0.0,0.0,0.0
2006-10-18,0.0,4.22870560699562e-09,-4.22870560699562e-09,96.32229799745532,-0.0,0.0,-0.0,0.0
2006-10-19,0.0,0.0,0.0,96.32229799745532,0.0,-0.0,0.0,0.0
2006-10-20,0.000407746389330544,0.0,0.000407746389330544,96.36157306667582,0.0007705342518078307,0.0,0.0,-0.0
2006-10-23,-5.286276381803279e-05,1.0919375987176739e-07,-5.297195757790456e-05,96.35646860551518,-0.0001,0.0,-0.0,-0.0
2006-10-24,0.0,4.734657784732921e-09,-4.734657784732921e-09,96.35646814930028,0.0,0.0,0.0,0.0
2006-10-25,0.0,0.0,0.0,96.35646814930028,0.0,-0.0,0.0,0.0
2006-10-26,0.0,0.0,0.0,96.35646814930028,0.0,-0.0,0.0,0.0
2006-10-27,-0.002093897027812231,0.0,-0.002093897027812231,96.15470762703198,-0.003961182977964228,-0.0,0.0,0.0
2006-10-30,0.0010105227295684114,3.1995528653882446e-06,0.0010073231767030232,96.25156649257379,0.0019713431645104196,0.0,0.0,0.0
2006-10-31,-5.130528732307477e-05,8.933453325691843e-08,-5.139462185633168e-05,96.24661967971082,-0.0001,-0.0,0.0,0.0
2006-11-01,0.000895456164493877,0.0,0.000895456164493877,96.33280430861471,-0.0,0.003581824657975508,-0.0,-0.0
2006-11-02,-6.237151782597049e-05,9.974303565194099e-05,-0.0001621145534779115,96.31718735905895,0.0,-0.0001,0.0,0.0
2006-11-03,0.0,2.8134789505682603e-06,-2.8134789505682603e-06,96.31691637267973,-0.0,0.0,-0.0,-0.0
2006-11-06,0.0,7.855209078005965e-10,-7.855209078005965e-10,96.31691629702078,0.0,0.0,-0.0,0.0
2006-11-07,0.0,0.0,0.0,96.31691629702078,0.0,-0.0,0.0,0.0
2006-11-08,0.0,0.0,0.0,96.31691629702078,-0.0,0.0,-0.0,-0.0
2006-11-09,0.0,0.0,0.0,96.31691629702078,0.0,-0.0,0.0,-0.0
2006-11-10,-0.0003668498964994777,4.6596769148171685e-09,-0.00036685455617639255,96.28158199744037,-0.0017710173065668244,-0.0,0.0,-0.0
2006-11-13,0.000447113083621916,4.1513165979117363e-07,0.0004466979519621248,96.32459078293031,0.002180346867126315,0.0,-0.0,-0.0
2006-11-14,-2.0150183576587202e-05,7.126560830053281e-07,-2.086283965959253e-05,96.32258117843753,-0.0001,0.0,-0.0,0.0
2006-11-15,-0.0006694495527332543,3.8456930964714256e-10,-0.0006694499373025639,96.2580980325068,0.0,0.0,-0.003689854333088671,-0.0
2006-11-16,-9.211246393625924e-05,1.4470004999185188e-06,-9.355946443617777e-05,96.24909217640723,-0.0,0.0,-0.0005287899669089713,0.0
2006-11-17,0.0009591210219484388,2.452436946886641e-06,0.0009566685850015521,96.34117065922732,0.0,-0.0,0.005143926410762001,0.0
2006-11-20,-1.7406971810203862e-05,2.4774538592213933e-06,-1.9884425669425253e-05,96.33925497038042,-0.0,0.0,-0.0001,0.0
2006-11-21,0.0,4.0997362692057894e-09,-4.0997362692057894e-09,96.33925457541488,0.0,-0.0,0.0,0.0
2006-11-22,0.0,0.0,0.0,96.33925457541488,0.0,-0.0,0.0,0.0
2006-11-23,-0.00284766265086055,0.0,-0.00284766265086055,96.06491287834874,-0.0011103205450608943,-0.004211025592253404,0.0,0.0
2006-11-24,-0.004404804399941956,2.142973992192626e-05,-0.004426234139863883,95.63970708132354,-0.01027174821929644,-0.0033539679544430934,0.0,0.0
2006-11-27,-0.0008692782393578432,7.468805244523594e-06,-0.0008767470446023668,95.55585525079334,-0.003664175325049701,-0.0001,0.0,-0.0
2006-11-28,-0.001181820772553933,8.646481737246026e-07,-0.0011826854207276577,95.44284273392307,-0.0054003129229631686,-0.0,0.0,0.0
2006-11-29,0.0008896125429507108,1.7427893296521502e-06,0.0008878697536210586,95.52758354718613,0.00423364811760063,0.0,-0.0,-0.0
2006-11-30,-2.0374199702844852e-05,1.277414655347009e-06,-2.1651614358191862e-05,95.52551522078659,-0.0001,-0.0,0.0,0.0
2006-12-01,0.0,3.1699640852089764e-09,-3.1699640852089764e-09,95.52551491797414,0.0,-0.0,0.0,0.0
2006-12-04,5.571096094015897e-05,0.0,5.571096094015897e-05,95.53083673620453,0.00027341749926067537,0.0,0.0,-0.0
2006-12-05,-2.0368513564655296e-05,1.4542240464307522e-08,-2.0383055805119604e-05,95.52888952582825,-0.0001,-0.0,-0.0,-0.0
2006-12-06,0.0,3.1351593319267624e-09,-3.1351593319267624e-09,95.52888922632995,-0.0,0.0,-0.0,-0.0
2006-12-07,0.0,3.7340818565850725e-06,-3.7340818565850725e-06,95.52853251363791,-0.0,-0.0,-0.0,0.0
2006-12-08,0.0,6.481842310230968e-07,-6.481842310230968e-07,95.52847059354951,0.0,0.0,-0.0,-0.0
2006-12-11,0.0,3.923447098448712e-06,-3.923447098448712e-06,95.52809579264874,-0.0,0.0,0.0,-0.0
2006-12-12,0.0,9.138223723409445e-09,-9.138223723409445e-09,95.52809491969163,0.0,-0.0,0.0,0.0
2006-12-13,0.0,0.0,0.0,95.52809491969163,-0.0,0.0,-0.0,-0.0
2006-12-14,-0.0009579783976319476,0.0,-0.0009579783976319476,95.43658106839163,-0.004757326100849124,0.0,-0.0,-0.0
2006-12-15,-0.0008548682688816687,1.1952539738957907e-06,-0.0008560635228555645,95.35488129259294,-0.004375126455615663,0.0,-0.0,-0.0
2006-12-18,0.0001026232474922258,8.792316287736191e-07,0.00010174401586345219,95.36458308114783,0.0005373038975009514,-0.0,-0.0,-0.0
2006-12-19,0.0035666753024259897,4.071542914953763e-08,0.00356663458699684,95.70471370153959,-0.0001,-0.0,0.01160959872137467,0.0
2006-12-20,-2.324720521192795e-05,1.5277829880625065e-05,-3.852503509255301e-05,95.70102667408571,-0.0,0.0,-0.0001,0.0
2006-12-21,0.0,7.162741075535384e-08,-7.162741075535384e-08,95.70101981926896,-0.0,-0.0,-0.0,-0.0
2006-12-22,0.0,1.3747870367262356e-06,-1.3747870367262356e-06,95.70088825074751,-0.0,0.0,-0.0,-0.0
2006-12-25,0.0,5.491749744698793e-09,-5.491749744698793e-09,95.70088772518218,-0.0,-0.0,0.0,-0.0
2006-12-26,0.0,0.0,0.0,95.70088772518218,-0.0,0.0,-0.0,-0.0
2006-12-27,0.0,0.0,0.0,95.70088772518218,0.0,-0.0,0.0,0.0
2006-12-28,0.0,0.0,0.0,95.70088772518218,0.0,0.0,0.0,0.0
2006-12-29,0.0,5.292418759150333e-06,-5.292418759150333e-06,95.70038123600872,0.0,0.0,-0.0,-0.0
2007-01-01,0.0,6.263947681434124e-09,-6.263947681434124e-09,95.70038063654654,0.0,-0.0,0.0,0.0
2007-01-02,0.0,0.0,0.0,95.70038063654654,0.0,-0.0,0.0,0.0
2007-01-03,0.0016507497409757792,0.0,0.0016507497409757792,95.8583580150936,0.007802610288505585,0.0,-0.0,-0.0
2007-01-04,-1.9315861674483607e-05,3.6810330220021533e-06,-2.299689469648576e-05,95.85615357052855,-0.0001,-0.0,-0.0,-0.0
2007-01-05,-0.001675449386381131,2.8237570575823102e-09,-0.0016754522101381886,95.69555116617346,-0.0,-0.0,-0.006375107747387932,-0.0
2007-01-08,0.0020338860835039108,4.5017028699716634e-06,0.0020293843806339393,95.88975422300625,0.004138015577183951,0.0,0.004928403735940501,0.0
2007-01-09,-4.3578679325811094e-05,1.9652506219306922e-06,-4.5543929947741785e-05,95.88538702675721,-0.0001,0.0,-0.0001,-0.0
2007-01-10,0.0,6.315870051851885e-07,-6.315870051851885e-07,95.88532646679279,-0.0,0.0,-0.0,-0.0
2007-01-11,0.0,3.860814477948948e-09,-3.860814477948948e-09,95.88532609659734,-0.0,0.0,0.0,0.0
2007-01-12,0.0,0.0,0.0,95.88532609659734,0.0,0.0,0.0,0.0
2007-01-15,0.0,0.0,0.0,95.88532609659734,0.0,0.0,0.0,0.0
2007-01-16,0.0,0.0,0.0,95.88532609659734,-0.0,0.0,-0.0,-0.0
2007-01-17,0.0,0.0,0.0,95.88532609659734,0.0,-0.0,0.0,0.0
2007-01-18,0.0,4.963526095094206e-08,-4.963526095094206e-08,95.88532133730415,0.0,0.0,0.0,0.0
2007-01-19,0.0,1.9554669601878905e-09,-1.9554669601878905e-09,95.88532114980357,0.0,-0.0,-0.0,0.0
2007-01-22,0.0,0.0,0.0,95.88532114980357,-0.0,0.0,0.0,-0.0
2007-01-23,0.0,0.0,0.0,95.88532114980357,0.0,0.0,0.0,0.0
2007-01-24,0.0009250045307999351,0.0,0.0009250045307999351,95.97401550630435,0.004514849756272909,-0.0,-0.0,-0.0
2007-01-25,-2.0293496065276012e-05,3.891014599263165e-07,-2.0682597525202328e-05,95.97203051436877,-0.0001,0.0,-0.0,-0.0
2007-01-26,0.0,2.233348829232651e-07,-2.233348829232651e-07,95.97200908046656,-0.0,-0.0,-0.0,-0.0
2007-01-29,0.0,8.636176008269825e-10,-8.636176008269825e-10,95.97200899758344,0.0,0.0,0.0,0.0
2007-01-30,0.0,9.535040679875842e-06,-9.535040679875842e-06,95.97109390057352,0.0,-0.0,0.0,-0.0
2007-01-31,0.0,1.2300262380840477e-08,-1.2300262380840477e-08,95.97109272010388,0.0,-0.0,0.0,0.0
2007-02-01,3.86370435686914e-05,0.0,3.86370435686914e-05,95.97480075939467,0.00021241658669367568,0.0,0.0,-0.0
2007-02-02,-1.8186893734654644e-05,4.768621896136805e-09,-1.819166235655078e-05,95.97305481822451,-0.0001,0.0,-0.0,0.0
2007-02-05,0.0,7.590617073865991e-10,-7.590617073865991e-10,95.97305474537504,-0.0,-0.0,-0.0,0.0
2007-02-06,0.0,0.0,0.0,95.97305474537504,0.0,-0.0,0.0,0.0
2007-02-07,0.0,0.0,0.0,95.97305474537504,0.0,0.0,0.0,0.0
2007-02-08,0.0,1.2943494862770744e-07,-1.2943494862770744e-07,95.97304232310762,0.0,0.0,-0.0,0.0
2007-02-09,0.0,2.5528058174024426e-07,-2.5528058174024426e-07,95.97301782305355,-0.0,0.0,0.0,-0.0
2007-02-12,0.0,8.488004177992226e-10,-8.488004177992226e-10,95.97301774159162,-0.0,0.0,-0.0,-0.0
2007-02-13,-0.00018795358783497274,1.090609356454289e-06,-0.00018904419719142703,95.95487459950061,0.0,-0.0,-0.0008783199272000108,0.0
2007-02-14,0.0020999735334949767,4.894131676051461e-08,0.002099924592178216,96.15637260041149,0.0,-0.0,0.009824554137666919,0.0
2007-02-15,3.098117786416868e-05,4.269065501426544e-06,2.6712112362742135e-05,96.15894114024078,0.0002677911817029367,-0.0,-0.0001,0.0
2007-02-16,1.0014351375029742e-08,7.12133318157282e-09,2.8930181934569226e-09,96.15894141843036,-0.00022335153453223455,6.755400421475386e-05,-0.0,0.0
2007-02-19,0.0014350438330947032,1.79354069642923e-08,0.001435025897687739,96.29693198966005,-0.0001,0.002344851944642512,0.0,-0.0
2007-02-20,-5.9701302777361976e-05,4.596591097284206e-06,-6.429789387464619e-05,96.29074029974653,-0.0,-0.0001,0.0,0.0
2007-02-21,0.0,1.6304380419256218e-05,-1.6304380419256218e-05,96.28917033888584,-0.0,0.0,-0.0,0.0
2007-02-22,0.0,1.7995188738295964e-05,-1.7995188738295964e-05,96.28743759709212,-0.0,0.0,0.0,-0.0
2007-02-23,0.0,7.736082737750699e-07,-7.736082737750699e-07,96.28736310833375,0.0,-0.0,0.0,0.0
2007-02-26,0.0,2.1000807957965175e-06,-2.1000807957965175e-06,96.28716089709161,0.0,-0.0,0.0,0.0
2007-02-27,0.0,1.3859879309368258e-06,-1.3859879309368258e-06,96.2870274442487,0.0,-0.0,-0.0,-0.0
2007-02-28,0.00400962903773163,3.0845097018589177e-09,0.004009625953221929,96.67310240844775,0.00013811111131133434,0.005319654830132403,0.0,0.0
2007-03-01,0.001130730268168534,4.014695967849619e-05,0.0010905833084900378,96.77853248031434,0.004451476437741131,-0.0001,-0.0,-0.0
2007-03-02,-0.0025933038502405454,2.369223044441163e-06,-0.0025956730732849868,96.52732704948315,-0.0001,-0.004602198214415887,-0.0,-0.0
2007-03-05,-0.002481270916171525,1.2716906697869866e-05,-0.002493987822869395,96.2865890712476,-0.0,-0.0001,-0.01133667282406715,-0.0
2007-03-06,0.004156019551873775,6.000849072710352e-06,0.004150018702801065,96.68618021672219,0.003802031029148878,0.0,0.007508598637586239,0.006485667693266961
2007-03-07,0.0005549997860276314,5.033970857752113e-05,0.0005046600774501102,96.73497387191871,-0.0001,-0.0,-0.0001,0.0015519434065716098
2007-03-08,-3.710539279387756e-05,1.1289229897660153e-06,-3.823431578364358e-05,96.73127527638037,-0.0,0.0,-0.0,-0.0001
2007-03-09,0.0,1.898335817084179e-08,-1.898335817084179e-08,96.73127344009593,-0.0,0.0,0.0,0.0
2007-03-12,0.0,0.0,0.0,96.73127344009593,0.0,-0.0,-0.0,0.0
2007-03-13,0.0,0.0,0.0,96.73127344009593,0.0,-0.0,-0.0,-0.0
2007-03-14,0.0,2.5015112157855085e-06,-2.5015112157855085e-06,96.7310314657305,0.0,0.0,0.0,0.0
2007-03-15,-0.0007941570256610774,2.717779931392647e-06,-0.00079687480559247,96.65394894383648,-0.003726347090081916,-0.0,-0.0,0.0
2007-03-16,-0.0005344706690973148,2.086127903980012e-06,-0.0005365567970012948,96.60208861057366,-0.002636902745835723,-0.0,0.0,0.0
2007-03-19,7.498646800030197e-05,3.48538429380533e-06,7.150108370649664e-05,96.60899576459762,0.00038605442176853355,0.0,0.0,0.0
2007-03-20,-1.942765561824607e-05,7.696096230089266e-09,-1.943535171447616e-05,96.60711813478615,-0.0001,-0.0,0.0,0.0
2007-03-21,0.0,7.2007795584028145e-09,-7.2007795584028145e-09,96.60711743913959,0.0,0.0,0.0,0.0
2007-03-22,0.0009233371420157097,0.0,0.0009233371420157097,96.69631837885422,0.004753575559559342,0.0,-0.0,-0.0
2007-03-23,-1.8478440645177778e-05,1.8912291665781761e-06,-2.0369669811755954e-05,96.69434870677682,-0.0001,-0.0,-0.0,-0.0
2007-03-26,0.0,7.447552861009066e-09,-7.447552861009066e-09,96.69434798664055,0.0,0.0,0.0,0.0
2007-03-27,0.0,0.0,0.0,96.69434798664055,0.0,-0.0,-0.0,-0.0
2007-03-28,0.0,0.0,0.0,96.69434798664055,-0.0,-0.0,-0.0,-0.0
2007-03-29,0.0,0.0,0.0,96.69434798664055,0.0,0.0,0.0,0.0
2007-03-30,0.0,0.0,0.0,96.69434798664055,0.0,-0.0,-0.0,0.0
2007-04-02,0.0,0.0,0.0,96.69434798664055,0.0,-0.0,0.0,0.0
2007-04-03,0.0,6.516716284897823e-06,-6.516716284897823e-06,96.69371785700837,-0.0,0.0,-0.0,-0.0
2007-04-04,0.0,8.864989977780402e-09,-8.864989977780402e-09,96.69371699981953,0.0,-0.0,0.0,0.0
2007-04-05,0.0,1.4293670549955673e-06,-1.4293670549955673e-06,96.69357878900601,0.0,-0.0,-0.0,0.0
2007-04-06,0.00048575006900818926,2.7905252946555326e-06,0.0004829595437135337,96.74027787569798,0.0021380120538653127,0.0,0.0,0.0
2007-04-09,-2.2391931855223098e-05,6.555497980044762e-07,-2.3047481653227574e-05,96.73804825591851,-0.0001,0.0,-0.0,-0.0
2007-04-10,0.0,9.066960079037734e-09,-9.066960079037734e-09,96.73804737879848,0.0,-0.0,0.0,0.0
2007-04-11,-0.00015479338404987886,0.0,-0.00015479338404987886,96.72307296907834,-0.0006914308730998741,0.0,0.0,-0.0
2007-04-12,-2.2321705158360125e-05,1.3138643364690727e-07,-2.2453091592007033e-05,96.72090123706191,-0.0001,-0.0,0.0,0.0
2007-04-13,-0.0005171913165604203,8.54294033973968e-09,-0.00051719985950076,96.67087720053131,-0.0023174318507512945,0.0,0.0,0.0
2007-04-16,-0.00012980685948506832,1.0240651331047597e-06,-0.0001308309246181731,96.65822966028351,-0.0005952968200904074,0.0,0.0,-0.0
2007-04-17,-2.1762558502836338e-05,8.568523760307812e-08,-2.1848243740439417e-05,96.65611784772238,-0.0001,-0.0,0.0,0.0
2007-04-18,-0.0006942244992824613,6.351134487575516e-09,-0.0006942308504169489,96.58901618883094,-0.003190460415800189,-0.0,0.0,0.0
2007-04-19,-0.00015980476804804648,1.627210536456439e-06,-0.00016143197858450292,96.57342363283806,-0.0007629450220749678,-0.0,-0.0,-0.0
2007-04-20,-2.0895469977412323e-05,1.006153799040066e-07,-2.099608535731633e-05,96.5713959689922,-0.0001,0.0,0.0,0.0
2007-04-23,0.0,3.782224305889925e-09,-3.782224305889925e-09,96.57139560373751,-0.0,-0.0,-0.0,-0.0
2007-04-24,0.0,3.092775312369706e-06,-3.092775312369706e-06,96.5710969301093,0.0,-0.0,0.0,-0.0
2007-04-25,0.0,2.2758907150560726e-09,-2.2758907150560726e-09,96.57109671032406,0.0,0.0,-0.0,0.0
2007-04-26,0.0,0.0,0.0,96.57109671032406,-0.0,0.0,-0.0,-0.0
2007-04-27,0.0,0.0,0.0,96.57109671032406,0.0,-0.0,0.0,0.0
2007-04-30,0.0,0.0,0.0,96.57109671032406,-0.0,-0.0,0.0,-0.0
2007-05-01,0.0,0.0,0.0,96.57109671032406,-0.0,0.0,-0.0,-0.0
2007-05-02,0.0,6.822919038390607e-09,-6.822919038390607e-09,96.57109605142729,-0.0,0.0,-0.0,-0.0
2007-05-03,-0.000687776321605658,2.215040933015167e-09,-0.000687778536646591,96.50467652430268,-0.0,0.0,-0.0004975874301231919,-0.0018290767227481352
2007-05-04,-0.0012016048876782948,1.839570261723092e-06,-0.0012034444579400178,96.3885385061742,0.0023324616184447924,-0.0,-0.005987530949258524,-0.002791786417552955
2007-05-07,0.0025849909070424872,3.1464588991047762e-06,0.0025818444481433825,96.63739871918102,-0.0001,-0.0,0.008811255405875684,0.004536523028373152
2007-05-08,-4.158706796377017e-05,6.831857593179725e-06,-4.84189255569499e-05,96.63271964016641,-0.0,-0.0,-0.0001,-0.0001
2007-05-09,-0.00027658657384246676,9.20222499902479e-09,-0.0002765957760674658,96.60599143808403,-0.0011280850872022019,0.0,0.0,-0.0
2007-05-10,-2.4398881257909294e-05,2.387112360749705e-07,-2.4637592493984262e-05,96.60361129903451,-0.0001,-0.0,-0.0,-0.0
2007-05-11,0.0006617472704318517,2.80819601240212e-09,0.0006617444622358393,96.66753820384363,0.002712359421815236,0.0,0.0,0.0
2007-05-14,-2.3804190777756756e-05,1.1865727642926815e-06,-2.4990763542049438e-05,96.66512240825419,-0.0001,0.0,-0.0,-0.0
2007-05-15,0.0,3.255469799700528e-06,-3.255469799700528e-06,96.6648077178675,0.0,-0.0,0.0,0.0
2007-05-16,0.0,5.399576185902144e-09,-5.399576185902144e-09,96.66480719591851,-0.0,0.0,-0.0,-0.0
2007-05-17,0.0,1.2964127803422043e-08,-1.2964127803422043e-08,96.6648059427436,-0.0,0.0,-0.0,-0.0
2007-05-18,0.0,2.3180638910559633e-06,-2.3180638910559633e-06,96.66458186754741,0.0,-0.0,0.0,0.0
2007-05-21,0.0,5.25906332577153e-09,-5.25906332577153e-09,96.66458135918226,-0.0,0.0,-0.0,-0.0
2007-05-22,-0.0002607933123107752,0.0,-0.0002607933123107752,96.63937188282648,-0.0011358428539367637,0.0,0.0,-0.0
2007-05-23,-2.284922534428566e-05,2.222171937648898e-07,-2.307144253805055e-05,96.63714227311117,-0.0001,-0.0,0.0,0.0
2007-05-24,0.0,3.1855421066040446e-09,-3.1855421066040446e-09,96.63714196526948,-0.0,-0.0,-0.0,-0.0
2007-05-25,0.0,0.0,0.0,96.63714196526948,0.0,0.0,-0.0,0.0
2007-05-28,0.0,0.0,0.0,96.63714196526948,0.0,-0.0,-0.0,-0.0
2007-05-29,0.0,2.0667109759371253e-05,-2.0667109759371253e-05,96.63514475484966,-0.0,-0.0,-0.0,-0.0
2007-05-30,0.0,3.0101162922508933e-06,-3.0101162922508933e-06,96.63485387182604,-0.0,0.0,-0.0,0.0
2007-05-31,0.0,0.00010612765847283508,-0.00010612765847283508,96.62459824105774,0.0,0.0,0.0,0.0
2007-06-01,0.0,0.00016967506562555218,-0.00016967506562555218,96.60820345601014,-0.0,0.0,0.0,0.0
2007-06-04,0.0,1.2714645415600715e-05,-1.2714645415600715e-05,96.60697511695896,0.0,-0.0,0.0,0.0
2007-06-05,-0.0006362412913006074,1.7979308923655652e-06,-0.000638039222192973,96.54533607769692,-0.002182098380540076,-0.0,0.0,0.0
2007-06-06,0.0005752382643516685,1.0886320754985164e-06,0.00057414963227617,96.60076754690391,0.0020104088763064354,-0.0,-0.0,0.0
2007-06-07,-2.8094638183799954e-05,1.0367209040106406e-06,-2.9131359087810596e-05,96.59795343525634,-0.0001,-0.0,-0.0,0.0
2007-06-08,0.0,1.3939474953594822e-09,-1.3939474953594822e-09,96.59795330060386,-0.0,0.0,-0.0,0.0
2007-06-11,-0.00027633482750693086,0.0,-0.00027633482750693086,96.57125992184102,-0.0004072125347710619,0.0,-0.0006514349013705511,-0.0
2007-06-12,-0.0010754041505040147,6.841116169097883e-08,-0.0010754725616657058,96.46740018154959,-0.003738916019608407,-0.0,-0.0001,-0.0
2007-06-13,8.598795734506827e-05,1.9860976662114396e-08,8.596809636840615e-05,96.47569330030483,0.0003061308960883302,0.0,-0.0,-0.0
2007-06-14,-2.8856679137619446e-05,1.536109625198992e-06,-3.0392788762818437e-05,96.4727611349376,-0.0001,0.0,-0.0,-0.0
2007-06-15,0.0,4.551557033042053e-08,-4.551557033042053e-08,96.47275674392486,0.0,0.0,0.0,0.0
2007-06-18,0.0,8.158516829614993e-11,-8.158516829614993e-11,96.47275673605411,0.0,0.0,0.0,0.0
2007-06-19,0.0,0.0,0.0,96.47275673605411,0.0,-0.0,0.0,0.0
2007-06-20,0.0,7.086946245558318e-06,-7.086946245558318e-06,96.47207303881297,-0.0,0.0,0.0,-0.0
2007-06-21,0.0,5.355250457561578e-09,-5.355250457561578e-09,96.47207252218085,-0.0,0.0,0.0,0.0
2007-06-22,0.0,0.0,0.0,96.47207252218085,0.0,-0.0,0.0,0.0
2007-06-25,3.7439733331610645e-05,0.0,3.7439733331610645e-05,96.47568441085002,0.0001154824732220062,-0.0,0.0,-0.0
2007-06-26,-3.24126458808392e-05,1.5254664159977672e-08,-3.242790054499918e-05,96.47255590695094,-0.0001,-0.0,0.0,-0.0
2007-06-27,0.0,5.215049496057334e-09,-5.215049496057334e-09,96.47255540384178,0.0,0.0,0.0,-0.0
2007-06-28,0.0,0.0,0.0,96.47255540384178,-0.0,0.0,0.0,0.0
2007-06-29,0.0,0.0,0.0,96.47255540384178,0.0,0.0,0.0,0.0
2007-07-02,-0.0024014333750882154,0.0,-0.0024014333750882154,96.24088298951496,-0.00740834367401334,-0.0,0.0,0.0
2007-07-03,0.0004371640547824011,1.3031049821108801e-05,0.00042413300496129227,96.28170192441742,0.0016879097974569213,0.0,-0.0,-0.0
2007-07-04,-5.924323725286677e-05,6.099422143387379e-07,-5.9853179467205505e-05,96.27593915843272,-0.00023146629739478897,0.0,-0.0,0.0
2007-07-05,-2.6074144786753958e-05,9.587747977809925e-07,-2.7032919584534952e-05,96.27333653871153,-0.0001,0.0,-0.0,-0.0
2007-07-06,0.0,0.0,0.0,96.27333653871153,0.0,0.0,-0.0,-0.0
2007-07-09,0.0,0.0,0.0,96.27333653871153,-0.0,0.0,0.0,0.0
2007-07-10,0.0,2.478657097295112e-08,-2.478657097295112e-08,96.27333415242563,0.0,-0.0,0.0,-0.0
2007-07-11,0.0020836753956401857,6.6310164157146195e-09,0.00208366876462377,96.47393589166523,0.00034018816592983346,0.007979773436736826,0.0,0.0
2007-07-12,-4.522397106808755e-05,2.604221213787309e-05,-7.126618320596063e-05,96.46706056247537,-0.0001,-0.0001,-0.0,0.0
2007-07-13,2.3785966203272125e-05,2.6206359573599514e-08,2.3759759843698524e-05,96.46935259666716,0.00012064315577807747,-0.0,0.0,0.0
2007-07-16,-1.970946601916327e-05,1.3004319549095311e-08,-1.9722470338712363e-05,96.46744998272196,-0.0001,-0.0,0.0,0.0
2007-07-17,0.0,1.4679150567852963e-06,-1.4679150567852963e-06,96.46730837669965,0.0,0.0,0.0,0.0
2007-07-18,0.0,6.567742524005993e-08,-6.567742524005993e-08,96.46730204097521,0.0,-0.0,0.0,0.0
2007-07-19,0.0,2.4390563858917027e-09,-2.4390563858917027e-09,96.46730180568602,-0.0,0.0,-0.0,0.0
2007-07-20,0.0,0.0,0.0,96.46730180568602,0.0,-0.0,0.0,0.0
2007-07-23,0.0,0.0,0.0,96.46730180568602,-0.0,-0.0,0.0,0.0
2007-07-24,0.0,0.0,0.0,96.46730180568602,0.0,-0.0,0.0,0.0
2007-07-25,0.000711117225116333,0.0,0.000711117225116333,96.53590136566055,-0.0,0.0028139827853013058,-0.0,0.0
2007-07-26,0.0003173023351983044,1.995854884114434e-06,0.00031530648031418996,96.5663397609441,0.0016462675886066314,-0.0001,-0.0,-0.0
2007-07-27,-2.049156566240424e-05,5.137984595976114e-07,-2.100536412200185e-05,96.56431134981548,-0.0001,0.0,-0.0,-0.0
2007-07-30,0.004266564845958599,1.5007380565978946e-09,0.004266563345220542,96.97630910107708,0.005467041366666636,0.0,0.0017255109681979409,0.007801079464433413
2007-07-31,7.299880436696875e-05,2.0607338005544145e-05,5.239146636142461e-05,96.98138983211322,-0.0001,-0.0,0.0005276600726593639,-0.0001
2007-08-01,0.0008027318618801723,8.109673728828287e-07,0.0008019208945072894,97.05916123499796,0.0,0.0,-0.0001,0.003148148544835683
2007-08-02,-2.492792430205019e-05,6.814337151905112e-06,-3.17422614539553e-05,97.05608035772553,0.0,0.0,0.0,-0.0001
2007-08-03,0.0,7.016412681215845e-05,-7.016412681215845e-05,97.04927050259543,0.0,-0.0,0.0,-0.0
2007-08-06,0.0,8.675630248797389e-08,-8.675630248797389e-08,97.04926208295956,0.0,0.0,-0.0,0.0
2007-08-07,0.0,9.150356170109925e-08,-9.150356170109925e-08,97.04925320260642,-0.0,-0.0,-0.0,-0.0
2007-08-08,0.0,3.452767129596968e-10,-3.452767129596968e-10,97.04925316909758,0.0,0.0,0.0,0.0
2007-08-09,0.0,6.178941007235025e-07,-6.178941007235025e-07,97.04919320293656,-0.0,-0.0,-0.0,-0.0
2007-08-10,0.0,3.2574326541828794e-10,-3.2574326541828794e-10,97.04919317132345,0.0,0.0,-0.0,-0.0
2007-08-13,0.0,0.0,0.0,97.04919317132345,-0.0,-0.0,-0.0,-0.0
2007-08-14,-0.005243744800201913,0.0,-0.005243744800201913,96.54029196926753,-0.005838721734389274,-0.0,-0.00754883458799861,-0.0
2007-08-15,-0.008035862578063886,6.48917945157401e-05,-0.008100754372579627,95.75824277696738,-0.007895782853288624,-0.0,-0.005106050063729328,-0.019255311695450705
2007-08-16,-0.00402764913477036,2.5771787374823335e-05,-0.004053420922145183,95.37009431222735,-0.0002282440010933362,-0.0,-0.0007545052362664117,-0.02715613241604442
2007-08-17,0.0005337701799660264,9.617836718386911e-06,0.0005241523432476395,95.42008277063684,0.005141324259502866,0.0,-0.0016648877120993832,-0.0001
2007-08-20,-5.364216177387395e-05,1.9414997278565645e-06,-5.5583661501730515e-05,95.41477897305565,-0.0001,0.0,-0.0001,0.0
2007-08-21,0.0,8.560668296590801e-09,-8.560668296590801e-09,95.41477815624137,-0.0,-0.0,-0.0,-0.0
2007-08-22,0.0,0.0,0.0,95.41477815624137,0.0,0.0,0.0,0.0
2007-08-23,0.0,0.0,0.0,95.41477815624137,0.0,0.0,0.0,0.0
2007-08-24,0.0,0.0,0.0,95.41477815624137,0.0,0.0,0.0,0.0
2007-08-27,0.000411966105154741,0.0,0.000411966105154741,95.45408581077261,0.0020274866106419934,-0.0,-0.0,0.0
2007-08-28,-2.0154788733587435e-05,3.285311143949005e-07,-2.0483319847982335e-05,95.45213059420215,-0.0001,-0.0,-0.0,-0.0
2007-08-29,0.0,1.467444712684174e-09,-1.467444712684174e-09,95.45213045413142,0.0,0.0,0.0,0.0
2007-08-30,0.0,0.0,0.0,95.45213045413142,-0.0,0.0,-0.0,-0.0
2007-08-31,0.0,0.0,0.0,95.45213045413142,0.0,-0.0,0.0,-0.0
2007-09-03,0.0,2.818126931448103e-07,-2.818126931448103e-07,95.45210355450948,-0.0,0.0,0.0,0.0
2007-09-04,0.0,3.214502183900861e-07,-3.214502183900861e-07,95.45207287140994,0.0,0.0,-0.0,0.0
2007-09-05,0.0,1.5016331658762596e-09,-1.5016331658762596e-09,95.45207272807593,0.0,-0.0,0.0,-0.0
2007-09-06,0.0,0.0,0.0,95.45207272807593,0.0,0.0,0.0,0.0
2007-09-07,-0.0012008841235539296,3.608700495454087e-08,-0.0012009202105588842,95.33744240479706,-0.005871674067487354,-0.0,0.0,-0.0
2007-09-11,-0.0009340283878570843,1.3223000966701788e-06,-0.0009353506879537545,95.24826846245598,-0.0047194581350702425,0.0,0.0,0.0
2007-09-12,-0.0009420991168265679,1.2035754106610327e-06,-0.0009433026922372289,95.15842051438442,-0.0049095223751962624,-0.0,-0.0,0.0
2007-09-13,0.0005496781421558965,1.1582905581062133e-06,0.0005485198515977902,95.21061679708323,0.0029536587569297668,0.0,-0.0,-0.0
2007-09-14,-1.834115434078681e-05,5.37843501969014e-07,-1.8878997842755826e-05,95.20881931605412,-0.0001,0.0,-0.0,0.0
2007-09-17,-0.0021938108614308347,2.410854410725416e-09,-0.0021938132722852453,94.99994894459995,-0.0,-0.0,-0.006421049054738737,-0.0
2007-09-18,0.0029388672354566424,7.891153780873292e-06,0.002930976081675769,95.27839152271699,0.0,0.0,0.009724795817071197,0.0
2007-09-19,-2.4437777654858114e-05,1.1565142690290458e-05,-3.6002920345148574e-05,95.27496122237639,-0.0,0.0,-0.0001,0.0
2007-09-20,0.0,1.7320649844859704e-09,-1.7320649844859704e-09,95.27496105735396,0.0,-0.0,0.0,0.0
2007-09-21,-0.00021686663372352577,0.0,-0.00021686663372352577,95.25429909727133,-0.0010301216575419158,0.0,0.0,-0.0
2007-09-24,0.0002695038784902834,1.9483746409680593e-08,0.0002694843947438737,95.2799686444103,0.0012807424719581961,-0.0,0.0,0.0
2007-09-25,-2.0975464916385963e-05,1.3463918536555653e-07,-2.111010410175152e-05,95.27795727435341,-0.0001,-0.0,-0.0,0.0
2007-09-26,0.00026066021751051645,2.6205832940412455e-09,0.0002606575969272224,95.30279219773668,0.0012426133899299141,0.0,-0.0,0.0
2007-09-27,-2.0915991279977938e-05,1.2156785611008165e-07,-2.103755913608802e-05,95.30078725961,-0.0001,0.0,0.0,0.0
2007-09-28,0.0,2.4007939678563627e-09,-2.4007939678563627e-09,95.30078703081244,0.0,-0.0,0.0,0.0
2007-10-01,0.000432048633352739,3.135262778164516e-06,0.0004289133705745745,95.34166281259624,0.0019215122666684681,0.0,-0.0,0.0
2007-10-02,-2.245362752289395e-05,6.239108630036878e-08,-2.2516018609194317e-05,95.33951609794212,-0.0001,-0.0,-0.0,-0.0
2007-10-03,0.0,2.6215668033346964e-10,-2.6215668033346964e-10,95.33951607294824,-0.0,0.0,-0.0,-0.0
2007-10-04,0.0,1.3500740130525936e-09,-1.3500740130525936e-09,95.33951594423283,0.0,-0.0,0.0,0.0
2007-10-05,0.0,0.0,0.0,95.33951594423283,-0.0,0.0,0.0,0.0
2007-10-08,0.0,0.0,0.0,95.33951594423283,-0.0,0.0,-0.0,-0.0
2007-10-09,0.0013358061228762707,0.0,0.0013358061228762707,95.4668710533832,0.004019309359140066,0.0010080570555415114,0.0,0.0
2007-10-10,-8.05604484410731e-05,5.067940805844658e-05,-0.00013123985649951967,95.4543419949257,-0.0001,-0.0001,0.0,-0.0
2007-10-11,0.0,0.0,0.0,95.4543419949257,0.0,0.0,-0.0,0.0
2007-10-12,0.0,1.4365562928622677e-09,-1.4365562928622677e-09,95.45434185780016,-0.0,0.0,0.0,0.0
2007-10-15,0.0,3.239634806237457e-10,-3.239634806237457e-10,95.45434182687643,0.0,-0.0,0.0,-0.0
2007-10-16,0.0,0.0,0.0,95.45434182687643,-0.0,-0.0,-0.0,-0.0
2007-10-17,0.0,0.0,0.0,95.45434182687643,0.0,-0.0,0.0,0.0
2007-10-18,0.0,0.0,0.0,95.45434182687643,0.0,-0.0,0.0,0.0
2007-10-19,-2.9718128655141268e-05,0.0,-2.9718128655141268e-05,95.45150510246533,-0.00024293535344189755,-0.0,0.0,-0.0
2007-10-22,-1.2232658197115222e-05,5.57538152062137e-10,-1.2233215735267283e-05,95.45033742361116,-0.0001,-0.0,-0.0,-0.0
2007-10-23,0.0,3.542839534943776e-10,-3.542839534943776e-10,95.45033738979464,0.0,0.0,0.0,0.0
2007-10-24,0.0,3.5945029464157096e-05,-3.5945029464157096e-05,95.4469064246048,0.0,-0.0,-0.0,0.0
2007-10-25,0.0,9.569290626500506e-08,-9.569290626500506e-08,95.44689729101293,0.0,-0.0,0.0,0.0
2007-10-26,-0.00025278960793986453,2.643007157673849e-10,-0.0002527898722405803,95.42276928204099,-0.0047777433031881535,0.0,0.0,0.0
2007-10-29,-9.327469862731698e-05,4.163319237929224e-07,-9.369103055110991e-05,95.41382902444892,-0.0017301152697892785,0.0,0.0,0.0
2007-10-30,-8.221000709760301e-05,4.024792907745302e-08,-8.225025502668046e-05,95.40598121267858,-0.0015305939791070422,0.0,0.0,-0.0
2007-10-31,-0.00011861893887147499,3.499309901640636e-08,-0.0001186539319704914,95.39466091787419,-0.0022142854017568325,0.0,0.0,0.0
2007-11-01,-5.32487998578906e-06,6.421021287611878e-08,-5.389090198665178e-06,95.39414682744203,-0.0001,-0.0,-0.0,-0.0
2007-11-02,0.0,1.2126266495712108e-09,-1.2126266495712108e-09,95.39414671176453,0.0,0.0,0.0,0.0
2007-11-05,0.0,0.0,0.0,95.39414671176453,-0.0,-0.0,-0.0,-0.0
2007-11-06,0.0,0.0,0.0,95.39414671176453,0.0,0.0,0.0,0.0
2007-11-07,-0.00022416418908469363,0.0,-0.00022416418908469363,95.37276276022347,-0.004209271726452368,-0.0,0.0,-0.0
2007-11-08,-0.00020285111532174015,2.620162000387571e-07,-0.00020311313152177892,95.35339129971736,-0.0039051297848762268,0.0,0.0,0.0
2007-11-09,2.0930953095325516e-05,1.9831704210997935e-07,2.0732636053215537e-05,95.35536822687563,0.0004107878291824685,-0.0,-0.0,-0.0
2007-11-12,-5.090546103743999e-06,9.547148590958316e-09,-5.100093252334957e-06,95.35488190560555,-0.0001,-0.0,-0.0,-0.0
2007-11-13,0.00126982984149916,2.0784362391673688e-06,0.0012677514052599926,95.47576819113978,0.0,0.0,0.009838282056837667,0.023315011015696985
2007-11-14,-8.066245632972677e-06,2.4967266448944277e-06,-1.0562972277867106e-05,95.47475968324717,0.0,0.0,-0.0001,-0.0001
2007-11-15,-0.00023396100655326144,2.5454375179722243e-06,-0.00023650644407123366,95.45217928733592,-0.0,-0.0,-0.004188822155574046,-0.0
2007-11-16,0.00035517236920042225,9.225919278600365e-07,0.00035424977727256223,95.48599320058865,0.0,0.0,0.003920066743993367,0.003910367783132684
2007-11-19,-8.899614305926146e-06,3.397017625363749e-07,-9.23931606846252e-06,95.48511097531735,0.0,-0.0,-0.0001,-0.0001
2007-11-20,0.0,1.4935885735832544e-09,-1.4935885735832544e-09,95.48511083270188,0.0,-0.0,0.0,0.0
2007-11-21,-0.00011419559845564817,0.0,-0.00011419559845564817,95.47420685332673,-0.0017790342611554543,-0.0,-0.0,-0.0
2007-11-22,0.000138439562464826,6.295135634267757e-08,0.00013837661110848332,95.48741825051937,0.00013374777224106627,0.0,-0.0,0.003564107396364802
2007-11-23,-1.0002200632283314e-05,5.972140777800311e-08,-1.0061922040061317e-05,95.48645746356112,-0.0001,-0.0,-0.0,-0.0001
2007-11-27,0.0,1.9858547603219814e-07,-1.9858547603219814e-07,95.48643850133752,0.0,0.0,0.0,0.0
2007-11-28,0.0,2.5394935268804878e-09,-2.5394935268804878e-09,95.48643825885033,0.0,0.0,0.0,0.0
2007-11-29,0.0,0.0,0.0,95.48643825885033,-0.0,-0.0,-0.0,-0.0
2007-11-30,0.0,0.0,0.0,95.48643825885033,-0.0,0.0,-0.0,0.0
2007-12-03,0.0,0.0,0.0,95.48643825885033,-0.0,-0.0,0.0,-0.0
2007-12-04,0.0,0.0,0.0,95.48643825885033,0.0,-0.0,-0.0,-0.0
2007-12-05,0.0,0.0,0.0,95.48643825885033,-0.0,0.0,-0.0,-0.0
2007-12-06,0.00028418546069433295,0.0,0.00028418546069433295,95.51357411629698,0.004019217399320973,0.0,0.00044768525068449315,0.0
2007-12-07,8.271349034103293e-05,6.251222431647427e-07,8.208836809786819e-05,95.52141466972738,-0.0001,0.0,0.001686351542529163,-0.0
2007-12-10,-5.2213975979849335e-06,1.0640040789433093e-06,-6.285401676928243e-06,95.52081427926743,0.0,0.0,-0.0001,0.0
2007-12-11,0.0,8.655730845893939e-07,-8.655730845893939e-07,95.52073159902157,-0.0,-0.0,-0.0,-0.0
2007-12-12,0.0,1.2133765238980654e-06,-1.2133765238980654e-06,95.5206156964083,0.0,0.0,0.0,0.0
2007-12-13,0.0,6.088938926059953e-07,-6.088938926059953e-07,95.52055753448879,-0.0,0.0,-0.0,-0.0
2007-12-14,0.0,1.341875931022696e-09,-1.341875931022696e-09,95.52055740631205,-0.0,0.0,-0.0,-0.0
2007-12-17,-0.0003183029415990279,9.430430785011122e-07,-0.000319245984677529,95.49006285190593,-0.0017719903265834946,-0.0,0.0,-0.004992263639066252
2007-12-19,-0.00014539202058793047,3.1346815776553344e-06,-0.0001485267021655858,95.47588002778096,-0.0020137352841703704,0.0,0.0,0.00034340735654248
2007-12-20,-0.0002746462836255728,2.4999999999999994e-05,-0.0002996462836255728,95.44727103515476,-0.0035402432596395306,-0.0,-0.0,0.0005153854425687943
2007-12-21,0.0005982191650346867,6.77763853460528e-07,0.0005975414011812262,95.50430473122802,0.003841591269959199,0.0,-0.0,0.007966110879709554
2007-12-24,-1.1071104151302647e-05,1.1112082868592472e-06,-1.2182312438161893e-05,95.50314126794859,-0.0001,0.0,-0.0,-0.0001
2007-12-25,0.0,1.0876052806438399e-07,-1.0876052806438399e-07,95.50313088097651,-0.0,0.0,-0.0,-0.0
2007-12-26,0.0,1.5920342473753347e-09,-1.5920342473753347e-09,95.50313072893226,0.0,0.0,0.0,0.0
2007-12-27,0.0,1.0632864591934577e-07,-1.0632864591934577e-07,95.5031205742137,0.0,-0.0,0.0,0.0
2007-12-28,-0.0005521153381695564,1.8132731292364035e-09,-0.0005521171514426856,95.45039166332838,-0.0072234026773245865,-0.0,-0.0,-0.0
2007-12-31,0.0005278657935165186,1.9954903006962193e-06,0.0005258703032158225,95.50058618973443,0.007942992081468536,-0.0,-0.0,0.0
2008-01-01,-5.792985991538144e-06,1.705386943191827e-06,-7.498372934729971e-06,95.4998700907237,-0.0001,0.0,0.0,0.0
2008-01-02,0.0,0.0,0.0,95.4998700907237,0.0,-0.0,-0.0,0.0
2008-01-03,0.0,0.0,0.0,95.4998700907237,0.0,0.0,-0.0,-0.0
2008-01-04,0.0,0.0,0.0,95.4998700907237,0.0,-0.0,0.0,-0.0
2008-01-07,0.0,0.0,0.0,95.4998700907237,-0.0,0.0,-0.0,-0.0
2008-01-08,0.0,0.0,0.0,95.4998700907237,0.0,-0.0,0.0,0.0
2008-01-09,0.00037684439057992136,1.6714446253710243e-05,0.00036012994432621113,95.53426245362263,0.058145548060384175,0.0,-0.0,0.0
2008-01-10,-2.971001127247256e-05,0.00017292873013376848,-0.00020263874140624103,95.51490351091786,-0.0001,-0.0,0.0,0.0
2008-01-11,0.0,7.742542646849149e-10,-7.742542646849149e-10,95.51490343696504,-0.0,-0.0,-0.0,-0.0
2008-01-14,0.0,0.0,0.0,95.51490343696504,0.0,-0.0,-0.0,0.0
2008-01-15,0.0,0.0,0.0,95.51490343696504,-0.0,-0.0,0.0,-0.0
2008-01-16,0.0,0.0,0.0,95.51490343696504,-0.0,0.0,0.0,-0.0
2008-01-17,0.0,0.0,0.0,95.51490343696504,-0.0,-0.0,0.0,-0.0
2008-01-18,0.0,0.0,0.0,95.51490343696504,-0.0,0.0,0.0,0.0
2008-01-21,0.0,2.0860738359329558e-09,-2.0860738359329558e-09,95.5149032377139,-0.0,-0.0,0.0,-0.0
2008-01-22,0.0,7.788311283674076e-10,-7.788311283674076e-10,95.51490316332391,0.0,0.0,0.0,0.0
2008-01-23,0.0,0.0,0.0,95.51490316332391,-0.0,-0.0,-0.0,0.0
2008-01-24,0.0,0.0,0.0,95.51490316332391,0.0,0.0,0.0,0.0
2008-01-25,-0.00032704563035829414,0.0,-0.00032704563035829414,95.48366543161025,-0.0,-0.0,-0.0013081825214331765,-0.0
2008-01-28,-0.0005458519226338443,1.7012762032908024e-07,-0.0005460220502541734,95.43152924484549,0.0,0.0,-0.002183407690535377,0.0
2008-01-29,-0.0005520047479165013,3.203087620567424e-08,-0.000552036778792707,95.37884753084592,-0.0,0.0,-0.0022080189916660053,0.0
2008-01-30,0.0007141000742055259,2.705379625944082e-08,0.0007140730204092665,95.4469549925854,0.0,-0.0,0.0028564002968221036,-0.0
2008-01-31,-2.5e-05,4.8931151452030754e-08,-2.5048931151452034e-05,95.44456414838119,0.0,0.0,-0.0001,0.0
2008-02-01,0.0,9.855894304688917e-10,-9.855894304688917e-10,95.44456405431202,-0.0,0.0,-0.0,0.0
2008-02-04,0.0,0.0,0.0,95.44456405431202,0.0,0.0,0.0,0.0
2008-02-05,0.0,0.0,0.0,95.44456405431202,-0.0,-0.0,-0.0,-0.0
2008-02-06,0.0,0.0,0.0,95.44456405431202,-0.0,-0.0,-0.0,-0.0
2008-02-07,-0.0028591153956398106,1.4598780155924418e-07,-0.00285926138344137,95.17166309805214,-0.0095547125377884,0.0,-0.0,0.0
2008-02-08,0.022381533827135914,5.001025511742252e-07,0.02238103372458474,97.30170329947445,0.07542583702905992,0.0,0.0,0.0
2008-02-11,0.014370350276519115,1.7360763619878688e-05,0.014352989512899237,98.69827362651905,0.06845246387372236,-0.0,0.0,0.0
2008-02-12,-1.7937051840141312e-05,6.112260179545157e-06,-2.404931201968647e-05,98.6959000009408,-0.0001,0.0,0.0,-0.0
2008-02-13,0.0,1.8942860295020774e-05,-1.8942860295020774e-05,98.69403041829538,-0.0,0.0,0.0,-0.0
2008-02-14,0.0011109154237892687,3.0203681149282292e-09,0.0011109124034211538,98.8036708408307,0.0,0.004443661695157075,0.0,0.0
2008-02-15,-6.899669909763087e-05,0.00011299339819526174,-0.0001819900972928926,98.78568955116148,0.0,-0.0001,-0.0,0.0
2008-02-18,0.0,2.7379190034760957e-06,-2.7379190034760957e-06,98.78541908394479,-0.0,0.0,-0.0,0.0
2008-02-19,0.0,6.785286464927945e-09,-6.785286464927945e-09,98.78541841365741,0.0,-0.0,-0.0,0.0
2008-02-20,0.0,0.0,0.0,98.78541841365741,-0.0,0.0,-0.0,-0.0
2008-02-21,0.0,2.622253964471716e-09,-2.622253964471716e-09,98.78541815461695,0.0,-0.0,0.0,-0.0
2008-02-22,0.0,2.7083314326167874e-06,-2.7083314326167874e-06,98.7851506109639,0.0,-0.0,0.0,0.0
2008-02-25,0.0,5.212132240163536e-09,-5.212132240163536e-09,98.78515009608262,0.0,0.0,-0.0,0.0
2008-02-26,0.0,0.0,0.0,98.78515009608262,0.0,-0.0,0.0,0.0
2008-02-27,0.0002825700433955201,0.0,0.0002825700433955201,98.81306382023209,-0.008233538945984453,-0.0,0.001962502530664201,0.0
2008-02-28,-0.00015462189459036413,2.137623181030224e-08,-0.00015464327082217444,98.79778304484297,-0.005151412739262895,-0.0,-0.0001,0.0
2008-02-29,6.485066475377867e-06,1.018239532418995e-08,6.474884080053677e-06,98.79842274903555,0.00025825100994025796,-0.0,-0.0,-0.0
2008-03-03,-2.5112754034300816e-06,2.5371932655150754e-10,-2.5115291227566333e-06,98.79817461391953,-0.0001,-0.0,-0.0,0.0
2008-03-04,0.0,1.0474731468763932e-10,-1.0474731468763932e-10,98.79817460357069,0.0,-0.0,0.0,-0.0
2008-03-05,0.0,0.0,0.0,98.79817460357069,0.0,0.0,0.0,0.0
2008-03-06,0.0,1.1803436040010856e-09,-1.1803436040010856e-09,98.79817448695489,0.0,-0.0,0.0,-0.0
2008-03-07,-0.00026165745473056,1.0237632217489912e-10,-0.00026165755710688216,98.77232319797203,-0.0,0.0,-0.00104662981892224,-0.0
2008-03-10,-2.5e-05,0.0,-2.5e-05,98.76985388989206,0.0,-0.0,-0.0001,-0.0
2008-03-11,0.0,0.0,0.0,98.76985388989206,0.0,0.0,-0.0,0.0
2008-03-12,0.0,0.0,0.0,98.76985388989206,0.0,-0.0,0.0,0.0
2008-03-13,-0.00013507941477788933,0.0,-0.00013507941477788933,98.75651211583093,-0.005380183738611166,-0.0,0.0,0.0
2008-03-14,6.651327591574839e-06,1.0506807695130627e-08,6.640820783879709e-06,98.75716794012914,0.0002654764206727611,-0.0,-0.0,-0.0
2008-03-17,-2.3675115700968646e-06,7.649124367906718e-06,-1.0016635938003582e-05,98.75617872553161,-0.0001,-0.0,-0.0,-0.0
2008-03-18,0.00013300064011156803,1.022192545768047e-08,0.00013299041818611035,98.76931235103879,0.005615191493736116,0.0,0.0,0.0
2008-03-19,-2.370519653797694e-06,5.008841316793932e-08,-2.4206080669656336e-06,98.76907326924454,-0.0001,-0.0,-0.0,-0.0
2008-03-20,-0.014092793939859391,0.0001255054608343004,-0.014218299400693692,97.36474501397336,-0.0,0.0,0.0,-0.014421728936560917
2008-03-21,-0.0008427195632238874,0.00014963116594956665,-0.000992350729173454,97.26812503826295,0.0,0.0,-0.0,-0.0036794216155416892
2008-03-24,0.0031211169156155146,9.692199795143401e-07,0.0031201476956360004,97.57161595445993,-0.0,0.0,0.0,0.013921762761765377
2008-03-25,-1.726099179293034e-05,1.0315972196395954e-05,-2.7576963989326292e-05,97.56892522552036,0.0,-0.0,0.0,-0.0001
2008-03-26,0.0,1.179048720489906e-10,-1.179048720489906e-10,97.56892521401652,0.0,-0.0,0.0,0.0
2008-03-27,1.6112131288691677e-05,2.0369237884277497e-08,1.60917620508074e-05,97.57049526994462,0.0005325822100736733,0.0,-0.0,0.0
2008-03-28,-3.0274205822244433e-06,4.2705731169517814e-09,-3.0316911553413953e-06,97.57019946633709,-0.0001,-0.0,-0.0,-0.0
2008-03-31,0.0,0.0,0.0,97.57019946633709,-0.0,0.0,-0.0,-0.0
2008-04-02,0.0,0.0,0.0,97.57019946633709,-0.0,0.0,0.0,0.0
2008-04-03,0.0,0.0,0.0,97.57019946633709,-0.0,0.0,0.0,0.0
2008-04-04,0.0,0.0,0.0,97.57019946633709,0.0,-0.0,-0.0,0.0
2008-04-07,0.0,0.0,0.0,97.57019946633709,-0.0,0.0,-0.0,0.0
2008-04-08,0.0,0.0,0.0,97.57019946633709,-0.0,0.0,-0.0,0.0
2008-04-09,0.047112247248262004,8.163112372515532e-07,0.04711143093702475,102.16687118000716,0.015692337696197035,0.058672431974934866,0.0,-0.0
2008-04-10,-3.5384536039507804e-05,0.00011359843451957797,-0.00014898297055908577,102.15165005604602,-0.0001,-0.0001,-0.0,0.0
2008-04-11,0.0,1.2501195412073508e-09,-1.2501195412073508e-09,102.15164992834424,0.0,-0.0,0.0,-0.0
2008-04-14,0.0,0.0,0.0,102.15164992834424,0.0,0.0,-0.0,-0.0
2008-04-15,0.0,0.0,0.0,102.15164992834424,-0.0,0.0,-0.0,-0.0
2008-04-16,0.0,0.0,0.0,102.15164992834424,0.0,-0.0,0.0,0.0
2008-04-17,0.00043721770328873687,0.0,0.00043721770328873687,102.19631243811307,0.003414323154582555,0.0,0.0,-0.0
2008-04-18,-1.2807201810642094e-05,3.6056098585673936e-09,-1.281080742050066e-05,102.19500322083532,-0.0001,0.0,0.0,-0.0
2008-04-21,0.002124273989663553,4.826318448031275e-10,0.002124273507031708,102.41209335872836,0.0,-0.0,0.008497095958654211,0.0
2008-04-22,-5.732113499146127e-05,8.964226998292253e-05,-0.0001469634049743838,102.39704252877782,0.0,-0.0,-0.0001,0.0
2008-04-23,0.0003841485617208763,7.573754948425605e-09,0.00038414098796592786,102.4363774298596,0.0070275144485914985,0.0,-0.0,0.0
2008-04-24,-5.4621425251613705e-06,8.415679958084094e-09,-5.470558205119455e-06,102.43581704569455,-0.0001,0.0,-0.0,-0.0
2008-04-25,-0.00016843262755319768,5.12907046234732e-07,-0.00016894553459943242,102.41851097182165,-0.0031023385725221894,0.0,0.0,-0.0
2008-04-28,5.4250059281622516e-05,1.4366108220876556e-06,5.281344845953486e-05,102.42392004657216,0.0010174394116202468,-0.0,0.0,0.0
2008-04-29,-5.231290178855759e-06,1.5880038338854826e-06,-6.819294012741242e-06,102.42322158774743,-0.0001,-0.0,-0.0,-0.0
2008-04-30,0.0,2.1851947747987183e-06,-2.1851947747987183e-06,102.42299777305881,0.0,-0.0,0.0,0.0
2008-05-02,0.0,1.2244143755014287e-08,-1.2244143755014287e-08,102.4229965189769,-0.0,0.0,-0.0,-0.0
2008-05-05,0.0002063503742121948,0.0,0.0002063503742121948,102.44413154263654,0.004053477942077765,-0.0,0.0,0.0
2008-05-06,-5.091277582952381e-06,1.1565170978992956e-09,-5.09243410005028e-06,102.44360985264771,-0.0001,-0.0,0.0,0.0
2008-05-07,0.0,2.2070395696016655e-10,-2.2070395696016655e-10,102.443609830038,-0.0,0.0,-0.0,-0.0
2008-05-08,0.0,0.0,0.0,102.443609830038,0.0,0.0,0.0,0.0
2008-05-09,0.004531898868932716,6.351299898737852e-08,0.004531835355933728,102.90786740305523,0.0,0.050421785913982484,-0.0,-0.0
2008-05-12,-6.871404494077345e-06,4.461365956947198e-06,-1.1332770451024542e-05,102.90670117181635,0.0,-0.0001,0.0,0.0
2008-05-13,0.0,2.608251734807496e-05,-2.608251734807496e-05,102.90401710599781,-0.0,0.0,-0.0,-0.0
2008-05-14,0.0,1.9307156809304784e-09,-1.9307156809304784e-09,102.9040169073194,-0.0,0.0,0.0,-0.0
2008-05-15,0.0022619401620996276,0.0,0.0022619401620996276,103.13677963600345,-0.0,-0.0,0.0,0.010248087514669314
2008-05-16,-2.019693400689912e-05,3.749786279977883e-06,-2.3946720286877002e-05,103.13430984839023,0.0,-0.0,0.0,-0.0001
2008-05-19,0.0008904432987778866,9.67568285722975e-10,0.000890442331209601,103.2261450036793,0.004263337902665853,0.0,-0.0,-0.0
2008-05-20,-2.0622312938345342e-05,5.274934864541038e-07,-2.1149806424799446e-05,103.2239617906945,-0.0001,-0.0,0.0,0.0
2008-05-21,-0.0027584979663043832,2.3264994101296343e-09,-0.0027585002928037935,102.93921846187051,-0.008657057367725606,-0.0,-0.0018348341182992222,0.0
2008-05-22,-0.0017761232299843047,1.8244632515313053e-06,-0.001777947693235836,102.75619791586273,0.0035553498437215225,0.0,-0.004654473674646997,-0.0
2008-05-23,-0.00045890332185638365,5.980665238120534e-06,-0.0004648839870945042,102.70842820487691,-0.0001,-0.0,-0.0008721954141459598,0.0
2008-05-26,5.962264076203076e-05,1.993263844647042e-07,5.942331437756606e-05,102.71453148009535,-0.0,0.0,0.00011894963264835745,-0.0
2008-05-27,-5.012338695984504e-05,1.7757135636106703e-09,-5.012516267340865e-05,102.70938289749598,-0.0,0.0,-0.0001,-0.0
2008-05-28,0.0,3.832255763903947e-09,-3.832255763903947e-09,102.70938250388737,-0.0,0.0,0.0,0.0
2008-05-29,0.0,1.7913451431457105e-06,-1.7913451431457105e-06,102.70919851593388,-0.0,0.0,-0.0,-0.0
2008-05-30,0.0003071116142850356,1.0420000350211123e-06,0.00030606961425001447,102.74063468070358,0.001376473863915917,0.0,0.0,0.0
2008-06-02,-2.2296723959770348e-05,2.9500955251124397e-08,-2.2326224915021472e-05,102.73834087018578,-0.0001,-0.0,-0.0,-0.0
2008-06-03,0.0,0.0,0.0,102.73834087018578,-0.0,0.0,-0.0,-0.0
2008-06-04,-0.00027692553646435354,0.0,-0.00027692553646435354,102.70989000002486,-0.001242001008596627,0.0,-0.0,0.0
2008-06-05,-2.225013089595361e-05,9.318612763347945e-08,-2.234331702358709e-05,102.70759512039113,-0.0001,0.0,0.0,0.0
2008-06-06,0.0,3.3919149385039374e-09,-3.3919149385039374e-09,102.7075947720157,0.0,-0.0,0.0,0.0
2008-06-09,0.0,2.81437233362912e-07,-2.81437233362912e-07,102.7075658662744,-0.0,0.0,0.0,-0.0
2008-06-10,-0.0012476089804756472,3.3639376240332533e-09,-0.0012476123444132713,102.57942663923498,-0.0,0.0,-0.0,-0.005775942210980556
2008-06-11,0.0005434291769532305,1.0604703939005465e-06,0.0005423687065593299,102.6350625101809,0.0,0.003440127318635178,0.0,0.0015159112397706842
2008-06-12,-0.0022737548889530685,6.766585109631574e-08,-0.002273822554804165,102.40168859013153,-0.0,-0.0001,-0.0,-0.010777889783360806
2008-06-13,0.00030716437221109264,3.356234229511297e-06,0.0003038081379815813,102.43279905646827,-0.0,-0.0033467390001191808,-0.0,0.0027253082380094273
2008-06-16,0.0003380794679705875,1.8840507371257893e-07,0.00033789106289687493,102.46741018381695,0.0,-0.0001,0.0,0.0017887838439007986
2008-06-17,-1.922723859108231e-05,8.128655403532582e-08,-1.9308525145117637e-05,102.46543168925086,0.0,-0.0,-0.0,-0.0001
2008-06-18,0.0,1.0657371665054982e-06,-1.0657371665054982e-06,102.46532248803202,0.0,-0.0,0.0,0.0
2008-06-19,0.0,4.018948590164828e-09,-4.018948590164828e-09,102.46532207622916,-0.0,0.0,0.0,0.0
2008-06-20,0.0,5.972583820722038e-06,-5.972583820722038e-06,102.46471009350432,0.0,-0.0,0.0,0.0
2008-06-23,0.0,5.520130098441017e-07,-5.520130098441017e-07,102.46465353165131,-0.0,0.0,-0.0,-0.0
2008-06-24,0.0,1.0039954944049438e-05,-1.0039954944049438e-05,102.46362479114649,0.0,-0.0,0.0,0.0
2008-06-25,0.0,6.191945514225084e-10,-6.191945514225084e-10,102.46362472770156,0.0,0.0,0.0,0.0
2008-06-26,-0.0011068544883477977,0.0,-0.0011068544883477977,102.35021240477933,-0.005140960465727773,-0.0,0.0,-0.0
2008-06-27,-0.0015353515121437039,1.1397150371756684e-06,-0.0015364912271808794,102.19295220131927,-0.0,-0.0,-0.003370402907664449,0.0
2008-06-30,0.0002873019255604272,2.6990271585792515e-06,0.00028460289840184793,102.22203661171201,0.00018895812560815184,0.0,0.0005581160784596806,-0.0
2008-07-02,-6.56619831185924e-05,8.020876428370821e-08,-6.57421918828761e-05,102.21531631096643,-0.0001,-0.0,-0.0001,0.0
2008-07-03,0.0023882134312844614,2.484143509019765e-09,0.0023882109471409525,102.45942804834576,0.011109822846674378,0.0,-0.0,-0.0
2008-07-04,-1.969817733210249e-05,3.5964718505643403e-06,-2.329464918266683e-05,102.45704129191391,-0.0001,0.0,0.0,0.0
2008-07-07,0.0,3.1041167233084033e-09,-3.1041167233084033e-09,102.4570409738753,0.0,0.0,-0.0,-0.0
2008-07-08,0.0,0.0,0.0,102.4570409738753,-0.0,0.0,-0.0,-0.0
2008-07-09,0.005143962803200185,0.0,0.005143962803200185,102.98407618157086,0.026115960128753713,-0.0,0.0,0.0
2008-07-10,-1.5190219356380316e-05,9.012811834721043e-06,-2.420303119110136e-05,102.98158365476284,-0.0001,0.0,-0.0,0.0
2008-07-11,0.0,5.79418614718441e-10,-5.79418614718441e-10,102.9815835950934,0.0,-0.0,0.0,0.0
2008-07-14,0.0,0.0,0.0,102.9815835950934,-0.0,0.0,0.0,0.0
2008-07-15,0.0,0.0,0.0,102.9815835950934,0.0,-0.0,0.0,0.0
2008-07-16,0.0,0.0,0.0,102.9815835950934,-0.0,0.0,-0.0,-0.0
2008-07-17,0.0,0.0,0.0,102.9815835950934,0.0,0.0,-0.0,-0.0
2008-07-18,0.0,9.312275332185317e-08,-9.312275332185317e-08,102.98157400516479,-0.0,0.0,0.0,0.0
2008-07-21,0.0,1.7618222530449423e-09,-1.7618222530449423e-09,102.98157382372956,0.0,-0.0,0.0,0.0
2008-07-22,0.0,2.7712163686796893e-05,-2.7712163686796893e-05,102.97871998149904,-0.0,0.0,-0.0,-0.0
2008-07-23,0.0,1.5257290490726383e-08,-1.5257290490726383e-08,102.97871841032278,-0.0,0.0,0.0,-0.0
2008-07-24,-3.874411443869131e-05,4.311656605265335e-07,-3.9175280099217844e-05,102.97468419018479,-0.0003352670737083562,-0.0,-0.0,-0.0
2008-07-25,-0.0001159063326427859,3.7000361245626e-09,-0.00011591003267891046,102.96274839117521,-0.001003140722513396,0.0,0.0,-0.0
2008-07-28,-1.1613001622084276e-05,1.1731469399596795e-07,-1.1730316316080243e-05,102.96154060556782,-0.0001,-0.0,0.0,0.0
2008-07-29,0.0,1.9129226871195117e-09,-1.9129226871195117e-09,102.96154040861035,-0.0,0.0,-0.0,-0.0
2008-07-30,-0.0022166931882311725,1.2631664048703972e-09,-0.0022166944513975773,102.73330613327923,-0.0012057766085046384,0.0,0.0,-0.009533981157697446
2008-07-31,-0.0005967750119952208,4.702132468400704e-06,-0.0006014771444636215,102.6715143976649,-0.0001,-0.0,0.0,-0.0030098126919474444
2008-08-01,-0.001705590752875749,3.439287683251635e-07,-0.0017059346816440742,102.496363500437,0.0,0.0,-0.0,-0.008856189113699897
2008-08-04,-0.0008671482058416753,5e-05,-0.0009171482058416753,102.40235914454729,0.0,0.0,-0.0,-0.003900084238187995
2008-08-05,-0.002763174668678007,4.752223303044312e-07,-0.0027636498910083114,102.11935487585848,0.0,0.0,-0.0,-0.012561895920432664
2008-08-06,-1.96961313493746e-05,4.600693240067963e-06,-2.4296824589442564e-05,102.11687369980586,0.0,0.0,-0.0,-0.0001
2008-08-07,0.0,2.9712564867417912e-09,-2.9712564867417912e-09,102.11687339639045,0.0,0.0,-0.0,-0.0
2008-08-08,0.0,0.0,0.0,102.11687339639045,-0.0,0.0,-0.0,-0.0
2008-08-11,0.0,0.0,0.0,102.11687339639045,0.0,0.0,-0.0,-0.0
2008-08-12,0.0,0.0,0.0,102.11687339639045,0.0,0.0,-0.0,-0.0
2008-08-13,0.0,0.0,0.0,102.11687339639045,0.0,0.0,-0.0,0.0
2008-08-14,0.0,3.6529344179718983e-06,-3.6529344179718983e-06,102.11650037014897,0.0,0.0,-0.0,-0.0
2008-08-15,0.0,5.120376480152733e-09,-5.120376480152733e-09,102.11649984727404,0.0,0.0,-0.0,0.0
2008-08-18,0.0,0.0,0.0,102.11649984727404,0.0,0.0,0.0,0.0
2008-08-19,0.0,0.0,0.0,102.11649984727404,0.0,0.0,0.0,0.0
2008-08-20,0.0,1.3698338761882533e-06,-1.3698338761882533e-06,102.11635996463325,0.0,0.0,-0.0,-0.0
2008-08-21,0.0,1.4043103310460599e-05,-1.4043103310460599e-05,102.11492593404057,0.0,0.0,0.0,0.0
2008-08-22,0.0,6.619346949424454e-07,-6.619346949424454e-07,102.11485834062822,0.0,0.0,-0.0,-0.0
2008-08-25,0.0,2.552149367103518e-08,-2.552149367103518e-08,102.11485573450449,0.0,0.0,-0.0,-0.0
2008-08-26,-0.006686153332477826,6.015747168158781e-10,-0.006686153934052543,101.43210009011003,-0.026744613329911304,-0.0,-0.0,-0.0
2008-08-27,0.0013290045720963373,0.0,0.0013290045720963373,101.56690381488713,0.005316018288385349,-0.0,-0.0,0.0
2008-08-28,-0.00019865778896796527,0.0,-0.00019865778896796527,101.54672675834296,-0.0007946311558718611,-0.0,-0.0,0.0
2008-08-29,-2.5e-05,0.0,-2.5e-05,101.54418809017398,-0.0001,-0.0,-0.0,-0.0
2008-09-01,0.0,0.0,0.0,101.54418809017398,-0.0,-0.0,-0.0,-0.0
2008-09-02,0.0,0.0,0.0,101.54418809017398,-0.0,0.0,-0.0,-0.0
2008-09-03,0.0,0.0,0.0,101.54418809017398,-0.0,-0.0,-0.0,-0.0
2008-09-04,0.0,0.0,0.0,101.54418809017398,-0.0,-0.0,-0.0,-0.0
2008-09-05,0.0,0.0,0.0,101.54418809017398,0.0,0.0,0.0,-0.0
2008-09-08,0.0,0.0,0.0,101.54418809017398,0.0,0.0,-0.0,0.0
2008-09-09,0.014951150287250022,6.340637315181836e-07,0.014950516223518505,103.06232612162015,0.05980460114900009,-0.0,0.0,-0.0
2008-09-10,-2.5e-05,1.1649526131366217e-07,-2.5116495261313664e-05,103.05973755719448,-0.0001,0.0,-0.0,-0.0
2008-09-11,0.0001884360861324458,3.268539075452018e-06,0.00018516754705699378,103.07882087599829,0.0007537443445297832,-0.0,0.0,0.0
2008-09-12,-2.5e-05,4.0547085161222743e-07,-2.5405470851612228e-05,103.07620211001911,-0.0001,0.0,0.0,0.0
2008-09-15,-0.0017325750602923686,2.1269049158134101e-07,-0.00173278775078395,102.89759292960554,0.0,-0.0,-0.0020574373440467417,-0.0
2008-09-16,0.005582199253645496,4.131095873387395e-06,0.005578068157772108,103.47156271623759,-0.0,0.0,0.006795560445378657,-0.0
2008-09-17,-6.970786084953806e-05,2.487386996931054e-05,-9.45817308188486e-05,103.46177619674535,0.0,-0.0,-0.0001,-0.0
2008-09-18,-0.00022156430116397608,5.321807952513025e-09,-0.0002215696229719286,103.43885221000141,-0.0,0.0,-0.0003178590712558215,0.0
2008-09-19,-6.968533440393599e-05,3.973108325161512e-08,-6.97250654871876e-05,103.43163992925714,0.0,0.0,-0.0001,0.0
2008-09-22,-0.010388624995845955,4.862065422900352e-09,-0.010388629857911377,102.35712690643533,0.0,-0.0,-0.014908427308922844,0.0
2008-09-23,0.0060003984662561505,3.5508500259859876e-05,0.005964889965996291,102.96767590566773,0.006864446765541754,0.0,0.0013546022503989619,0.007449052940905576
2008-09-24,-0.000125,4.196145657920664e-06,-0.00012919614565792066,102.95437287881337,-0.0001,0.0,-0.0001,-0.0001
2008-09-25,0.0,2.9729874572836935e-09,-2.9729874572836935e-09,102.95437257273133,0.0,0.0,-0.0,0.0
2008-09-26,0.0,9.098263344213598e-07,-9.098263344213598e-07,102.95427890213192,-0.0,-0.0,-0.0,-0.0
2008-09-29,0.0,4.3119187076690046e-08,-4.3119187076690046e-08,102.9542744628271,-0.0,-0.0,-0.0,-0.0
2008-09-30,0.0,1.824883766049501e-09,-1.824883766049501e-09,102.95427427494752,-0.0,0.0,-0.0,-0.0
2008-10-01,-0.0014476506465067901,0.0,-0.0014476506465067901,102.80523245323276,-0.0057906025860271606,-0.0,-0.0,-0.0
2008-10-02,-0.0037143286286205612,0.0,-0.0037143286286205612,102.42338003515974,-0.014857314514482245,-0.0,-0.0,-0.0
2008-10-03,-0.000417013584442516,0.0,-0.000417013584442516,102.38066809432055,-0.001668054337770064,0.0,0.0,0.0
2008-10-06,-2.5e-05,0.0,-2.5e-05,102.37810857761819,-0.0001,-0.0,-0.0,-0.0
2008-10-07,0.001513848640301571,0.0,0.001513848640301571,102.53309353808507,0.006055394561206284,-0.0,0.0,-0.0
2008-10-08,-2.5e-05,0.0,-2.5e-05,102.5305302107466,-0.0001,0.0,-0.0,-0.0
2008-10-09,0.022690527705564286,0.0,0.022690527705564286,104.85700204715975,0.09076211082225714,-0.0,-0.0,0.0
2008-10-10,-2.5e-05,0.0,-2.5e-05,104.85438062210856,-0.0001,0.0,-0.0,-0.0
2008-10-13,0.0,0.0,0.0,104.85438062210856,0.0,0.0,0.0,0.0
2008-10-14,0.0,0.0,0.0,104.85438062210856,-0.0,-0.0,-0.0,-0.0
2008-10-15,0.0,0.0,0.0,104.85438062210856,-0.0,-0.0,-0.0,-0.0
2008-10-16,0.0,0.0,0.0,104.85438062210856,0.0,0.0,0.0,0.0
2008-10-17,0.0,0.0,0.0,104.85438062210856,-0.0,0.0,-0.0,0.0
2008-10-20,0.0,0.0,0.0,104.85438062210856,-0.0,0.0,-0.0,0.0
2008-10-21,0.0,0.0,0.0,104.85438062210856,-0.0,-0.0,-0.0,-0.0
2008-10-22,0.0,0.0,0.0,104.85438062210856,-0.0,-0.0,-0.0,-0.0
2008-10-23,0.002476614665027685,0.0,0.002476614665027685,105.11406451884969,0.00990645866011074,-0.0,0.0,0.0
2008-10-24,-2.5e-05,0.0,-2.5e-05,105.1114366672367,-0.0001,-0.0,-0.0,-0.0
2008-10-27,-0.0032969730915885257,0.0,-0.0032969730915885257,104.76488708892661,-0.013187892366354103,-0.0,-0.0,-0.0
2008-10-28,0.00690724191287162,5.929984496440099e-06,0.00690131192837518,105.4879022538683,0.02762896765148648,0.0,0.0,0.0
2008-10-29,-2.5e-05,5.881047518975114e-07,-2.558810475189751e-05,105.48520301837536,-0.0001,-0.0,0.0,0.0
2008-10-30,0.0,7.095042316932898e-06,-7.095042316932898e-06,105.48445459639615,-0.0,0.0,-0.0,-0.0
2008-10-31,0.0,1.6219247367572022e-06,-1.6219247367572022e-06,105.48428350854991,-0.0,-0.0,-0.0,-0.0
2008-11-03,0.0,3.195188511465412e-05,-3.195188511465412e-05,105.48091308684184,-0.0,0.0,-0.0,0.0
2008-11-04,0.0,1.2959354171138139e-08,-1.2959354171138139e-08,105.48091171987733,0.0,0.0,0.0,0.0
2008-11-05,0.0,0.0,0.0,105.48091171987733,-0.0,-0.0,-0.0,-0.0
2008-11-06,0.0,0.0,0.0,105.48091171987733,-0.0,-0.0,-0.0,-0.0
2008-11-07,0.0,0.0,0.0,105.48091171987733,0.0,0.0,0.0,0.0
2008-11-10,0.0,0.0,0.0,105.48091171987733,0.0,-0.0,-0.0,-0.0
2008-11-11,0.0,0.0,0.0,105.48091171987733,-0.0,-0.0,-0.0,-0.0
2008-11-12,-0.0011618781803777207,0.0,-0.0011618781803777207,105.35835575010366,-0.004647512721510883,-0.0,-0.0,-0.0
2008-11-13,0.006614974394341944,0.0,0.006614974394341944,106.05529857562057,0.026459897577367775,0.0,-0.0,0.0
2008-11-14,-2.5e-05,0.0,-2.5e-05,106.05264719315616,-0.0001,-0.0,-0.0,-0.0
2008-11-17,0.0,0.0,0.0,106.05264719315616,0.0,-0.0,0.0,0.0
2008-11-18,0.0,0.0,0.0,106.05264719315616,-0.0,0.0,-0.0,0.0
2008-11-19,0.0,0.0,0.0,106.05264719315616,-0.0,-0.0,0.0,-0.0
2008-11-20,0.0,0.0,0.0,106.05264719315616,-0.0,-0.0,-0.0,-0.0
2008-11-21,0.0,2.5e-05,-2.5e-05,106.04999587697634,0.0,0.0,0.0,0.0
2008-11-24,0.0,2.5111086872961486e-07,-2.5111086872961486e-07,106.04996924666975,0.0,0.0,0.0,0.0
2008-11-25,-0.0003853520169897009,1.1002498053823418e-09,-0.0003853531172395063,106.00910256043738,-0.009106499064476258,-0.0,0.0,-0.0
2008-11-26,0.002217068707521111,3.92544685544928e-08,0.0022170294530525565,106.24412786310555,0.010345195632869952,0.0,0.006018148154673042,0.0
2008-11-27,-3.2564916787835035e-05,2.636714837779298e-06,-3.520163162561433e-05,106.24038789645414,-0.0001,-0.0,-0.0001,0.0
2008-11-28,0.0,1.8803587404428447e-10,-1.8803587404428447e-10,106.24038787647712,-0.0,0.0,-0.0,-0.0
2008-12-01,0.0,0.0,0.0,106.24038787647712,-0.0,-0.0,-0.0,-0.0
2008-12-02,0.0,0.0,0.0,106.24038787647712,0.0,0.0,0.0,0.0
2008-12-03,0.0,0.0,0.0,106.24038787647712,-0.0,-0.0,-0.0,0.0
2008-12-04,0.0,0.0,0.0,106.24038787647712,0.0,-0.0,-0.0,-0.0
2008-12-05,0.0,0.0,0.0,106.24038787647712,-0.0,0.0,0.0,0.0
2008-12-08,0.0,1.2104528471197995e-06,-1.2104528471197995e-06,106.24025927749715,0.0,0.0,0.0,0.0
2008-12-09,0.0065234728156795055,1.8944482770427708e-10,0.006523472626234678,106.93331470069796,0.13342640016135332,-0.0,-0.0,-0.0
2008-12-10,-3.058643607550083e-06,3.6610966846237646e-06,-6.719740292173848e-06,106.93259613659458,-0.0001,0.0,0.0,-0.0
2008-12-11,0.0,0.0,0.0,106.93259613659458,0.0,-0.0,0.0,0.0
2008-12-12,0.0050068941138441715,2.699518769271256e-07,0.005006624161967245,107.46796745611395,0.0,-0.0,-0.0,0.007344810518144495
2008-12-15,-5.8764384089001376e-05,1.8809510433139768e-05,-7.757389452214114e-05,107.45963074734202,0.0,-0.0,0.0,-0.0001
2008-12-16,-0.007088702906981179,1.1542548138792492e-08,-0.007088714449529318,106.69788011012224,0.0,-0.0,-0.01886546272804158,0.0
2008-12-17,-0.009538968790117426,1.8606422789219996e-05,-0.009557575212906646,105.67810709591205,0.0,-0.0,0.005070705119188612,-0.01625191448687403
2008-12-18,0.009840823383837516,2.889110517243557e-05,0.00981193227866508,106.71501352607467,-0.0,0.0,-0.0001,0.018619866435961252
2008-12-19,-4.050116520387544e-05,2.5137415734104125e-05,-6.563858093797956e-05,106.70800890402204,-0.0,-0.0,-0.0,-0.0001
2008-12-22,0.0,1.725302168944158e-06,-1.725302168944158e-06,106.70782480046283,0.0,0.0,-0.0,-0.0
2008-12-23,0.0,2.330621788998455e-09,-2.330621788998455e-09,106.70782455176726,-0.0,0.0,-0.0,-0.0
2008-12-24,0.0,0.0,0.0,106.70782455176726,0.0,-0.0,-0.0,0.0
2008-12-25,0.0,0.0,0.0,106.70782455176726,0.0,0.0,0.0,-0.0
2008-12-26,0.0,0.0,0.0,106.70782455176726,0.0,0.0,-0.0,-0.0
2008-12-29,0.0,0.0,0.0,106.70782455176726,0.0,-0.0,-0.0,0.0
2008-12-30,0.0,1.794865072729107e-08,-1.794865072729107e-08,106.7078226365058,0.0,-0.0,-0.0,0.0
2008-12-31,0.0,7.791630938427524e-08,-7.791630938427524e-08,106.70781432222607,-0.0,0.0,0.0,0.0
2009-01-01,0.0002501307542015082,3.944407927773675e-09,0.00025012680979358043,106.73450480740254,0.0,0.0,0.0,0.000605015868982084
2009-01-02,-4.133955288336163e-05,6.578039337461206e-09,-4.1346130922699094e-05,106.7300917485928,-0.0,0.0,-0.0,-0.0001
2009-01-05,-0.0029351470542654137,3.4552468639273416e-09,-0.0029351505095122775,106.41682286541663,-0.0,0.0,0.0,-0.007100087896042784
2009-01-06,-0.004100706839775259,1.8190384719066645e-06,-0.004102525878247165,105.98024509573041,-0.010056998430334373,0.0,0.0,-0.00850019434690008
2009-01-07,-1.4398614163671844e-05,3.2154178487075013e-06,-1.7614032012379344e-05,105.97837835630062,0.00747248356708341,-0.0,-0.01130383643661893,0.013992448858516582
2009-01-08,-0.005187181898425627,1.885464622997138e-06,-0.0051890673630486245,105.42844941198312,-0.0001,-0.0,-0.009806108785195278,-0.0001
2009-01-09,0.0015871979639761572,3.7965389366678374e-06,0.0015834014250394894,105.59538496902177,-0.0,-0.0,0.0031421015934960383,-0.0
2009-01-12,-5.026540105174393e-05,4.969919857651148e-07,-5.0762393037509046e-05,105.59002469458703,-0.0,-0.0,-0.0001,-0.0
2009-01-13,0.0,2.828638745855372e-09,-2.828638745855372e-09,105.59002439591099,-0.0,-0.0,-0.0,-0.0
2009-01-14,9.469888714241939e-05,0.0,9.469888714241939e-05,105.60002365371462,0.0010366494035256469,-0.0,0.0,-0.0
2009-01-15,-9.136117286084186e-06,2.048563215230337e-09,-9.138165849299415e-06,105.59905866318478,-0.0001,0.0,0.0,0.0
2009-01-16,0.0,2.4691479522942484e-10,-2.4691479522942484e-10,105.59905863711082,0.0,0.0,0.0,0.0
2009-01-19,0.0,0.0,0.0,105.59905863711082,-0.0,-0.0,-0.0,-0.0
2009-01-20,0.0,0.0,0.0,105.59905863711082,-0.0,-0.0,-0.0,-0.0
2009-01-21,0.0008436234899339335,1.865661859223461e-08,0.0008436048333153413,105.68814251337062,0.009224644875331024,-0.0,-0.0,0.0
2009-01-22,-9.138082744794806e-06,1.4478786375761444e-08,-9.152561531170568e-06,105.68717519614314,-0.0001,0.0,0.0,-0.0
2009-01-23,0.0,1.0827958854858628e-07,-1.0827958854858628e-07,105.68716375237929,-0.0,-0.0,-0.0,-0.0
2009-01-26,0.0,2.711663693151789e-07,-2.711663693151789e-07,105.68713509357481,0.0,0.0,0.0,0.0
2009-01-27,0.0,2.4144193697533954e-10,-2.4144193697533954e-10,105.68713506805749,0.0,0.0,0.0,0.0
2009-01-28,0.0,0.0,0.0,105.68713506805749,-0.0,0.0,0.0,0.0
2009-01-29,0.0,0.0,0.0,105.68713506805749,-0.0,-0.0,0.0,-0.0
2009-01-30,0.0,0.0,0.0,105.68713506805749,-0.0,-0.0,0.0,-0.0
2009-02-02,0.012040187640434581,0.0,0.012040187640434581,106.95962800545686,-0.0,-0.0,0.02400349727742145,-0.0
2009-02-03,-4.2100930754840056e-05,1.6118416833759563e-05,-5.821934758859962e-05,106.95340088569607,0.0,0.0,-0.0001,0.0
2009-02-04,0.0,6.67492994613217e-11,-6.67492994613217e-11,106.953400878557,-0.0,0.0,0.0,-0.0
2009-02-05,0.0,0.0,0.0,106.953400878557,-0.0,0.0,0.0,0.0
2009-02-06,-0.00213689421331992,0.0,-0.00213689421331992,106.72485277512473,0.0,-0.00854757685327968,0.0,0.0
2009-02-09,0.003575492007843553,0.00010200023806027191,0.003473491769783281,107.09556067287045,0.0,0.006636212168220523,-0.005552008040245371,0.001249596351608806
2009-02-10,0.008668671657885764,1.13633866052512e-05,0.008657308271280513,108.02271995610111,-0.0,-0.0001,0.019974687286395842,0.02609097813940875
2009-02-11,-3.301047231164858e-05,9.141166296631655e-06,-4.215163860828023e-05,108.01816662144803,-0.0,-0.0,-0.0001,-0.0001
2009-02-12,0.0,1.1957999200389035e-09,-1.1957999200389035e-09,108.0181664922799,0.0,0.0,-0.0,0.0
2009-02-13,0.0,0.0,0.0,108.0181664922799,-0.0,0.0,0.0,0.0
2009-02-16,0.0,0.0,0.0,108.0181664922799,-0.0,-0.0,-0.0,-0.0
2009-02-17,0.0,0.0,0.0,108.0181664922799,-0.0,0.0,-0.0,-0.0
2009-02-18,-5.6641731843926744e-05,0.0,-5.6641731843926744e-05,108.01204815625918,-0.0011306508240658375,0.0,0.0,0.0
2009-02-19,-0.0022252652600275495,1.6859757589651749e-09,-0.0022252669460033087,107.77169251572694,0.007164997821430985,-0.004169254989561566,0.0,0.0
2009-02-20,0.004304884771417885,3.188930391604555e-06,0.00430169584102628,108.23529355720221,-0.0001,0.007137518351010064,0.0,0.0
2009-02-23,-5.6422062149208966e-05,7.928981920000939e-06,-6.43510440692099e-05,108.22832850305666,-0.0,-0.0001,0.0,-0.0
2009-02-24,0.0,3.2058070375200965e-07,-3.2058070375200965e-07,108.22829380714293,0.0,0.0,0.0,0.0
2009-02-25,-0.0009411941803758482,3.784820029370528e-10,-0.0009411945588578511,108.12642992589718,-0.0,-0.008800117155256314,0.021075013928285136,-0.0
2009-02-26,-0.005181913695984999,6.125984809969846e-06,-0.005188039680794968,107.56546571689893,-0.0,-0.00969298952722819,-0.0001,-0.0
2009-02-27,0.0035996809031097177,7.3764201484344864e-06,0.003592304482961283,107.95187362160557,-0.0,0.00726093609398637,-0.0,-0.0
2009-03-02,-4.7733171815055325e-05,3.6856350270499385e-06,-5.141880684210526e-05,107.94632286506757,-0.0,-0.0001,-0.0,-0.0
2009-03-03,0.0,1.412833475691877e-09,-1.412833475691877e-09,107.94632271255739,-0.0,0.0,-0.0,0.0
2009-03-04,0.0,0.0,0.0,107.94632271255739,0.0,0.0,0.0,0.0
2009-03-05,0.0,0.0,0.0,107.94632271255739,-0.0,-0.0,-0.0,-0.0
2009-03-06,0.0,0.0,0.0,107.94632271255739,0.0,0.0,-0.0,0.0
2009-03-09,0.0,6.107890488769334e-05,-6.107890488769334e-05,107.93972946937946,-0.0,0.0,-0.0,-0.0
2009-03-10,0.0,4.179258950356979e-09,-4.179258950356979e-09,107.93972901827138,0.0,-0.0,-0.0,0.0
2009-03-11,0.0,0.0,0.0,107.93972901827138,0.0,-0.0,0.0,0.0
2009-03-12,-0.002750410522020967,3.859636931450916e-07,-0.002750796485714112,107.642808791019,-0.0072976726175493336,0.0,0.0,0.0
2009-03-13,-0.001960089661258003,4.028287980993134e-06,-0.0019641179492389965,107.43138561816605,-0.0024049060749340434,0.0,0.0,-0.006618281018760508
2009-03-16,-0.001538469758812611,2.8189446418406818e-06,-0.0015412887034544516,107.26580283711631,-0.0035683719293853056,0.0,0.0,-0.0017808576451814329
2009-03-17,-0.0024101555938393204,2.7360020145302007e-06,-0.0024128915958538505,107.00698208292812,-0.004405193260847096,0.0,-0.0,-0.00517140963317031
2009-03-18,-0.004589474171628031,4.067417198602435e-06,-0.004593541588826633,106.51544106043535,-0.0001,-0.0,0.0,-0.023200568322493842
2009-03-19,-0.009339549671100723,6.031820698160892e-06,-0.009345581491798883,105.51999232587015,-0.013297457315293092,-0.0,-0.014929302782415787,-0.01431230169273734
2009-03-20,0.00289402227070717,6.700199675746466e-06,0.0028873220710314233,105.8246625286477,0.005853859609459389,0.0,0.004746527706677495,0.0018544343529113272
2009-03-23,-0.004385930868708181,1.2918270274231952e-06,-0.004387222695735604,105.36038616743346,-0.0001,0.0,-0.0001,-0.025279938153990766
2009-03-24,-0.00040477626102695995,3.93171926423371e-06,-0.00040870798029119367,105.31732453680027,-0.0,0.0,-0.008890611327686992,0.007339614015750118
2009-03-25,0.001706171045185701,7.782221504933157e-07,0.0017053928230352075,105.49693194620662,0.0,-0.0,0.010142002962868824,-0.0
2009-03-26,-3.164899397487176e-05,6.385713473000043e-07,-3.228756532217177e-05,105.49352570712512,-0.0,0.0,-0.0001,-0.0001
2009-03-27,0.0,8.563611783057868e-10,-8.563611783057868e-10,105.49352561678455,-0.0,-0.0,-0.0,-0.0
2009-03-30,0.0,0.0,0.0,105.49352561678455,-0.0,-0.0,-0.0,-0.0
2009-03-31,0.0,0.0,0.0,105.49352561678455,0.0,0.0,0.0,0.0
2009-04-01,0.0,6.014956987929199e-09,-6.014956987929199e-09,105.49352498224553,-0.0,-0.0,0.0,0.0
2009-04-02,0.0,6.341195997044968e-10,-6.341195997044968e-10,105.49352491535002,0.0,0.0,0.0,0.0
2009-04-03,-0.0007148394073491012,2.1859799536479432e-07,-0.0007150580053444659,105.41809092584731,0.0,0.0,-0.006759980877867344,0.0026169857877226146
2009-04-06,0.0009668194415200638,3.95839460228605e-06,0.0009628610469177778,105.51959389924023,-0.0,0.0,0.0062059652329322645,-0.0001
2009-04-07,-1.5732675856554188e-05,2.4207986392533382e-06,-1.8153474495807528e-05,105.51767835198358,-0.0,-0.0,-0.0001,0.0
2009-04-08,0.0,7.484322823200163e-07,-7.484322823200163e-07,105.51759937914673,-0.0,-0.0,-0.0,-0.0
2009-04-09,0.0,3.3676737879684284e-08,-3.3676737879684284e-08,105.5175958256582,-0.0,0.0,-0.0,0.0
2009-04-10,0.0,1.1724660448936275e-09,-1.1724660448936275e-09,105.51759570194241,0.0,-0.0,-0.0,-0.0
2009-04-13,0.0,0.0,0.0,105.51759570194241,0.0,-0.0,0.0,0.0
2009-04-14,0.0015171497841587344,7.121450301074695e-08,0.0015170785696557237,105.67767418510341,-0.0,-0.0,0.0,0.010023707733299959
2009-04-15,-1.4820053675706727e-05,6.311221082919844e-07,-1.545117578399871e-05,105.67604134078312,-0.0,0.0,0.0,-0.0001
2009-04-16,0.0008598267870870993,4.266414600440083e-10,0.0008598263604456393,105.76690438679546,-0.0,0.0,0.0053155443224441766,-0.0
2009-04-17,-1.6107531477121526e-05,1.363477359696358e-07,-1.624387921309116e-05,105.76518632197588,-0.0,-0.0,-0.0001,0.0
2009-04-20,-0.0030500103336799952,1.2771187221205517e-09,-0.003050011610798717,105.44260127567556,-0.008995082656334096,-0.0,-0.0,-0.0
2009-04-21,0.000159752671461453,8.030592985170143e-07,0.00015894961216293598,105.45936133625378,0.00046562824499085664,0.0,0.0,0.0
2009-04-22,0.0018775049816810298,3.7963456871362156e-08,0.0018774670182241584,105.65735780892558,0.005475359362218546,-0.0,-0.0,-0.0
2009-04-23,-3.3417123237875846e-05,1.7459089981088972e-06,-3.5163032235984744e-05,105.65364257584697,-0.0001,-0.0,0.0,0.0
2009-04-24,0.0,2.982678982976772e-09,-2.982678982976772e-09,105.65364226071607,0.0,-0.0,-0.0,0.0
2009-04-27,0.0,0.0,0.0,105.65364226071607,-0.0,-0.0,-0.0,-0.0
2009-04-28,0.0,0.0,0.0,105.65364226071607,0.0,0.0,0.0,-0.0
2009-04-29,0.0,0.0,0.0,105.65364226071607,0.0,0.0,0.0,0.0
2009-04-30,0.0,0.0,0.0,105.65364226071607,-0.0,0.0,0.0,0.0
2009-05-01,0.0,4.713772056652075e-06,-4.713772056652075e-06,105.65314423352949,0.0,0.0,0.0,0.0
2009-05-04,-0.0015664842757826248,1.1614981300672733e-09,-0.0015664854372807548,105.48764012168475,0.0,-0.0,-0.008429431885192528,0.0
2009-05-05,0.002033737749564688,8.155100245641784e-07,0.002032922239540124,105.70208829128471,0.0075566213303879136,0.0,-0.002381235172285834,-0.0
2009-05-06,-0.00100430997124291,2.715404465849336e-06,-0.0010070253757087594,105.59564360610997,-0.0001,-0.0,-0.005257073521275135,0.0
2009-05-07,0.0013588511521320562,4.589444908165186e-06,0.001354261707223891,105.7386477426954,0.0,0.0,0.007667329957367519,0.0
2009-05-08,-1.7148089225945896e-05,3.4874543465992367e-06,-2.063554357254513e-05,105.73646576822262,0.0,-0.0,-0.0001,0.0
2009-05-11,0.000977096706214715,7.278848757000597e-06,0.0009698178574577144,105.83901088090913,0.003501355691385533,-0.0,-0.0,-0.0
2009-05-12,-2.7644544554486622e-05,5.233899612730936e-07,-2.8167934515759715e-05,105.8360296145814,-0.0001,-0.0,0.0,0.0
2009-05-13,0.0,1.0099634009191893e-09,-1.0099634009191893e-09,105.83602950769088,-0.0,-0.0,-0.0,-0.0
2009-05-14,0.0,0.0,0.0,105.83602950769088,0.0,0.0,0.0,0.0
2009-05-15,0.0,0.0,0.0,105.83602950769088,-0.0,-0.0,-0.0,-0.0
2009-05-18,0.0,0.0,0.0,105.83602950769088,0.0,0.0,0.0,0.0
2009-05-19,-0.001741108653647051,3.301920424412242e-08,-0.0017411416728512952,105.65175398622593,0.0,-0.0,-0.009235601217375777,0.0
2009-05-20,-0.003109234037900243,2.670030935398263e-06,-0.003111904068835641,105.32297586311657,0.0,-0.0,-0.01743960988168336,0.0
2009-05-21,-0.0027456071009465985,6.511152998646489e-06,-0.002752118253945245,105.03311457868385,-0.009764691582763618,-0.0,-0.0001,0.0
2009-05-22,-0.0018327666582038514,3.3519194716950473e-06,-0.0018361185776755466,104.8402613257348,-0.006973524131129727,0.0,0.0,0.0
2009-05-25,-7.169433527693951e-05,1.3680976211814133e-06,-7.306243289812091e-05,104.83260144117668,-0.00028008075860519455,0.0,-0.0,-0.0
2009-05-26,0.00020930384795093913,9.526814934752696e-06,0.00019977703301618643,104.85354458725598,0.0009235821711534031,0.0,0.0,0.0
2009-05-27,-1.7225932032776236e-05,2.576593481386222e-05,-4.299186684663845e-05,104.8490367376287,-0.0001,0.0,0.0,-0.0
2009-05-28,0.0,8.004730599604475e-05,-8.004730599604475e-05,104.84064385470155,0.0,0.0,-0.0,0.0
2009-05-29,0.0,0.00017310686767377524,-0.00017310686767377524,104.82249521923896,0.0,-0.0,0.0,0.0
2009-06-01,-0.0002444955738199715,0.0,-0.0002444955738199715,104.79686658312109,-0.0005814822985785839,0.0,0.0,0.0
2009-06-02,-4.205277593369308e-05,1.1651015156038946e-08,-4.206442694884912e-05,104.79245836298223,-0.0001,-0.0,0.0,0.0
2009-06-03,0.004629158910215377,3.973538899565421e-09,0.004629154936676478,105.27755888893968,0.011007454596502642,0.0,-0.0,-0.0
2009-06-04,-3.969679081123463e-05,4.715943783816473e-06,-4.4412734595051103e-05,105.27288322465793,-0.0001,0.0,-0.0,-0.0
2009-06-05,0.0,2.092197639613769e-09,-2.092197639613769e-09,105.27288300440625,-0.0,0.0,-0.0,-0.0
2009-06-08,0.0,0.0,0.0,105.27288300440625,-0.0,-0.0,0.0,-0.0
2009-06-09,0.0,0.0,0.0,105.27288300440625,0.0,-0.0,0.0,0.0
2009-06-10,0.0,1.632130133913018e-06,-1.632130133913018e-06,105.27271118536162,-0.0,0.0,0.0,0.0
2009-06-11,0.0,3.4386363675996126e-07,-3.4386363675996126e-07,105.27267498590429,0.0,-0.0,0.0,0.0
2009-06-12,0.0,3.985388012504421e-07,-3.985388012504421e-07,105.2726330306586,-0.0,0.0,-0.0,-0.0
2009-06-15,0.0,5.216144215348328e-07,-5.216144215348328e-07,105.272578118935,-0.0,-0.0,-0.0,-0.0
2009-06-16,0.0012194907529549232,8.548561053488186e-06,0.001210942191901435,105.40005712542948,0.0031638525861461433,-0.0,0.0,-0.0
2009-06-17,-3.9448043095398925e-05,1.8071119260156588e-06,-4.1255155021414587e-05,105.39570882973351,-0.0001,-0.0,-0.0,0.0
2009-06-18,0.0,1.2336421479072657e-06,-1.2336421479072657e-06,105.39557880914488,-0.0,0.0,-0.0,0.0
2009-06-19,0.0,3.874889771511739e-05,-3.874889771511739e-05,105.39149484664196,0.0,0.0,0.0,0.0
2009-06-22,0.0,8.773380417812466e-06,-8.773380417812466e-06,105.39057020696487,-0.0,-0.0,-0.0,-0.0
2009-06-23,0.0,2.591383199686312e-06,-2.591383199686312e-06,105.39029709961183,0.0,-0.0,0.0,0.0
2009-06-24,0.0,1.324049614120082e-08,-1.324049614120082e-08,105.390295704192,-0.0,0.0,-0.0,0.0
2009-06-25,0.0,0.0,0.0,105.390295704192,0.0,0.0,-0.0,0.0
2009-06-26,0.0,0.0,0.0,105.390295704192,0.0,-0.0,0.0,0.0
2009-06-29,0.0,0.0,0.0,105.390295704192,0.0,0.0,0.0,0.0
2009-06-30,0.0,0.0,0.0,105.390295704192,-0.0,0.0,-0.0,-0.0
2009-07-01,0.0,0.0,0.0,105.390295704192,0.0,0.0,0.0,0.0
2009-07-02,0.0032062570364091887,1.123314297007952e-06,0.0032051337221121806,105.72808569493688,0.012866540925760662,-0.0,-0.0,-0.0
2009-07-03,-2.2013227665049726e-05,5.812223999630922e-06,-2.7825451664680648e-05,105.72514376319877,-0.0001,0.0,-0.0,0.0
2009-07-06,-0.0003072631933114399,3.20241412948008e-09,-0.0003072663957255694,105.69265797933708,0.0,-0.0,-0.00133686199931361,0.0
2009-07-07,-2.2976369698827607e-05,1.5085773409440064e-08,-2.299145547223705e-05,105.69022795129742,-0.0,-0.0,-0.0001,-0.0
2009-07-08,-0.0008384572743547043,2.8040510179405676e-09,-0.0008384600784057223,105.60161091448266,-0.0,-0.0,-0.003648992967697839,-0.0
2009-07-09,0.011950794965849816,2.9207940965054193e-07,0.011950502886440166,106.86360327052891,0.010631367689582606,0.0,0.017683159844137375,0.010104044059831663
2009-07-10,-0.00010000000000000002,9.564541871781919e-06,-0.00010956454187178194,106.8518948087938,-0.0001,-0.0,-0.0001,-0.0001
2009-07-13,0.0,1.654056472478481e-05,-1.654056472478481e-05,106.85012741811175,0.0,0.0,0.0,0.0
2009-07-14,0.0,1.003857641503625e-08,-1.003857641503625e-08,106.85012634548858,-0.0,0.0,0.0,0.0
2009-07-15,0.0,5.638811230282981e-07,-5.638811230282981e-07,106.85006609471934,0.0,0.0,0.0,0.0
2009-07-16,-0.0006252782632808283,1.1385325300899974e-09,-0.0006252794018133584,106.78325494930792,-0.002871606113916247,-0.0,-0.0,0.0
2009-07-17,0.0005813617832736855,1.995420098250389e-06,0.000579366363175435,106.84512157537594,0.0025529425351891177,0.0,-0.0,-0.0
2009-07-20,-2.2718335419455047e-05,1.0777642226721673e-07,-2.2826111841722262e-05,106.84268271668111,-0.0001,-0.0,0.0,0.0
2009-07-21,0.0001929687802760588,6.667805524278814e-07,0.00019230199972363092,106.86322877822336,0.0008371120792588394,-0.0,-0.0,0.0
2009-07-22,-2.3055100255317288e-05,6.749119296586837e-09,-2.3061849374613874e-05,106.86076431453759,-0.0001,0.0,0.0,0.0
2009-07-23,0.0,3.137656825150104e-09,-3.137656825150104e-09,106.8607639792452,-0.0,0.0,0.0,-0.0
2009-07-24,0.0,0.0,0.0,106.8607639792452,0.0,-0.0,-0.0,0.0
2009-07-27,0.0,0.0,0.0,106.8607639792452,0.0,0.0,0.0,0.0
2009-07-28,0.0,0.0,0.0,106.8607639792452,-0.0,-0.0,-0.0,0.0
2009-07-29,0.0,0.0,0.0,106.8607639792452,-0.0,0.0,-0.0,-0.0
2009-07-30,0.0011328855656575574,0.0,0.0011328855656575574,106.98182499629243,0.004914151956499901,0.0,0.0,0.0
2009-07-31,-2.261298614947723e-05,1.3882260068350944e-06,-2.4001212156312323e-05,106.97925730281383,-0.0001,-0.0,0.0,0.0
2009-08-03,0.0,1.3797725169837156e-06,-1.3797725169837156e-06,106.97910969577471,0.0,0.0,0.0,0.0
2009-08-04,-0.00014714501685905555,5.322721708330758e-07,-0.00014767728902988862,106.963311310872,-0.0006335165873201487,0.0,0.0,0.0
2009-08-05,0.00012605401421430447,1.3592607239482385e-06,0.00012469475349035622,106.97664907460842,0.000547699636724075,-0.0,0.0,-0.0
2009-08-06,-2.3018223754216038e-05,6.103224012146691e-09,-2.3024326978228183e-05,106.9741860092611,-0.0001,0.0,-0.0,-0.0
2009-08-07,0.0,2.756811200974291e-07,-2.756811200974291e-07,106.9741565184977,-0.0,0.0,-0.0,-0.0
2009-08-10,0.0,2.74503160050954e-09,-2.74503160050954e-09,106.97415622485025,-0.0,-0.0,-0.0,-0.0
2009-08-11,0.0,0.0,0.0,106.97415622485025,0.0,-0.0,0.0,-0.0
2009-08-12,0.0,0.0,0.0,106.97415622485025,0.0,0.0,0.0,0.0
2009-08-13,0.0,0.0,0.0,106.97415622485025,0.0,-0.0,0.0,0.0
2009-08-14,0.0,0.0,0.0,106.97415622485025,-0.0,-0.0,-0.0,-0.0
2009-08-17,0.0,2.0697013641283235e-06,-2.0697013641283235e-06,106.97393482029318,-0.0,-0.0,-0.0,-0.0
2009-08-18,0.0,1.2419643958417937e-05,-1.2419643958417937e-05,106.97260624210989,0.0,0.0,0.0,0.0
2009-08-19,0.0,3.367285606286108e-06,-3.367285606286108e-06,106.97224603479263,0.0,-0.0,-0.0,0.0
2009-08-20,0.0,2.262530487180939e-06,-2.262530487180939e-06,106.97200400682469,0.0,0.0,-0.0,0.0
2009-08-21,0.0,1.9483151608654104e-08,-1.9483151608654104e-08,106.97200192267292,0.0,0.0,-0.0,0.0
2009-08-24,0.0004397837569601262,1.6118110142313014e-08,0.0004397676388499839,107.01904474738149,0.0018438546324372918,0.0,-0.0,0.0
2009-08-25,-2.3834760271309567e-05,3.3129028925429904e-08,-2.3867889300234998e-05,107.01649042866845,-0.0001,-0.0,-0.0,-0.0
2009-08-26,-0.0014757209222727452,6.315733860173812e-09,-0.0014757272380066053,106.85856327882699,-0.0,0.0,-0.0054231052401929715,-0.0
2009-08-27,0.0010333648467632187,1.789084897863319e-06,0.0010315757618653554,106.96879598265319,0.0,-0.0,0.003926577352016514,0.0
2009-08-28,0.00016940128313880457,7.757373391778428e-07,0.00016862554579962673,106.98683365425927,0.0008047079899036081,-0.0,-0.0001,0.0
2009-08-31,-2.4287668589457387e-05,2.838411150832554e-08,-2.431605270096571e-05,106.98423215677384,-0.0001,-0.0,0.0,-0.0
2009-09-01,0.0,5.591512996569725e-06,-5.591512996569725e-06,106.9836339530493,-0.0,-0.0,-0.0,-0.0
2009-09-02,0.0034065108514201,7.3356699460375155e-09,0.003406503515750154,107.3480740782381,0.004267842952589296,-0.0,0.009014551478997202,0.0
2009-09-03,-5.067054609204315e-05,3.178696447422824e-06,-5.3849242539465974e-05,107.34229346576092,-0.0001,0.0,-0.0001,0.0
2009-09-04,0.0,7.235331920002475e-09,-7.235331920002475e-09,107.3422926891038,0.0,0.0,0.0,0.0
2009-09-07,0.0,0.0,0.0,107.3422926891038,0.0,-0.0,-0.0,0.0
2009-09-08,0.0,0.0,0.0,107.3422926891038,0.0,-0.0,0.0,0.0
2009-09-09,-0.0008531086000935621,0.0,-0.0008531086000935621,107.25071805605697,-0.003125908354000739,-0.0,0.0,-0.0
2009-09-10,-0.0006157563504937554,7.887469532562475e-07,-0.0006165450974470116,107.18459315164183,-0.002289298011159069,-0.0,0.0,0.0
2009-09-11,2.333827333139279e-05,4.3615671061189855e-07,2.2902116620780892e-05,107.18704790569413,8.74777698139928e-05,-0.0,0.0,0.0
2009-09-14,-2.6876796147717327e-05,3.9541139754981915e-07,-2.7272207545267145e-05,107.1841246782775,-0.0001,0.0,-0.0,-0.0
2009-09-15,0.0,0.0,0.0,107.1841246782775,0.0,0.0,-0.0,0.0
2009-09-16,0.0,0.0,0.0,107.1841246782775,0.0,0.0,-0.0,0.0
2009-09-17,0.0,0.0,0.0,107.1841246782775,0.0,0.0,-0.0,-0.0
2009-09-18,0.0,0.0,0.0,107.1841246782775,-0.0,0.0,-0.0,-0.0
2009-09-21,-0.0007594571368625489,0.0,-0.0007594571368625489,107.10272292983221,-0.0,0.0,-0.003230533097645105,-0.0
2009-09-22,0.0023519293195075723,4.857388937728107e-07,0.0023514435806137996,107.35456894013183,0.0,-0.0,0.010108931219345196,0.0
2009-09-23,0.0015485617208769052,3.2748616512689343e-06,0.0015452868592256363,107.52046254479284,0.005702011303825627,0.0,-0.0001,-0.0
2009-09-24,-2.6796234691940814e-05,1.4824879173475943e-06,-2.8278722609288408e-05,107.51742200345771,-0.0001,-0.0,-0.0,-0.0
2009-09-25,0.0005262413270412366,6.448023860305963e-09,0.0005262348790173763,107.57400142101797,0.0,-0.0,0.002408501423224452,0.0
2009-09-28,-0.0012222185681971822,1.125345188398047e-07,-0.001222331102716022,107.44251037323744,-0.0,0.0,-0.00560829291666598,0.0
2009-09-29,0.0005423019073139928,1.057639006991698e-06,0.0005412442683070012,107.50066301614947,-0.0021428061484094593,0.0,0.00527045632392853,0.0
2009-09-30,0.0013877460886329708,1.0889786255900592e-05,0.0013768563023770703,107.64867598153296,0.004337921273158463,-0.0,-0.0001,0.0
2009-10-01,-3.169425891400265e-05,1.4884695879080228e-06,-3.3182728501910674e-05,107.64510390474426,-0.0001,-0.0,-0.0,-0.0
2009-10-02,0.0015858112478750453,7.973858432813453e-08,0.0015857315092907172,107.81580013782688,0.005006507736218457,0.0,-0.0,-0.0
2009-10-05,-3.077231730269036e-05,1.805362295766555e-06,-3.257767959845691e-05,107.81228774923434,-0.0001,0.0,0.0,0.0
2009-10-06,0.0,4.5123893534732566e-07,-4.5123893534732566e-07,107.8122391001324,0.0,-0.0,-0.0,0.0
2009-10-07,0.0,9.895071819890727e-05,-9.895071819890727e-05,107.8015710016428,-0.0,-0.0,0.0,0.0
2009-10-08,0.0,0.00017228826847696143,-0.00017228826847696143,107.78299805563584,0.0,0.0,0.0,0.0
2009-10-09,0.0018061890846239974,0.0,0.0018061890846239974,107.97767453023197,0.0030972354929592496,0.0,-0.0,-0.0
2009-10-12,-0.0007952694071936922,1.1795730805338523e-06,-0.0007964489802742261,107.89167582146,-0.0001,-0.0,-0.0017446886918283222,0.0
2009-10-13,0.003133969369585246,3.0219217406999846e-07,0.003133667177411176,108.2297724246976,0.0,0.0,0.007440127660918616,-0.0
2009-10-14,-3.944086516884595e-05,5.36331255444315e-06,-4.48041777232891e-05,108.22492327873894,0.0,-0.0,-0.0001,0.0
2009-10-15,-0.0010360532647822034,7.501494085645544e-07,-0.001036803414190768,108.11271530878301,-0.0017002817837157402,0.0,0.0,0.0
2009-10-16,0.0019428567434332524,6.38912392576918e-07,0.0019422178310406755,108.32269375221794,0.0032052538967909383,0.0,0.0,-0.0
2009-10-19,-5.999602553616651e-05,1.2374556059627173e-06,-6.123348114212923e-05,108.31606077659279,-0.0001,-0.0,0.0,0.0
2009-10-20,0.0,0.0,0.0,108.31606077659279,-0.0,0.0,-0.0,-0.0
2009-10-21,0.0,0.0,0.0,108.31606077659279,0.0,0.0,0.0,0.0
2009-10-22,0.0,0.0,0.0,108.31606077659279,0.0,0.0,0.0,0.0
2009-10-23,0.0,0.0,0.0,108.31606077659279,-0.0,0.0,-0.0,-0.0
2009-10-26,-0.0004323706993797388,0.0,-0.0004323706993797388,108.26922808564076,-0.0,-0.0017294827975189552,-0.0,-0.0
2009-10-27,-8.145260810454693e-05,0.00013790521620909386,-0.00021935782431364078,108.2454783833278,-0.0,-0.0001,0.0,0.0
2009-10-28,-0.0008043582166388048,1.4647940069264495e-06,-0.0008058230106457313,108.15825168604816,-0.006782055438034129,-0.0,-0.0,-0.0
2009-10-29,0.005247136952501893,3.0230068366419175e-06,0.005244113945665251,108.72544588205373,0.008295646771860898,0.0,0.0,0.017554617402280915
2009-10-30,-1.5949225167356466e-05,2.4999999999999994e-05,-4.094922516735646e-05,108.7209936592889,-0.0001,-0.0,-0.0,-0.0001
2009-11-02,0.00035672352125568546,2.2381174781396784e-08,0.0003567011400809041,108.75977456167789,0.0,0.0,-0.0,0.004698170094398646
2009-11-03,-7.381205948290872e-06,4.23224812527033e-07,-7.804430760817905e-06,108.75892575354776,-0.0,0.0,0.0,-0.0001
2009-11-04,0.0,2.3700956689215458e-09,-2.3700956689215458e-09,108.7589254957787,0.0,0.0,0.0,0.0
2009-11-05,0.0,0.0,0.0,108.7589254957787,0.0,0.0,0.0,0.0
2009-11-06,0.0,0.0,0.0,108.7589254957787,-0.0,-0.0,0.0,0.0
2009-11-09,0.0,0.0,0.0,108.7589254957787,0.0,-0.0,0.0,0.0
2009-11-10,9.342324745565059e-05,0.0,9.342324745565059e-05,108.7690861077883,0.0011140928176935794,-0.0,-0.0,-0.0
2009-11-11,-8.3774834560904e-06,1.6211569888141542e-08,-8.393695025978541e-06,108.76817313325124,-0.0001,0.0,-0.0,-0.0
2009-11-12,0.0,2.318033077643167e-09,-2.318033077643167e-09,108.76817288112302,-0.0,0.0,0.0,-0.0
2009-11-13,0.0,0.0,0.0,108.76817288112302,0.0,-0.0,0.0,0.0
2009-11-16,0.0,0.0,0.0,108.76817288112302,0.0,-0.0,0.0,0.0
2009-11-17,0.0,0.0,0.0,108.76817288112302,-0.0,0.0,-0.0,-0.0
2009-11-18,0.0,0.0,0.0,108.76817288112302,0.0,0.0,-0.0,-0.0
2009-11-19,0.0,0.0,0.0,108.76817288112302,-0.0,-0.0,-0.0,-0.0
2009-11-20,0.0,6.928819327193526e-08,-6.928819327193526e-08,108.76816534477283,-0.0,-0.0,-0.0,-0.0
2009-11-23,0.0003680496994834809,2.166048229300388e-09,0.0003680475334352516,108.80819719974426,0.0,0.0,0.005231548670251651,0.0
2009-11-24,-7.140541141539542e-06,2.1069040939412643e-07,-7.351231550933669e-06,108.807397325492,0.0,-0.0,-0.0001,-0.0
2009-11-25,0.0,2.2808444384839618e-07,-2.2808444384839618e-07,108.8073725082173,0.0,-0.0,0.0,0.0
2009-11-26,0.0008513631822333023,6.85405841473058e-09,0.0008513563281748876,108.90000635335426,0.010141518499933156,-0.0,-0.0,-0.0
2009-11-27,0.0005632761362107384,2.337742775775341e-06,0.000560938393434963,108.96109254796318,-0.0001,0.0,0.004274605803157738,0.0034396838504568874
2009-11-30,0.0008041756594735799,4.3711024404718695e-07,0.0008037385492295326,109.04866877841013,0.0,-0.0,-0.0001,0.011011159184763919
2009-12-01,-6.377573359680458e-06,2.112394102116118e-06,-8.489967461796576e-06,109.04774295876045,0.0,0.0,0.0,-0.0001
2009-12-02,0.0,4.054469148155604e-09,-4.054469148155604e-09,109.04774251662974,-0.0,0.0,0.0,0.0
2009-12-03,0.0,0.0,0.0,109.04774251662974,-0.0,0.0,-0.0,-0.0
2009-12-04,0.0,0.0,0.0,109.04774251662974,-0.0,0.0,-0.0,-0.0
2009-12-07,-8.645023991426784e-05,0.0,-8.645023991426784e-05,109.03831531312707,-0.001168521370066522,-0.0,-0.0,-0.0
2009-12-08,-0.0007290356254639111,2.1228686992082053e-07,-0.0007292479123338319,108.95879934932056,-0.009714772243507919,-0.0,-0.0,-0.0
2009-12-09,0.0008530901407497934,1.7046992683894398e-06,0.0008513854414814039,109.05156528480786,0.0027855207428102435,-0.0,0.001951544655980786,0.007904275006010753
2009-12-10,-2.092240455890487e-05,6.856022993666937e-07,-2.1608006858271564e-05,109.04920889783729,-0.0001,0.0,-0.0001,-0.0001
2009-12-11,0.0,3.914315091555626e-09,-3.914315091555626e-09,109.04920847098431,-0.0,0.0,-0.0,-0.0
2009-12-14,0.0,0.0,0.0,109.04920847098431,0.0,-0.0,0.0,0.0
2009-12-15,0.0,0.0,0.0,109.04920847098431,-0.0,0.0,-0.0,-0.0
2009-12-16,0.0,0.0,0.0,109.04920847098431,-0.0,0.0,0.0,-0.0
2009-12-17,-0.0009413366514825639,0.0,-0.0009413366514825639,108.9465564542354,-0.0,-0.0,-0.0,-0.015421926458066403
2009-12-18,0.00029709472720441954,2.200980754676581e-06,0.00029489374644974296,108.97868411243098,4.341345459167875e-05,0.0,-0.0,0.005879764281799815
2009-12-21,-0.0008402084617951536,3.82841064702555e-06,-0.0008440368724421792,108.88670208472988,-0.004343076545135216,0.0,-0.0,-0.011535767791565177
2009-12-22,-0.0009361847346424861,7.523883179090231e-07,-0.0009369371229603951,108.78468209134996,-0.0022664119616353506,0.0,-0.005561159687338402,-0.004645496284354289
2009-12-23,0.00015107640752738447,1.658435705678929e-06,0.00014941797182170554,108.80093647791334,-0.0001,-0.0,-0.0001,0.0037832074496946255
2009-12-24,-4.392112749743837e-06,2.179836024641939e-07,-4.610096352208031e-06,108.80043489511296,0.0,-0.0,0.0,-0.0001
2009-12-25,0.0,1.724239885860191e-06,-1.724239885860191e-06,108.8002472970635,0.0,-0.0,0.0,0.0
2009-12-28,0.0,1.6603115214449904e-06,-1.6603115214449904e-06,108.80006665475936,-0.0,0.0,-0.0,0.0
2009-12-29,0.0,2.7093141405244436e-07,-2.7093141405244436e-07,108.80003717740345,-0.0,0.0,-0.0,0.0
2009-12-30,0.0,5.060320140484742e-10,-5.060320140484742e-10,108.80003712234716,-0.0,0.0,0.0,0.0
2009-12-31,0.0,4.059454096536873e-07,-4.059454096536873e-07,108.79999295547151,-0.0,0.0,0.0,0.0
2010-01-01,0.0,2.8285238341113627e-10,-2.8285238341113627e-10,108.79999292469718,0.0,0.0,-0.0,0.0
2010-01-04,0.0,0.0,0.0,108.79999292469718,0.0,-0.0,-0.0,0.0
2010-01-05,0.0,0.0,0.0,108.79999292469718,-0.0,-0.0,-0.0,-0.0
2010-01-06,0.0,0.0,0.0,108.79999292469718,0.0,0.0,0.0,0.0
2010-01-07,0.0,1.6970728410035246e-07,-1.6970728410035246e-07,108.79997446054585,-0.0,0.0,-0.0,-0.0
2010-01-08,0.0,2.7774643488788846e-07,-2.7774643488788846e-07,108.79994424174085,0.0,-0.0,0.0,0.0
2010-01-11,0.0,5.717948455596338e-06,-5.717948455596338e-06,108.79932212926771,0.0,-0.0,0.0,0.0
2010-01-12,0.00015486336824113698,4.195748355269313e-09,0.0001548591724927817,108.81617070226042,0.002288578984448109,-0.0,0.0,-0.0
2010-01-13,-6.747409207318236e-06,3.876458979564443e-08,-6.78617379711388e-06,108.81543225681409,-0.0001,0.0,0.0,0.0
2010-01-14,0.00010617994456606917,1.7963050991515602e-07,0.00010600031405615402,108.82696672680746,0.0015529685349941924,-0.0,0.0,0.0
2010-01-15,-6.815826886439695e-06,4.2795151672229275e-08,-6.858622038111925e-06,108.82622032377512,-0.0001,-0.0,-0.0,-0.0
2010-01-18,0.0,2.532116752197722e-10,-2.532116752197722e-10,108.82622029621905,0.0,-0.0,0.0,0.0
2010-01-19,0.0,0.0,0.0,108.82622029621905,-0.0,0.0,0.0,-0.0
2010-01-20,-0.0008213915691673456,0.0,-0.0008213915691673456,108.73683135636338,-0.012051462584190775,-0.0,-0.0,-0.0
2010-01-21,-5.489104892923358e-05,2.0073894092359623e-06,-5.689843833846954e-05,108.73064440046933,-0.0009444424684664776,-0.0,-0.0,-0.0
2010-01-22,1.7051255935098045e-06,4.531392346138074e-05,-4.3608797867870934e-05,108.72590278777562,0.0031251284308044802,-0.0,-0.0,-0.003795012181626711
2010-01-25,0.0006844362428070134,0.00017132027425191562,0.0005131159685550977,108.78169178469162,-0.0001,0.0,0.0,0.004162880856674045
2010-01-26,-1.671636865464114e-05,1.7433056141377218e-06,-1.8459674268778863e-05,108.77968371009486,-0.0,-0.0,-0.0,-0.0001
2010-01-27,-0.0008363777104866191,6.03654299257202e-06,-0.0008424142534791911,108.68804615404851,-0.0,0.0,0.0,-0.004402174434557049
2010-01-28,-0.0005706678985272148,4.317144567983933e-07,-0.0005710996129840132,108.62597445295394,-0.0,-0.0,-0.0,-0.0030381602126432483
2010-01-29,-0.001958811005693331,2.969790568260078e-07,-0.001959107984750157,108.41316443905188,-0.0,0.0,-0.0,-0.010346655723725617
2010-02-01,0.002627655131481161,2.0724012921974843e-06,0.0026255827301889635,108.6978121713282,0.004231340685081564,0.0,-0.0,0.008652257695332954
2010-02-02,-4.259186434462766e-05,1.6211144978714288e-06,-4.421297884249909e-05,108.69300631725842,-0.0001,-0.0,0.0,-0.0001
2010-02-03,0.0,5.16469661995811e-10,-5.16469661995811e-10,108.6930062611218,-0.0,0.0,-0.0,-0.0
2010-02-04,0.0,0.0,0.0,108.6930062611218,-0.0,-0.0,-0.0,-0.0
2010-02-05,-0.0013104509588206775,0.0,-0.0013104509588206775,108.55056940684982,-0.004819560926542022,-0.0,-0.0,-0.0005342624349892299
2010-02-08,-0.0014840885559273798,9.00899505994876e-07,-0.0014849894554333748,108.38937295589935,-0.0018570575463016104,0.0,-0.0,-0.005871711963106208
2010-02-09,0.005106729981569559,4.880523326572489e-07,0.005106241929236902,108.94283531677044,0.009330500062421532,0.0,0.0,0.01623369227504723
2010-02-10,-3.94175154003953e-05,5.204643515539465e-06,-4.462215891593477e-05,108.93797405226017,-0.0001,0.0,-0.0,-0.0001
2010-02-11,0.0,1.79108502559866e-10,-1.79108502559866e-10,108.93797403274846,-0.0,-0.0,0.0,0.0
2010-02-12,0.0,0.0,0.0,108.93797403274846,-0.0,0.0,-0.0,-0.0
2010-02-15,0.0,0.0,0.0,108.93797403274846,-0.0,0.0,-0.0,0.0
2010-02-16,0.0,0.0,0.0,108.93797403274846,0.0,0.0,0.0,0.0
2010-02-17,0.0,0.0,0.0,108.93797403274846,-0.0,0.0,-0.0,-0.0
2010-02-18,0.0,0.0,0.0,108.93797403274846,-0.0,0.0,-0.0,-0.0
2010-02-19,0.0035116947311705175,9.5519167604227e-06,0.0035021428144100947,109.31949037572363,0.011309442866133768,0.004651149444213065,0.0,0.0
2010-02-22,-6.0585543722569156e-05,7.763569849262631e-05,-0.00013822124221519547,109.30438009996557,-0.0001,-0.0001,0.0,0.0
2010-02-23,0.0,2.8628573643400824e-08,-2.8628573643400824e-08,109.30437697073707,-0.0,-0.0,-0.0,-0.0
2010-02-24,0.0,1.4843723062936437e-06,-1.4843723062936437e-06,109.30421472234696,0.0,0.0,-0.0,0.0
2010-02-25,0.0,9.690828834377066e-06,-9.690828834377066e-06,109.3031554739112,-0.0,-0.0,-0.0,-0.0
2010-02-26,0.0,6.896332353627771e-07,-6.896332353627771e-07,109.30308009482246,0.0,-0.0,-0.0,0.0
2010-03-01,0.0,1.985019259090337e-10,-1.985019259090337e-10,109.30308007312559,-0.0,0.0,-0.0,0.0
2010-03-02,0.0,0.0,0.0,109.30308007312559,0.0,-0.0,0.0,0.0
2010-03-03,0.0,0.0,0.0,109.30308007312559,0.0,-0.0,0.0,0.0
2010-03-04,0.0007854965590158448,0.0,0.0007854965590158448,109.38893726641288,0.008485090887988534,0.0,-0.0,-0.0
2010-03-05,-8.765675009418083e-06,9.833970683822163e-07,-9.7490720778003e-06,109.38787082577895,-0.0001,0.0,0.0,0.0
2010-03-08,0.0,1.4202193270331523e-06,-1.4202193270331523e-06,109.38771547101065,-0.0,0.0,-0.0,0.0
2010-03-09,0.0,2.8454901185444275e-06,-2.8454901185444275e-06,109.38740420934718,-0.0,-0.0,-0.0,0.0
2010-03-10,0.0,6.517160448328563e-09,-6.517160448328563e-09,109.38740349645191,0.0,0.0,-0.0,-0.0
2010-03-11,0.0,0.0,0.0,109.38740349645191,0.0,0.0,0.0,0.0
2010-03-12,0.0,0.0,0.0,109.38740349645191,0.0,-0.0,0.0,-0.0
2010-03-15,0.004641681932880696,0.0,0.004641681932880696,109.89514503094613,0.006615663052797915,-0.0,0.010528506496782709,-0.0
2010-03-16,-3.371757685202708e-05,3.166766878835562e-05,-6.538524564038271e-05,109.8879595098936,-0.0001,-0.0,-0.0001,0.0
2010-03-17,-0.0009633857150352995,2.236876014229558e-06,-0.000965622591049529,109.78184921370652,0.002111928518033757,0.0,-0.00541526912725866,0.0
2010-03-18,0.0008485675649835227,3.286015171498026e-06,0.0008452815498120247,109.87464578535113,-0.0001,0.0,0.004194681470753414,-0.0
2010-03-19,-1.9463092260159395e-05,2.4755751687206897e-06,-2.1938667428880086e-05,109.87223528203837,-0.0,0.0,-0.0001,-0.0
2010-03-22,0.0002412292991872491,2.87867410831399e-06,0.0002383506250789351,109.89842339799667,0.002124981702858564,-0.0,0.0,0.0
2010-03-23,-1.1312699650758808e-05,2.589673590463887e-07,-1.1571667009805197e-05,109.8971516900362,-0.0001,0.0,-0.0,-0.0
2010-03-24,-0.001161884555660452,2.0423365919675088e-09,-0.001161886597997044,109.76946366232949,-0.010271548625270698,0.0,-0.0,-0.0
2010-03-25,-0.00018641561711883983,1.8690935865490991e-06,-0.00018828471070538892,109.74879575061954,-0.0017964079352781326,0.0,-0.0,-0.0
2010-03-26,0.000800542708015748,6.195320780906649e-08,0.0008004807548079389,109.83664754948124,0.007737586585710776,-0.0,0.0,-0.0
2010-03-29,0.0015361612661239025,7.322806989709663e-07,0.0015354289854249315,110.00529392179061,-0.0001,-0.0,0.0,0.013559637935862668
2010-03-30,-1.0025466063265166e-05,2.754120459283216e-06,-1.2779586522548381e-05,110.003888099619,-0.0,0.0,0.0,-0.0001
2010-03-31,0.0,6.91673427327677e-10,-6.91673427327677e-10,110.00388802353226,0.0,0.0,0.0,-0.0
2010-04-01,0.0,0.0,0.0,110.00388802353226,0.0,0.0,0.0,0.0
2010-04-02,0.0011308062162774717,0.0,0.0011308062162774717,110.12828110392394,-0.0,0.0,0.0052538433810207395,-0.0
2010-04-05,-2.0269311910691515e-05,2.5081948318891673e-06,-2.2777506742580683e-05,110.12577265625853,-0.0,-0.0,-0.0001,0.0
2010-04-06,0.0,4.9181460624977974e-09,-4.9181460624977974e-09,110.1257721146439,-0.0,-0.0,-0.0,0.0
2010-04-07,0.0,0.0,0.0,110.1257721146439,-0.0,-0.0,-0.0,-0.0
2010-04-08,0.0,0.0,0.0,110.1257721146439,0.0,0.0,0.0,0.0
2010-04-09,0.0,0.0,0.0,110.1257721146439,0.0,-0.0,0.0,0.0
2010-04-12,0.0,4.4996969080793314e-08,-4.4996969080793314e-08,110.12576715931795,0.0,0.0,0.0,-0.0
2010-04-13,0.0,1.128884209643244e-09,-1.128884209643244e-09,110.1257670349987,0.0,-0.0,0.0,0.0
2010-04-14,0.0,1.679161677179547e-08,-1.679161677179547e-08,110.12576518580903,0.0,0.0,0.0,0.0
2010-04-15,6.746578432728903e-05,1.0709860995050669e-09,6.746471334118953e-05,110.13319478898877,-0.0,-0.0,0.0003330060978354755,-0.0
2010-04-16,-2.026147075300255e-05,3.692900160594259e-09,-2.0265163653163144e-05,110.13096292177273,-0.0,-0.0,-0.0001,-0.0
2010-04-19,0.0,4.981944216865542e-09,-4.981944216865542e-09,110.13096237310643,-0.0,0.0,-0.0,0.0
2010-04-20,0.0,2.4534194665979754e-06,-2.4534194665979754e-06,110.13069217565948,-0.0,0.0,0.0,0.0
2010-04-21,0.0,3.6486613091218924e-08,-3.6486613091218924e-08,110.13068815736351,-0.0,-0.0,0.0,-0.0
2010-04-22,0.0,2.8894051608608503e-07,-2.8894051608608503e-07,110.13065633614565,-0.0,0.0,-0.0,-0.0
2010-04-23,0.0009859373787883886,1.9952288805726027e-07,0.0009857378559003313,110.23921629319133,0.00849250664500122,0.0,0.0,0.0
2010-04-26,-1.1057833823165283e-05,1.1033281107989706e-06,-1.2161161933964253e-05,110.23787565623053,-0.0001,-0.0,0.0,-0.0
2010-04-27,0.0,2.9670065285463675e-07,-2.9670065285463675e-07,110.23784294858086,-0.0,-0.0,-0.0,-0.0
2010-04-28,0.0012559594911801353,1.5800826670624157e-07,0.001255801482913429,110.37627979522885,0.0030974765576916477,0.0,-0.0,0.008684006902402331
2010-04-29,-2.1853449476632718e-05,7.734484270342456e-07,-2.2626897903666963e-05,110.37378232241495,-0.0001,0.0,0.0,-0.0001
2010-04-30,0.0,1.158159606868886e-06,-1.158159606868886e-06,110.37365449195859,0.0,-0.0,-0.0,-0.0
2010-05-03,0.0,3.768859471163511e-09,-3.768859471163511e-09,110.37365407597581,-0.0,0.0,-0.0,0.0
2010-05-04,0.0,0.0,0.0,110.37365407597581,-0.0,0.0,-0.0,-0.0
2010-05-05,-0.001636752497605482,0.0,-0.001636752497605482,110.19299972199713,-0.011594952573102179,-0.0,-0.0,-0.0031830247665549758
2010-05-06,-0.0039874260925279355,1.7085931897870611e-06,-0.003989134685717722,109.75342500468281,-0.014199521113606228,-0.0,-0.0,-0.022253766279351828
2010-05-07,0.0008968183477725407,6.9782494284584495e-06,0.0008898400983440823,109.8510880031826,0.009745693618447682,0.0,-0.0,-0.0001
2010-05-10,-9.13043568697401e-06,2.5129019831886937e-06,-1.1643337670162705e-05,109.84980896987156,-0.0001,0.0,0.0,0.0
2010-05-11,0.0,1.4765179547071573e-11,-1.4765179547071573e-11,109.8498089682496,-0.0,-0.0,0.0,-0.0
2010-05-12,0.0,0.0,0.0,109.8498089682496,0.0,0.0,-0.0,0.0
2010-05-13,0.0,0.0,0.0,109.8498089682496,-0.0,-0.0,-0.0,0.0
2010-05-14,0.0,0.0,0.0,109.8498089682496,-0.0,-0.0,-0.0,-0.0
2010-05-17,0.0002341461742065732,0.0,0.0002341461742065732,109.87552988075684,0.0025644576339567296,0.0,-0.0,-0.0
2010-05-18,-9.109188785125821e-06,4.249530252859318e-08,-9.151684087654414e-06,109.8745243346184,-0.0001,-0.0,-0.0,-0.0
2010-05-19,0.0015950394167750241,7.508308522544138e-10,0.0015950386659441718,110.04977844933434,0.017510946289457364,-0.0,0.0,-0.0
2010-05-20,-2.9426909960762016e-07,7.678978260401107e-05,-7.708405170361869e-05,110.04129536652239,-0.0001,-0.0,-0.0,-0.0
2010-05-21,0.0,0.00017225398653158568,-0.00017225398653158568,110.02234031471241,0.0,0.0,0.0,0.0
2010-05-24,0.0,0.0,0.0,110.02234031471241,-0.0,0.0,-0.0,-0.0
2010-05-25,0.0,0.0,0.0,110.02234031471241,-0.0,0.0,0.0,0.0
2010-05-26,0.0,0.0,0.0,110.02234031471241,-0.0,-0.0,-0.0,-0.0
2010-05-27,0.0030590707074878956,0.0,0.0030590707074878956,110.35890643313839,0.014273074160342503,0.0,0.0,0.0
2010-05-28,0.0038891813705072107,2.57368501972719e-06,0.0038866076854874834,110.78782820704343,-0.0001,0.0,0.007285486399220209,0.0
2010-05-31,-5.0695161196950734e-05,5.9278928180748705e-06,-5.66230540150256e-05,110.78155506186265,0.0,0.0,-0.0001,-0.0
2010-06-01,0.0,8.542381284756817e-09,-8.542381284756817e-09,110.78155411552437,-0.0,-0.0,0.0,-0.0
2010-06-02,0.0005331846637037936,8.243962034391372e-07,0.0005323602675003544,110.84052981330741,0.0,0.0,0.0010573829490832965,0.0
2010-06-03,-5.0404258825507556e-05,4.135214611764304e-08,-5.0445610971625196e-05,110.83493839506056,-0.0,0.0,-0.0001,0.0
2010-06-04,0.0,8.85486122462753e-09,-8.85486122462753e-09,110.83493741363257,-0.0,-0.0,-0.0,-0.0
2010-06-07,-0.0009001843370623227,0.0,-0.0009001843370623227,110.73516553897353,-0.004118112676045127,-0.0,0.0,-0.0
2010-06-08,0.0008942254838871731,2.9252131493106293e-07,0.000893932962572242,110.83415535356474,0.004118408930981365,-0.0,-0.0,0.0
2010-06-09,-2.162793343209252e-05,1.6990745172730805e-07,-2.1797840883819828e-05,110.83173940828183,-0.0001,-0.0,0.0,0.0
2010-06-10,0.0,1.6379218648138184e-09,-1.6379218648138184e-09,110.8317392267481,0.0,-0.0,0.0,0.0
2010-06-11,0.006098455283152249,1.4649007161448058e-05,0.006083806275990801,111.50601805743474,0.0,0.0,0.0105374710101379,0.0
2010-06-14,-5.0380504601061126e-05,1.4986977715897088e-05,-6.536748231695821e-05,111.49872918977113,0.0,0.0,-0.0001,0.0
2010-06-15,-0.0017992067100777004,3.89018471064847e-06,-0.001803096894788349,111.29768617739622,0.0,-0.0,0.0,-0.006754625162356265
2010-06-16,0.0025825908445249817,2.6200499705958005e-06,0.002579970794554386,111.58483095723537,0.00047867346366069495,-0.0,0.0042177395584282905,0.0008634860310443582
2010-06-17,-9.999999999999999e-05,1.8372169500788378e-06,-0.00010183721695007883,111.57346746859685,-0.0001,-0.0,-0.0001,-0.0001
2010-06-18,0.0,4.176532099640085e-08,-4.176532099640085e-08,111.57346280869515,0.0,-0.0,0.0,0.0
2010-06-21,0.0,1.225919322442315e-09,-1.225919322442315e-09,111.57346267191508,-0.0,0.0,-0.0,0.0
2010-06-22,0.0,1.6810072463699921e-06,-1.6810072463699921e-06,111.57327511611584,-0.0,-0.0,0.0,-0.0
2010-06-23,0.0,8.253433652773145e-08,-8.253433652773145e-08,111.5732659074896,0.0,-0.0,0.0,0.0
2010-06-24,0.0011942016922632918,8.327286976749505e-07,0.0011933689635656168,111.70641398018726,0.0,-0.0,0.0023040894847565665,-0.0
2010-06-25,-4.9786163810088074e-05,5.516196226069928e-06,-5.5302360036158e-05,111.70023635186297,0.0,-0.0,-0.0001,0.0
2010-06-28,-0.0010720156968224484,1.175021729080128e-08,-0.0010720274470397391,111.58049063265294,-0.0,0.0,-0.0021534943343777366,-0.0
2010-06-29,0.001486580838413559,8.096171565919797e-07,0.001485771221256967,111.74627371448868,-0.0,-0.0,0.0030107673580204164,-0.0
2010-06-30,0.0007224355162684165,7.371388383980576e-07,0.0007216983774300184,111.8269208189123,0.0034835116790612355,-0.0,-0.0001,-0.0
2010-07-01,-2.146719451962995e-05,2.8934795305531337e-06,-2.4360674050183085e-05,111.82419663974419,-0.0001,-0.0,0.0,0.0
2010-07-02,-0.002466346512006221,1.3181081913218873e-08,-0.002466359693088134,111.54839794843996,-0.005178700025876737,0.0,-0.0026848998303170665,-0.0
2010-07-05,0.0005313804504402318,8.659364919322094e-07,0.0005305145139482996,111.60757599255928,0.0027080205372210786,-0.0,-0.0001,-0.0
2010-07-06,-2.1434848834698733e-05,6.998577931645878e-08,-2.150483461401519e-05,111.6051758900959,-0.0001,-0.0,0.0,0.0
2010-07-07,0.0,1.6387419306013175e-09,-1.6387419306013175e-09,111.60517570720381,0.0,0.0,0.0,0.0
2010-07-08,0.0,0.0,0.0,111.60517570720381,0.0,0.0,-0.0,0.0
2010-07-09,0.0,0.0,0.0,111.60517570720381,-0.0,0.0,-0.0,0.0
2010-07-12,0.0,0.0,0.0,111.60517570720381,-0.0,0.0,-0.0,-0.0
2010-07-13,0.0,0.0,0.0,111.60517570720381,0.0,0.0,0.0,0.0
2010-07-14,0.0,1.636997339453661e-08,-1.636997339453661e-08,111.60517388023005,0.0,-0.0,0.0,-0.0
2010-07-15,-0.005784351660215922,1.025354475223117e-08,-0.005784361913760674,110.95960916305863,0.0,-0.0,-0.011558704363225713,0.0
2010-07-16,0.0037464049238277114,1.3130228619934524e-05,0.0037332746952077767,111.3738518641372,-0.0003586378352023022,-0.0,0.008816805239290293,-0.0
2010-07-19,-0.00018824377773424294,4.749966656607152e-06,-0.0001929937443908501,111.35235740743869,-0.0005823147051011723,0.0,-0.0001,-0.0
2010-07-20,-2.5261503192820596e-05,1.3454792816963713e-08,-2.527495798563756e-05,111.3495429812836,-0.0001,0.0,0.0,0.0
2010-07-21,0.0,1.7779053712807525e-09,-1.7779053712807525e-09,111.34954278331466,-0.0,-0.0,-0.0,-0.0
2010-07-22,0.0,1.1684497369561508e-06,-1.1684497369561508e-06,111.34941267697067,0.0,0.0,0.0,0.0
2010-07-23,0.0,1.4182597314504886e-09,-1.4182597314504886e-09,111.34941251904829,0.0,0.0,0.0,0.0
2010-07-26,0.0,0.0,0.0,111.34941251904829,0.0,-0.0,0.0,0.0
2010-07-27,-0.0025557962264215433,3.170696727107897e-06,-0.002558966923148651,111.0644730555,-0.0,0.0,-0.006428734486289012,-0.0
2010-07-28,-3.853474746227757e-05,2.442148677228662e-06,-4.097689613950624e-05,111.05992197812282,0.0,-0.0,-0.0001,-0.0
2010-07-29,0.0,2.735882925164468e-09,-2.735882925164468e-09,111.05992167427587,0.0,-0.0,0.0,0.0
2010-07-30,0.0007446725134434846,0.0,0.0007446725134434846,111.1426249452919,0.002885963292650329,-0.0,0.0,0.0
2010-08-02,-2.5742240875431877e-05,1.2203142551233116e-07,-2.586427230094421e-05,111.13975032217608,-0.0001,0.0,0.0,0.0
2010-08-03,-0.0010395087409149327,2.805424206285423e-06,-0.001042314165121218,111.02390778610724,-0.003829473352690693,-0.0,0.0,0.0
2010-08-04,0.0,5.678007107345641e-05,-5.678007107345641e-05,111.01760384073229,-0.0,0.0,0.0,-0.0
2010-08-05,-1.7310529366134835e-05,1.8129017741071896e-06,-1.9123431140242024e-05,111.01548080322989,-0.0001,0.0,-0.0,0.0
2010-08-06,0.0,0.0,0.0,111.01548080322989,0.0,-0.0,-0.0,-0.0
2010-08-09,0.0,0.0,0.0,111.01548080322989,0.0,-0.0,0.0,0.0
2010-08-10,0.0,0.0,0.0,111.01548080322989,-0.0,0.0,-0.0,-0.0
2010-08-11,0.0,0.0,0.0,111.01548080322989,-0.0,-0.0,-0.0,-0.0
2010-08-12,0.0,0.0,0.0,111.01548080322989,-0.0,-0.0,-0.0,-0.0
2010-08-13,-0.0008007856149778248,9.52111704311337e-08,-0.0008008808261482559,110.92657063324896,-0.0012033582538724219,0.0,-0.002983613207383284,0.0
2010-08-16,-0.0006050031133437128,3.2876406012665726e-07,-0.0006053318774038394,110.85942324399356,-0.004597541591440102,0.0,0.0009829502901552711,-0.0
2010-08-17,0.0006930243207587541,9.523680975696764e-06,0.0006835006397830573,110.93519573070681,0.0032157162179444754,-0.0,-0.0001,0.0
2010-08-18,-2.1886203151581864e-05,4.824549407555334e-07,-2.2368658092337396e-05,110.9327142592431,-0.0001,0.0,-0.0,0.0
2010-08-19,0.0,2.1771959547001174e-09,-2.1771959547001174e-09,110.93271401772083,-0.0,-0.0,0.0,-0.0
2010-08-20,0.0,0.0,0.0,110.93271401772083,-0.0,-0.0,-0.0,-0.0
2010-08-23,0.0,0.0,0.0,110.93271401772083,-0.0,0.0,-0.0,-0.0
2010-08-24,0.0,0.0,0.0,110.93271401772083,-0.0,-0.0,-0.0,0.0
2010-08-25,0.0,1.745482624593205e-05,-1.745482624593205e-05,110.93077770647267,-0.0,-0.0,-0.0,-0.0
2010-08-26,0.0007144697580001783,1.6244317246120272e-06,0.0007128453262755663,111.00985419290082,0.0023568531444246757,0.0,0.0,0.0
2010-08-27,-2.988098242771291e-05,8.671634116716426e-07,-3.074814583938455e-05,111.0064408457145,-0.0001,-0.0,0.0,0.0
2010-08-30,0.0,7.841003762720789e-10,-7.841003762720789e-10,111.0064407586743,0.0,0.0,0.0,0.0
2010-08-31,0.0,3.424660908697142e-08,-3.424660908697142e-08,111.0064369570801,-0.0,-0.0,-0.0,-0.0
2010-09-01,0.0,6.966325552471009e-10,-6.966325552471009e-10,111.0064368797494,0.0,-0.0,-0.0,0.0
2010-09-02,0.0,0.0,0.0,111.0064368797494,0.0,0.0,0.0,0.0
2010-09-03,-0.0005919123893005274,2.7012813068531346e-06,-0.0005946136706073805,110.94043093485529,-0.001895641725667041,-0.0,-0.0,0.0
2010-09-06,-0.0017241346644830742,2.461205124392657e-06,-0.0017265958696074668,110.74888164503069,-0.005312301739036185,0.0,0.0,0.0
2010-09-07,0.0006007158109432469,4.676082776541513e-06,0.0005960397281667055,110.81489237834117,0.0019945759811040853,-0.0,-0.0,0.0
2010-09-08,-2.978644566571732e-05,6.620474860602438e-07,-3.0448493151777566e-05,110.81151823184948,-0.0001,-0.0,-0.0,-0.0
2010-09-09,0.0,4.718878446794009e-06,-4.718878446794009e-06,110.81099532576444,0.0,0.0,0.0,0.0
2010-09-10,0.0,6.729065860189287e-10,-6.729065860189287e-10,110.81099525119899,-0.0,-0.0,-0.0,0.0
2010-09-13,0.0,7.586570683400298e-05,-7.586570683400298e-05,110.8025884967193,0.0,0.0,-0.0,0.0
2010-09-14,0.0,1.887636679211042e-05,-1.887636679211042e-05,110.80049694641731,0.0,-0.0,0.0,0.0
2010-09-15,0.0,0.00017221032638213264,-0.00017221032638213264,110.78141595667488,0.0,-0.0,0.0,0.0
2010-09-16,-0.0011108456254280564,0.0,-0.0011108456254280564,110.65835490538068,-0.001896066692854481,0.0,0.0,-0.0
2010-09-17,-0.002730387273348506,5.213858745022227e-07,-0.0027309086592230084,110.35615704575419,-0.0046812403157292515,0.0,-0.0,-0.0
2010-09-20,0.001391560897649667,3.1614592066391835e-06,0.001388399438443028,110.50937547222523,0.0024522875588183224,-0.0,0.0,0.0
2010-09-21,-5.624085941596926e-05,1.0091230267719853e-06,-5.724998244274125e-05,110.5030488124197,-0.0001,0.0,-0.0,0.0
2010-09-22,0.0,5.36264215181459e-07,-5.36264215181459e-07,110.50298955358895,0.0,-0.0,0.0,0.0
2010-09-23,-0.005715072540625041,2.8993768424023794e-09,-0.005715075440001884,109.87145663194444,-0.01021019485637421,-0.0,0.0,-0.0
2010-09-24,0.0026943033408638453,1.1556560455321303e-05,0.002682746780408524,110.16621392848258,0.0053675768624186215,0.0,0.0,-0.0
2010-09-27,-4.8333969959810976e-05,3.723853618656198e-06,-5.2057823578467176e-05,110.16047891515359,-0.0001,-0.0,0.0,0.0
2010-09-28,0.0014043112889560595,1.1935392636746923e-06,0.0014031177496923847,110.31504703843407,0.0028699980843856945,-0.0,-0.0,-0.0
2010-09-29,-4.8509842111890466e-05,8.41794959515696e-07,-4.935163707140616e-05,110.30960281026911,-0.0001,-0.0,-0.0,0.0
2010-09-30,0.0,1.5481683298330108e-06,-1.5481683298330108e-06,110.30943203243557,0.0,-0.0,-0.0,0.0
2010-10-01,0.0,7.810234339207245e-07,-7.810234339207245e-07,110.30934587818417,-0.0,-0.0,-0.0,-0.0
2010-10-04,0.0,3.3315013196921763e-09,-3.3315013196921763e-09,110.30934551068844,0.0,-0.0,0.0,0.0
2010-10-05,0.0036589331991941157,0.0,0.0036589331991941157,110.71296003715887,0.007366074076330264,0.0,0.0,-0.0
2010-10-06,-4.7269721768952105e-05,4.806100948310771e-06,-5.207582271726288e-05,110.70719456867948,-0.0001,-0.0,0.0,0.0
2010-10-07,-0.002988554287219879,9.41776214824497e-10,-0.0029885552289960937,110.37634000346377,-0.006322280742330666,-0.0,-0.0,0.0
2010-10-08,-0.0002620319171990381,2.7529196555630243e-06,-0.00026478483685460114,110.34711402228335,-0.0005709535944129485,-0.0,0.0,0.0
2010-10-11,-4.589104815035821e-05,5.369357839601907e-09,-4.589641750819781e-05,110.34204948506736,-0.0001,-0.0,0.0,0.0
2010-10-12,0.0,2.3622363004516257e-09,-2.3622363004516257e-09,110.34204922441337,-0.0,0.0,-0.0,-0.0
2010-10-13,0.0,1.70352333256591e-05,-1.70352333256591e-05,110.34016952185921,0.0,-0.0,-0.0,0.0
2010-10-14,0.0,2.0558815359845686e-05,-2.0558815359845686e-05,110.33790105868724,0.0,0.0,0.0,0.0
2010-10-15,0.0,1.1916283720231347e-08,-1.1916283720231347e-08,110.3378997438695,0.0,-0.0,0.0,0.0
2010-10-18,0.002046734990349417,1.7167680743446214e-09,0.0020467332735813427,110.56373199461235,0.007552442728031783,-0.0,-0.0,-0.0
2010-10-19,-2.5629338783954244e-05,2.941931799249481e-06,-2.8571270583203726e-05,110.56057304830884,-0.0001,-0.0,-0.0,0.0
2010-10-20,0.0,3.3860756893933087e-10,-3.3860756893933087e-10,110.56057301087219,-0.0,0.0,-0.0,-0.0
2010-10-21,0.010808661560804927,0.0,0.010808661560804927,111.75558482651537,0.01620897474297144,-0.0,0.008947609323286521,0.0
2010-10-22,-0.0001,9.70721491808957e-06,-0.00010970721491808958,111.7433244325525,-0.0001,0.0,-0.0001,-0.0
2010-10-25,-0.001616446409320223,7.856199798658149e-06,-0.0016243026091188812,111.56181945912509,0.0,0.0,-0.002200894211592541,0.0
2010-10-26,-7.288839012996537e-05,1.1131884451604125e-06,-7.400157857512578e-05,111.55356370837639,0.0,-0.0,-0.0001,0.0
2010-10-27,0.0,5.077292499949815e-09,-5.077292499949815e-09,111.55356314198632,-0.0,0.0,0.0,-0.0
2010-10-28,0.0,2.1839394372708543e-07,-2.1839394372708543e-07,111.55353877936373,-0.0,0.0,-0.0,-0.0
2010-10-29,-2.5e-05,1.0120600847762784e-09,-2.5001012060084776e-05,111.55074982799538,0.0,0.0,0.0,-0.0001
2010-11-01,0.014108401015991109,0.00017222527330514536,0.013936175742685963,113.10534068182672,0.0,-0.0,0.0,0.014306889557873959
2010-11-02,-3.318855954583356e-05,0.00013084815421347826,-0.0001640367137593118,113.08678725343265,-0.0,0.0,0.0,-0.0001
2010-11-03,0.0,6.479001949152852e-09,-6.479001949152852e-09,113.0867865207431,0.0,0.0,-0.0,0.0
2010-11-04,0.0,0.0,0.0,113.0867865207431,0.0,0.0,0.0,0.0
2010-11-05,-0.001326212939429483,0.0,-0.001326212939429483,112.9368093611808,-0.007228278895641716,-0.0,0.0,0.0
2010-11-08,0.0019003414009632319,1.1667275614189926e-06,0.0018991746734018128,113.15129608921437,0.010697591841614784,0.0,-0.0,0.0
2010-11-09,-1.673157911903645e-05,2.0652378551618446e-06,-1.8796816974198295e-05,113.14916920501139,-0.0001,-0.0,-0.0,-0.0
2010-11-10,0.0,9.796437550807502e-10,-9.796437550807502e-10,113.1491690941655,-0.0,0.0,-0.0,-0.0
2010-11-11,0.0,2.6178729782109917e-06,-2.6178729782109917e-06,113.14887288401323,0.0,0.0,0.0,-0.0
2010-11-12,-0.000651494075024131,3.2957987012229575e-07,-0.0006518236548942532,113.07511977214281,-0.0,-0.002605976300096524,-0.0,-0.0
2010-11-15,-0.0001606446498758633,0.00010355798788218851,-0.00026420263775805183,113.04524502723422,0.0051993445724842656,-0.0007280373246887351,0.0,-0.0
2010-11-16,-0.005339664471271389,1.4278896861407612e-06,-0.00534109236095753,112.44145993257668,-0.0001,-0.008390946192925686,-0.0,-0.0
2010-11-17,-0.0009153132693741851,5.729419120717846e-05,-0.0009726074605813636,112.33209852976759,-0.0,-0.0026213256441849353,-0.0,-0.0
2010-11-18,0.0018255948345393294,1.6677445177210677e-06,0.0018239270900216084,112.53698408735502,0.0,0.0033581049234850946,0.0020334728786022163,0.0
2010-11-19,-6.654562988291329e-05,2.7335907895383194e-06,-6.927922067245161e-05,112.52918761280061,0.0,-0.0001,-0.0001,0.0
2010-11-22,0.0,1.2391558735309895e-08,-1.2391558735309895e-08,112.52918621838856,0.0,-0.0,-0.0,-0.0
2010-11-23,0.0,0.0,0.0,112.52918621838856,-0.0,-0.0,-0.0,-0.0
2010-11-24,0.0,4.790129182642017e-08,-4.790129182642017e-08,112.52918082809518,-0.0,-0.0,-0.0,-0.0
2010-11-25,-0.0006019243536546428,9.190968035269198e-10,-0.0006019252727514463,112.46144667023272,-0.00222382309886705,0.0,-0.0010474876717990855,0.0
2010-11-26,-0.0007985390633716551,3.335499967727099e-07,-0.0007988726133684277,112.37160430042807,-0.0013606797205175658,0.0,-0.001922667790456356,-0.0
2010-11-29,-4.436156805349273e-05,9.848739792723993e-07,-4.534644203276513e-05,112.36650864798754,-0.0001,0.0,-0.0001,-0.0
2010-11-30,-0.003159642359728442,6.197442736835534e-09,-0.003159648557171179,112.01146997106355,-0.01022935242023849,0.0,-0.0022778596049023545,-0.005576055361908428
2010-12-01,-0.0008819991742763357,2.5344340841347805e-06,-0.0008845336083604705,111.91239206135228,-0.008535829076365742,-0.0,0.0007628647114035214,-0.0009597970962881286
2010-12-02,0.0024906371847406663,6.661921065679172e-07,0.0024899709926340984,112.19105067130133,0.010224303397647017,0.0,-0.0001,0.006666720488470057
2010-12-03,-3.079840985025555e-05,2.869374962511674e-06,-3.3667784812767225e-05,112.18727344714941,-0.0001,-0.0,-0.0,-0.0001
2010-12-06,0.0,2.661549515522582e-08,-2.661549515522582e-08,112.18727046122959,0.0,-0.0,0.0,0.0
2010-12-07,0.0,4.6292873056574817e-10,-4.6292873056574817e-10,112.18727040929488,-0.0,-0.0,-0.0,-0.0
2010-12-08,0.0,0.0,0.0,112.18727040929488,-0.0,0.0,0.0,-0.0
2010-12-09,0.0,0.0,0.0,112.18727040929488,0.0,0.0,0.0,-0.0
2010-12-10,0.0,0.0,0.0,112.18727040929488,-0.0,-0.0,-0.0,0.0
2010-12-13,0.0,0.0,0.0,112.18727040929488,-0.0,0.0,0.0,-0.0
2010-12-14,0.0,0.0,0.0,112.18727040929488,0.0,-0.0,0.0,0.0
2010-12-15,0.0,3.919058055905922e-08,-3.919058055905922e-08,112.18726601261062,-0.0,0.0,-0.0,0.0
2010-12-16,0.0,2.1954787570689362e-07,-2.1954787570689362e-07,112.1872413821347,-0.0,0.0,-0.0,-0.0
2010-12-17,0.0015414388175175014,4.137512670907978e-08,0.0015413974423907923,112.36016650907,0.0,-0.0,0.004527239510455405,0.0
2010-12-20,-3.205538374477006e-05,3.985422869182248e-06,-3.604080661395231e-05,112.35611695803773,-0.0,-0.0,-0.0001,-0.0
2010-12-21,-0.0001314353824694317,6.632724381416821e-09,-0.00013144201519381312,112.34134864360543,-0.0,-0.0,-0.0004100683456720432,0.0
2010-12-22,-0.0002876354005668181,1.1425821761367708e-06,-0.0002887779827429549,112.3089069355655,-0.002233640852420404,0.0,-0.0001,0.0
2010-12-23,-1.1553505900487192e-05,2.0161901062390047e-07,-1.1755124911111092e-05,112.30758673033583,-0.0001,-0.0,-0.0,0.0
2010-12-24,0.0,0.0,0.0,112.30758673033583,0.0,-0.0,0.0,0.0
2010-12-27,0.0,7.39643264294529e-08,-7.39643264294529e-08,112.30757842358081,-0.0,-0.0,-0.0,-0.0
2010-12-28,0.0,7.522632248041506e-10,-7.522632248041506e-10,112.30757833909595,0.0,-0.0,0.0,0.0
2010-12-29,0.0,0.0,0.0,112.30757833909595,-0.0,-0.0,-0.0,0.0
2010-12-30,0.0,0.0,0.0,112.30757833909595,0.0,-0.0,0.0,0.0
2010-12-31,0.0,0.0,0.0,112.30757833909595,0.0,-0.0,-0.0,-0.0
2011-01-03,-0.0005187272999788961,6.065404924950404e-07,-0.0005193338404713911,112.24925321312307,-0.0043612025955104385,-0.0,0.0,0.0
2011-01-04,9.43371186771242e-06,2.451088519187378e-07,9.188603015793683e-06,112.25028462694966,8.013972512788126e-05,0.0,-0.0,-0.0
2011-01-05,-1.2031126998341646e-05,5.190939654783609e-07,-1.2550220963820007e-05,112.24887586107435,-0.0001,0.0,0.0,-0.0
2011-01-06,0.0,6.489114526475603e-09,-6.489114526475603e-09,112.24887513267853,-0.0,0.0,-0.0,-0.0
2011-01-07,0.0,6.564216918206189e-10,-6.564216918206189e-10,112.24887505899595,-0.0,0.0,-0.0,-0.0
2011-01-10,-0.0007988404020175699,0.0,-0.0007988404020175699,112.1592061225178,-0.006637809147881713,-0.0,0.0,0.0
2011-01-11,0.000636753697197616,5.705215243768352e-07,0.0006361831756732392,112.23055992244979,0.005419439149108474,-0.0,0.0,-0.0
2011-01-12,-1.1587250814935631e-05,3.2437637865351253e-07,-1.1911627193589145e-05,112.22922307386027,-0.0001,0.0,0.0,-0.0
2011-01-13,0.0028612596718335633,5.387907564130546e-10,0.002861259133042807,112.55033996337464,0.0,-0.0,0.0,0.013741903854657778
2011-01-14,-1.6942719640338885e-05,7.757402964412556e-06,-2.4700122604751442e-05,112.54755995617833,0.0,-0.0,0.0,-0.0001
2011-01-17,0.0,3.0818056904510783e-09,-3.0818056904510783e-09,112.54755960932863,0.0,0.0,0.0,-0.0
2011-01-18,0.0,0.0,0.0,112.54755960932863,-0.0,-0.0,0.0,0.0
2011-01-19,0.0,2.3944334463378454e-05,-2.3944334463378454e-05,112.54486473291831,0.0,-0.0,0.0,0.0
2011-01-20,0.0,4.0970611340465644e-09,-4.0970611340465644e-09,112.54486427181511,0.0,-0.0,0.0,-0.0
2011-01-21,0.0,3.1828229300766855e-06,-3.1828229300766855e-06,112.54450606144044,0.0,0.0,-0.0,-0.0
2011-01-24,0.0,9.52272687627237e-09,-9.52272687627237e-09,112.54450498970985,0.0,-0.0,0.0,0.0
2011-01-25,0.0,0.0,0.0,112.54450498970985,0.0,-0.0,-0.0,0.0
2011-01-26,0.0,0.0,0.0,112.54450498970985,0.0,-0.0,-0.0,-0.0
2011-01-27,0.0,2.4297073725074172e-09,-2.4297073725074172e-09,112.54450471625962,0.0,-0.0,0.0,0.0
2011-01-28,0.0,6.962504886485521e-06,-6.962504886485521e-06,112.54372112459559,0.0,0.0,-0.0,-0.0
2011-01-31,0.0,2.793303851524043e-09,-2.793303851524043e-09,112.54372081022679,-0.0,-0.0,-0.0,-0.0
2011-02-01,0.005644668044838953,0.0,0.005644668044838953,113.17899275473155,0.0,-0.0,0.012579671925688974,0.0
2011-02-02,-2.5963227624923002e-05,3.78162356276794e-05,-6.37794632526024e-05,113.17177425932219,0.0,-0.0,-0.0001,0.0
2011-02-03,0.00011944505776927173,1.1766079175023675e-06,0.00011826844985176936,113.18515890963081,0.0007705001139088786,0.0,0.0,0.0
2011-02-04,-1.7214607154329544e-05,3.4246613921626538e-06,-2.0639268546492196e-05,113.18282285074059,-0.0001,0.0,-0.0,0.0
2011-02-07,0.0,0.0,0.0,113.18282285074059,-0.0,0.0,-0.0,-0.0
2011-02-08,0.0,0.0,0.0,113.18282285074059,0.0,0.0,0.0,0.0
2011-02-09,0.0,0.0,0.0,113.18282285074059,0.0,0.0,-0.0,0.0
2011-02-10,0.0,1.5226305714622884e-06,-1.5226305714622884e-06,113.18265051511436,0.0,0.0,0.0,-0.0
2011-02-11,0.0,1.054540155618028e-06,-1.054540155618028e-06,113.18253115946446,-0.0,0.0,-0.0,-0.0
2011-02-14,-0.0007530937415867003,3.862297926277689e-05,-0.0007917167208494771,113.09292265703745,-0.0,-0.0013479470940738314,-0.0,0.0
2011-02-15,0.00017050324060863893,8.047256768346862e-06,0.00016245598384029207,113.11129527905308,-0.0,-0.0001,0.0014708023107263713,0.0
2011-02-16,-7.810809132013045e-06,4.032795541229318e-05,-4.813876454430623e-05,113.10585024104233,0.0,0.0,-0.0001,-0.0
2011-02-17,0.0,4.659379811221137e-08,-4.659379811221137e-08,113.10584497101117,0.0,-0.0,-0.0,0.0
2011-02-18,0.0,0.0,0.0,113.10584497101117,0.0,-0.0,0.0,0.0
2011-02-21,0.0,0.0,0.0,113.10584497101117,0.0,-0.0,0.0,0.0
2011-02-22,0.0,0.0,0.0,113.10584497101117,-0.0,-0.0,-0.0,-0.0
2011-02-23,0.0,1.0155724365207494e-07,-1.0155724365207494e-07,113.10583348429333,-0.0,-0.0,-0.0,-0.0
2011-02-24,0.0,1.8441450081885387e-07,-1.8441450081885387e-07,113.1058126259375,0.0,-0.0,0.0,0.0
2011-02-25,-0.00022986120545389087,2.4860975692174438e-09,-0.00022986369155146008,113.0798137063114,-0.00416309405742733,-0.0,-0.0,0.0
2011-02-28,0.00038336512231781895,2.162666442519771e-06,0.0003812024558752992,113.12292000900617,0.006194147522996518,-0.0,-0.0,0.0
2011-03-01,-6.549284806301492e-06,7.20268292057101e-07,-7.269553098358594e-06,113.1220976559325,-0.0001,0.0,0.0,0.0
2011-03-02,0.0,4.505916827123998e-06,-4.505916827123998e-06,113.12158793716915,-0.0,0.0,-0.0,-0.0
2011-03-03,0.0,2.016430160789451e-09,-2.016430160789451e-09,113.12158770906737,0.0,-0.0,0.0,0.0
2011-03-04,-0.0005591596378185235,0.0,-0.0005591596378185235,113.05833468305451,-0.006758382696715926,0.0,-0.0,-0.0
2011-03-07,-0.00016804484494745112,1.8092461166991732e-06,-0.0001698540910641503,113.03913126237968,-0.0022804453286227044,-0.0,-0.0,0.0
2011-03-08,0.00013958952457650612,1.4446528877489208e-07,0.00013944505928773122,113.0548940107404,0.0019130458788482185,-0.0,-0.0,-0.0
2011-03-09,-7.2226270188717736e-06,1.48177946286919e-07,-7.370804965158692e-06,113.05406070516631,-0.0001,0.0,-0.0,-0.0
2011-03-10,0.0,9.7756925508119e-10,-9.7756925508119e-10,113.05406059464813,0.0,0.0,0.0,0.0
2011-03-11,0.0,0.0,0.0,113.05406059464813,-0.0,0.0,-0.0,-0.0
2011-03-14,0.0006327507836562467,0.0,0.0006327507836562467,113.12559564008492,0.0,-0.0,0.00023760746861921654,0.008081732406044918
2011-03-15,0.00048706726099975137,1.87135195309526e-06,0.0004851959090466561,113.18048371629797,0.0,0.0,0.006258539328009682,-0.0001
2011-03-16,-7.255233985568276e-06,1.2673801085370862e-06,-8.522614094105362e-06,113.17951912271226,-0.0,-0.0,-0.0001,-0.0
2011-03-17,-0.0009698586631301106,5.848902160598594e-07,-0.0009704435533461704,113.0696847880088,-0.0,-0.0,-0.0,-0.014501799539873416
2011-03-18,0.0009482596918767789,3.438492287758245e-06,0.0009448211995890206,113.17651542322737,0.0,0.0,0.009408459368819056,0.0045270506348158435
2011-03-21,0.0006579051321396629,2.3511083078388125e-06,0.0006555540238318241,113.25070874331632,0.0,0.0,-0.0001,0.01346507518268325
2011-03-22,-0.0002643096365292595,1.3509205705267737e-06,-0.00026566055709978625,113.22062249693965,-0.003384232487318128,0.0,0.0,-0.0001
2011-03-23,0.00025860687731191657,3.459181798976946e-07,0.0002582609591320189,113.24986296349921,0.003442941303724467,-0.0,0.0,0.0
2011-03-24,-7.304444338837707e-06,4.1355024872532024e-07,-7.717994587563027e-06,113.24898890166983,-0.0001,-0.0,-0.0,0.0
2011-03-25,0.0,6.846292039647262e-10,-6.846292039647262e-10,113.24898882413625,0.0,0.0,-0.0,0.0
2011-03-28,0.0,0.0,0.0,113.24898882413625,-0.0,0.0,-0.0,0.0
2011-03-29,0.0,0.0,0.0,113.24898882413625,0.0,0.0,-0.0,-0.0
2011-03-30,0.0,0.0,0.0,113.24898882413625,0.0,0.0,0.0,0.0
2011-03-31,0.0,0.0,0.0,113.24898882413625,0.0,0.0,0.0,0.0
2011-04-01,0.0,5.710516265548221e-07,-5.710516265548221e-07,113.24892415311697,0.0,0.0,-0.0,0.0
2011-04-04,0.0,7.3848327996201e-10,-7.3848327996201e-10,113.24892406948454,0.0,0.0,0.0,0.0
2011-04-05,0.0,3.1016992398380516e-10,-3.1016992398380516e-10,113.24892403435814,-0.0,-0.0,0.0,-0.0
2011-04-06,0.0,0.0,0.0,113.24892403435814,-0.0,0.0,0.0,-0.0
2011-04-07,0.0,0.0,0.0,113.24892403435814,0.0,0.0,0.0,0.0
2011-04-08,0.0001875497896342045,1.739214790184851e-06,0.00018581057484401965,113.26996688203343,0.0022168654683762837,-0.0,-0.0,0.0
2011-04-11,-9.111643660686058e-06,1.3030192843970953e-06,-1.0414662945083153e-05,113.26878721350657,-0.0001,0.0,0.0,0.0
2011-04-12,0.00014348846375827857,0.0,0.00014348846375827857,113.28503997777561,0.0015747813358569674,-0.0,-0.0,-0.0
2011-04-13,-8.970260006690427e-06,1.403596261438541e-06,-1.0373856268128968e-05,113.28386477505357,-0.0001,-0.0,-0.0,-0.0
2011-04-14,0.0,4.70822335433413e-10,-4.70822335433413e-10,113.28386472171698,-0.0,0.0,0.0,0.0
2011-04-15,0.0,0.0,0.0,113.28386472171698,-0.0,0.0,0.0,0.0
2011-04-18,0.0,0.00018438208858953368,-0.00018438208858953368,113.2629772061361,-0.0,-0.0,0.0,0.0
2011-04-19,0.0,0.0,0.0,113.2629772061361,-0.0,-0.0,-0.0,-0.0
2011-04-20,0.007914980338012956,0.0,0.007914980338012956,114.15945144374749,0.007914980338012956,0.0,0.0,0.0
2011-04-21,-0.0001,0.0,-0.0001,114.14803549860311,-0.0001,-0.0,0.0,0.0
2011-04-22,0.0,0.0,0.0,114.14803549860311,0.0,-0.0,0.0,0.0
2011-04-25,0.0,0.0,0.0,114.14803549860311,0.0,-0.0,0.0,0.0
2011-04-26,0.0,0.0,0.0,114.14803549860311,0.0,-0.0,-0.0,-0.0
2011-04-27,0.0,0.0,0.0,114.14803549860311,0.0,-0.0,0.0,0.0
2011-04-28,-0.006366704509457544,0.0,-0.006366704509457544,113.42128868624843,-0.006366704509457544,0.0,0.0,0.0
2011-04-29,-0.004334524189566702,0.0,-0.004334524189566702,112.92966136682605,-0.004334524189566702,-0.0,0.0,0.0
2011-05-02,0.0033730045438912226,0.0,0.0033730045438912226,113.31057362775647,0.0033730045438912226,-0.0,0.0,0.0
2011-05-03,-0.0001,0.0,-0.0001,113.2992425703937,-0.0001,-0.0,-0.0,-0.0
2011-05-04,0.0,0.0,0.0,113.2992425703937,0.0,-0.0,-0.0,-0.0
2011-05-05,0.0,0.0,0.0,113.2992425703937,-0.0,-0.0,0.0,-0.0
2011-05-06,0.0,0.0,0.0,113.2992425703937,-0.0,-0.0,-0.0,-0.0
2011-05-09,-0.00045032079755222553,0.0,-0.00045032079755222553,113.24822156511733,-0.0,0.0,-0.0018012831902089021,0.0
2011-05-10,0.0023308061884529272,0.0,0.0023308061884529272,113.51218122077258,0.001510196956149057,-0.0,0.003282436929215482,0.0
2011-05-11,0.0024104184976873584,0.0,0.0024104184976873584,113.78579308209997,0.0024354184976873583,0.0,-0.0001,0.0
2011-05-12,-0.0001,0.0,-0.0001,113.77441450279176,-0.0001,-0.0,-0.0,-0.0
2011-05-13,0.0017936243478451242,0.0,0.0017936243478451242,113.97848306280578,0.0017936243478451242,0.0,-0.0,-0.0
2011-05-16,-0.0001,0.0,-0.0001,113.96708521449949,-0.0001,-0.0,-0.0,-0.0
2011-05-17,0.0008585345190507078,0.0,0.0008585345190507078,114.06492989119172,0.0,-0.0,0.0019586012300609637,0.0014755368461418672
2011-05-18,-5e-05,0.0,-5e-05,114.05922664469716,0.0,0.0,-0.0001,-0.0001
2011-05-19,0.0,0.0,0.0,114.05922664469716,-0.0,0.0,-0.0,-0.0
2011-05-20,0.0,0.0,0.0,114.05922664469716,0.0,0.0,0.0,0.0
2011-05-23,0.0,0.0,0.0,114.05922664469716,-0.0,0.0,-0.0,-0.0
2011-05-24,0.0,0.0,0.0,114.05922664469716,-0.0,0.0,-0.0,-0.0
2011-05-25,0.002403834432361246,0.0,0.002403834432361246,114.33340614103417,0.0,0.0,0.004625963040218994,0.004989374689225989
2011-05-26,-5e-05,0.0,-5e-05,114.32768947072714,-0.0,-0.0,-0.0001,-0.0001
2011-05-27,0.0,0.0,0.0,114.32768947072714,0.0,-0.0,0.0,0.0
2011-05-30,0.0,0.0,0.0,114.32768947072714,0.0,-0.0,0.0,0.0
2011-05-31,0.0,0.0,0.0,114.32768947072714,0.0,0.0,-0.0,-0.0
2011-06-01,0.0,0.0,0.0,114.32768947072714,0.0,0.0,-0.0,-0.0
2011-06-02,0.005652279987477404,0.0,0.005652279987477404,114.97390158193706,0.005652279987477404,-0.0,-0.0,-0.0
2011-06-03,-0.0001,0.0,-0.0001,114.96240419177886,-0.0001,0.0,0.0,0.0
2011-06-06,-0.011765463960920163,0.0,-0.011765463960920163,113.60981816839974,-0.011765463960920163,-0.0,0.0,0.0
2011-06-07,0.004914457800257899,0.0,0.004914457800257899,114.16814882548334,0.004914457800257899,-0.0,-0.0,-0.0
2011-06-08,-0.0001,0.0,-0.0001,114.15673201060079,-0.0001,0.0,0.0,-0.0
2011-06-09,0.0,0.0,0.0,114.15673201060079,-0.0,-0.0,-0.0,-0.0
2011-06-10,0.0,0.0,0.0,114.15673201060079,-0.0,0.0,-0.0,-0.0
2011-06-13,0.0,0.0,0.0,114.15673201060079,-0.0,0.0,-0.0,-0.0
2011-06-14,0.002255081869230344,0.0,0.002255081869230344,114.41416478720849,0.0,-0.0,0.009020327476921376,0.0
2011-06-15,-2.5e-05,0.0,-2.5e-05,114.4113044330888,0.0,0.0,-0.0001,0.0
2011-06-16,0.0,0.0,0.0,114.4113044330888,-0.0,0.0,-0.0,-0.0
2011-06-17,0.000544603808605923,0.0,0.000544603808605923,114.47361326523063,0.0011069724492713707,-0.0,-0.0022494745626617904,-0.0
2011-06-20,0.00016289180394234447,0.0,0.00016289180394234447,114.49226007859919,-0.0001,-0.0,0.0010515672157693778,0.0
2011-06-21,-2.5e-05,0.0,-2.5e-05,114.4893977720972,0.0,0.0,-0.0001,-0.0
2011-06-22,0.0,0.0,0.0,114.4893977720972,0.0,-0.0,0.0,0.0
2011-06-23,0.0,0.0,0.0,114.4893977720972,-0.0,0.0,-0.0,-0.0
2011-06-24,-0.0005498665064281066,0.0,-0.0005498665064281066,114.42644388692122,-0.0,0.0,-0.0021994660257124263,-0.0
2011-06-27,-0.0009857209834812641,0.0,-0.0009857209834812641,114.31365134011675,-0.0,0.0,-0.0039428839339250565,-0.0
2011-06-28,-0.000355938513842835,0.0,-0.000355938513842835,114.2729627089468,0.0,0.0,-0.0001,-0.00132375405537134
2011-06-29,0.0018387064532712771,0.0,0.0018387064532712771,114.48307714291417,0.0,0.0,-0.0,0.0073548258130851085
2011-06-30,-2.5e-05,0.0,-2.5e-05,114.48021506598558,0.0,-0.0,0.0,-0.0001
2011-07-01,-0.0013466876369043867,0.0,-0.0013466876369043867,114.32604597568606,-0.0013466876369043867,-0.0,-0.0,0.0
2011-07-04,-0.002966221242837852,0.0,-0.002966221242837852,113.98692962950332,-0.002966221242837852,0.0,0.0,0.0
2011-07-05,-0.0009022711242330228,0.0,-0.0009022711242330228,113.88408251435864,-0.0009022711242330228,-0.0,0.0,-0.0
2011-07-06,-0.0001,0.0,-0.0001,113.8726941061072,-0.0001,0.0,-0.0,-0.0
2011-07-07,0.0,0.0,0.0,113.8726941061072,-0.0,-0.0,-0.0,0.0
2011-07-08,0.0,0.0,0.0,113.8726941061072,0.0,0.0,-0.0,0.0
2011-07-11,0.0,0.0,0.0,113.8726941061072,-0.0,-0.0,0.0,-0.0
2011-07-12,-0.011458938650533834,0.0,-0.011458938650533834,112.56783389037433,-0.011458938650533834,-0.0,-0.0,-0.0
2011-07-13,-0.005098694502251866,0.0,-0.005098694502251866,111.99388489458708,-0.005098694502251866,-0.0,0.0,-0.0
2011-07-14,0.0035398772597869765,0.00011271567071640292,0.0034271615890705738,112.37770603510862,0.01898855271265032,-0.0,0.0,0.0
2011-07-15,-1.4865627659624271e-05,7.553073964348542e-06,-2.2418701623972813e-05,112.37518667284783,-0.0001,0.0,-0.0,-0.0
2011-07-18,0.0,2.655967401732351e-10,-2.655967401732351e-10,112.37518664300134,-0.0,-0.0,-0.0,-0.0
2011-07-19,0.0,9.641671393707335e-07,-9.641671393707335e-07,112.3750782945391,-0.0,-0.0,-0.0,-0.0
2011-07-20,0.0,1.1067586500879135e-10,-1.1067586500879135e-10,112.3750782821019,0.0,0.0,0.0,0.0
2011-07-21,0.0,0.0,0.0,112.3750782821019,0.0,-0.0,0.0,0.0
2011-07-22,0.0,0.0,0.0,112.3750782821019,0.0,-0.0,0.0,0.0
2011-07-25,0.00032030514319764813,0.0,0.00032030514319764813,112.41107259764289,0.002087015222303801,-0.0,-0.0,0.0
2011-07-26,-1.5310345792385313e-05,7.435460124346205e-08,-1.5384700393628776e-05,112.40934318697005,-0.0001,-0.0,-0.0,0.0
2011-07-27,0.0,6.700485150755609e-07,-6.700485150755609e-07,112.40926786725656,0.0,-0.0,0.0,0.0
2011-07-28,0.0014571546123387982,3.398044686821311e-07,0.001456814807870116,112.57302735322743,0.009213591686237577,0.0,-0.0,0.0
2011-07-29,-1.521880134216639e-05,1.1929418841955392e-06,-1.6411743226361927e-05,112.5711798336083,-0.0001,-0.0,0.0,-0.0
2011-08-01,0.0,0.0,0.0,112.5711798336083,0.0,-0.0,0.0,0.0
2011-08-02,0.0,0.0,0.0,112.5711798336083,-0.0,0.0,-0.0,-0.0
2011-08-03,0.0,0.0,0.0,112.5711798336083,-0.0,-0.0,-0.0,-0.0
2011-08-04,0.0019135608366898731,0.0,0.0019135608366898731,112.78659163467786,0.012573663284427095,-0.0,0.0,0.0
2011-08-05,-1.4099133099649209e-05,2.2393364850343713e-06,-1.633846958468358e-05,112.78474887438088,-0.0001,0.0,-0.0,-0.0
2011-08-08,0.004212850413510801,1.6671960661966218e-06,0.004211183217444604,113.25970611602436,0.01603795902905979,-0.0,0.01103047122614641,-0.00451274537573344
2011-08-09,-0.012701218224671424,9.118698044467186e-06,-0.01271033692271589,111.82013709152191,-0.0001,-0.0,-0.0001,-0.024441909147928764
2011-08-10,-2.9158190828449455e-05,4.521878600881111e-05,-7.437697683726057e-05,111.81182024777554,0.0,-0.0,-0.0,-0.0001
2011-08-11,0.0,1.546488171403071e-08,-1.546488171403071e-08,111.81181851861896,-0.0,-0.0,-0.0,-0.0
2011-08-12,0.0032718414330636983,1.7750726330673095e-09,0.003271839657991065,112.17764886068029,0.0,0.0,0.0067156937424219685,0.0
2011-08-15,-4.6915556623307214e-05,3.6075597648124322e-06,-5.0523116388119646e-05,112.17198129627076,0.0,-0.0,-0.0001,0.0
2011-08-16,0.0,1.4611674472891912e-09,-1.4611674472891912e-09,112.1719811323687,0.0,0.0,0.0,0.0
2011-08-17,0.0006160906404739296,0.0,0.0006160906404739296,112.24108924006777,0.0026932347426847805,-0.0,0.0,-0.0
2011-08-18,-2.284601067108315e-05,5.89583782106079e-08,-2.2904969049293757e-05,112.23851836139266,-0.0001,-0.0,0.0,0.0
2011-08-19,0.0,1.934105120759977e-09,-1.934105120759977e-09,112.23851814431158,-0.0,0.0,-0.0,-0.0
2011-08-22,0.0,0.0,0.0,112.23851814431158,0.0,0.0,-0.0,0.0
2011-08-23,0.0,1.0475389961004362e-06,-1.0475389961004362e-06,112.23840057008697,-0.0,0.0,-0.0,0.0
2011-08-24,0.0,7.8489696699241e-09,-7.8489696699241e-09,112.23839968913116,0.0,-0.0,0.0,0.0
2011-08-25,0.0,0.0,0.0,112.23839968913116,-0.0,0.0,-0.0,-0.0
2011-08-26,0.0,0.0,0.0,112.23839968913116,-0.0,0.0,-0.0,-0.0
2011-08-29,0.0019003224578366016,0.0,0.0019003224578366016,112.45168884069207,0.0,-0.0,0.004003859806948051,0.0
2011-08-30,-0.0005259238537689357,1.2085849998660692e-06,-0.0005271324387688018,112.39241190770981,-0.0021189416515252743,0.0,-0.0001,0.0
2011-08-31,0.0014282025761841446,2.778860406891404e-07,0.0014279246901434555,112.5528998076576,0.006278454582239301,-0.0,-0.0,-0.0
2011-09-01,-2.2512668278480457e-05,4.7001767318008984e-07,-2.2982685951660546e-05,112.55031303970836,-0.0001,0.0,-0.0,0.0
2011-09-02,-0.001848191694812892,2.3898230691476257e-06,-0.0018505815178820396,112.34202951056523,-0.0,0.0,-0.004001282049965649,0.0
2011-09-05,-0.0022427198637470992,1.7611082157190401e-06,-0.0022444809719628185,112.08987996297708,-0.007419519554660148,0.0,-0.0009865596800119336,-0.0
2011-09-06,-0.0016281224633148258,1.0233697804446329e-06,-0.0016291458330952705,111.90726920210325,-0.006680009733646797,0.0,-0.0001,-0.0
2011-09-07,-0.0009912889011482082,8.088576422604687e-07,-0.0009920977587904688,111.79624625113549,-0.004256931171291445,0.0,-0.0,-0.0
2011-09-08,0.0023573381598611456,3.300070217199636e-07,0.002357008152839426,112.05975091500626,0.005887742654857808,0.003984023407374348,0.0,0.0
2011-09-09,-7.452921572070407e-05,0.00010892217490225602,-0.0001834513906229601,112.03919339786805,-0.0001,-0.0001,-0.0,-0.0
2011-09-12,0.0,4.03318007414111e-06,-4.03318007414111e-06,112.03874152362572,-0.0,-0.0,-0.0,-0.0
2011-09-13,0.0003157311415732789,2.3965950842405606e-09,0.0003157287449781947,112.0741153748759,0.0042713002964012035,-0.0,0.0,-0.0
2011-09-14,-7.353971712272949e-06,7.589848136269201e-08,-7.429870193635641e-06,112.07328267874661,-0.0001,-0.0,-0.0,-0.0
2011-09-15,0.0,3.720428109451668e-07,-3.720428109451668e-07,112.0732409826875,0.0,-0.0,-0.0,-0.0
2011-09-16,0.0,4.9412105446193514e-08,-4.9412105446193514e-08,112.0732354449127,0.0,0.0,0.0,0.0
2011-09-19,0.0,2.7647739694589005e-09,-2.7647739694589005e-09,112.07323513505554,-0.0,0.0,-0.0,-0.0
2011-09-20,0.0,0.0,0.0,112.07323513505554,-0.0,-0.0,-0.0,-0.0
2011-09-21,0.0,0.0,0.0,112.07323513505554,0.0,-0.0,0.0,0.0
2011-09-22,0.0,3.7679118914940163e-07,-3.7679118914940163e-07,112.073192906848,-0.0,0.0,-0.0,-0.0
2011-09-23,0.0,1.2501433419853673e-06,-1.2501433419853673e-06,112.07305279929207,-0.0,-0.0,-0.0,-0.0
2011-09-26,0.00034887148778629454,1.2796335993564557e-08,0.000348858691450301,112.11215045783848,0.004803966025155082,0.0,0.0,0.0
2011-09-27,-7.180700373396361e-06,8.721763207821698e-07,-8.05287669417853e-06,112.11124763251495,-0.0001,-0.0,0.0,-0.0
2011-09-28,0.0,1.8030765442156317e-09,-1.8030765442156317e-09,112.11124743036977,0.0,0.0,0.0,0.0
2011-09-29,0.0,1.8799560064074183e-08,-1.8799560064074183e-08,112.11124532272765,-0.0,-0.0,-0.0,-0.0
2011-09-30,0.0,6.870857574558798e-08,-6.870857574558798e-08,112.11123761972365,0.0,0.0,0.0,0.0
2011-10-03,0.0,1.1284335902857212e-08,-1.1284335902857212e-08,112.11123635462279,-0.0,0.0,-0.0,-0.0
2011-10-04,-0.000904975647303301,8.254379296232518e-10,-0.0009049764727412306,112.00977832339191,-0.012516606248372596,-0.0,-0.0,-0.0
2011-10-05,0.000696684328392737,8.500893270001864e-07,0.0006958342390657368,112.0877185622595,0.010237596474923283,0.0,0.0,0.0
2011-10-06,-6.605773054588011e-06,3.987642815342668e-07,-7.004537336122278e-06,112.08693343964991,-0.0001,0.0,-0.0,0.0
2011-10-07,0.0,5.955653825814866e-10,-5.955653825814866e-10,112.08693337289482,0.0,-0.0,-0.0,0.0
2011-10-10,0.0,6.592301472834836e-07,-6.592301472834836e-07,112.08685948180923,-0.0,0.0,0.0,0.0
2011-10-11,0.0,1.7094676715849466e-07,-1.7094676715849466e-07,112.08684032092296,0.0,-0.0,0.0,0.0
2011-10-12,0.0,2.0101321142199633e-06,-2.0101321142199633e-06,112.08661501156566,0.0,0.0,-0.0,-0.0
2011-10-13,0.0,1.0269340173868492e-09,-1.0269340173868492e-09,112.0866148964601,0.0,0.0,0.0,0.0
2011-10-14,0.002792258112169884,0.0,0.002792258112169884,112.3995896561704,0.003993249366850182,0.003787056887426521,7.312382448775309e-05,0.0004483135457030608
2011-10-17,-0.0023791902867885857,1.4962048273306207e-05,-0.002394152335061892,112.1304879161351,-0.0001,-0.0001,-0.0001,-0.018522807999180158
2011-10-18,0.00282704077120094,4.247988294743614e-06,0.0028227927829061967,112.4470090481685,-0.0,-0.0,0.0050327751453857926,0.016638278610682566
2011-10-19,-3.08089776032322e-05,3.4657468343030146e-06,-3.427472443753521e-05,112.44315495791955,-0.0,-0.0,-0.0001,-0.0001
2011-10-20,0.0,6.1885873141862004e-09,-6.1885873141862004e-09,112.44315426205527,0.0,0.0,0.0,-0.0
2011-10-21,0.0,1.381989759506458e-08,-1.381989759506458e-08,112.44315270810239,0.0,0.0,0.0,-0.0
2011-10-24,0.0,1.31140776711558e-09,-1.31140776711558e-09,112.44315256064357,0.0,-0.0,0.0,0.0
2011-10-25,-0.0007492781999411816,0.0,-0.0007492781999411816,112.35890135769722,0.0,-0.0,-0.003459340406431821,0.0
2011-10-26,0.00010106084149910581,1.2241637359584793e-06,9.983667776314733e-05,112.37011889712589,0.0011792294072749843,-0.0,-0.00011193099446749066,-0.0
2011-10-27,0.0004999460955796417,5.355991606918742e-09,0.0004999407395880347,112.4262972974749,-0.0001,0.0,0.0024258439561495315,-0.0
2011-10-28,-2.0888416227802222e-05,3.127845255551279e-07,-2.120120075335735e-05,112.42391372497596,0.0,-0.0,-0.0001,0.0
2011-10-31,-9.139889626474625e-05,5.1476953472032185e-09,-9.140404396009345e-05,112.41363772462367,0.002289662206743304,-0.0,-0.0015984361711909422,-0.0
2011-11-01,0.002076942634628567,2.3769788276132855e-07,0.002076704936745806,112.64708768104394,0.0198059242163251,0.0,-0.0001,-0.0
2011-11-02,-5.4359495767251815e-05,1.977341314227463e-06,-5.633683708147928e-05,112.64074150041756,-0.0001,-7.447385450444202e-05,-0.0,-0.0
2011-11-03,0.0012814674027328533,1.9094694160889936e-08,0.0012814483080386923,112.78508478802951,0.0,0.002132656723816795,-0.0,-0.0
2011-11-04,-5.3254242253658535e-05,1.45858046557032e-05,-6.784004690936173e-05,112.77743344258681,0.0,-0.0001,0.0,0.0
2011-11-07,0.0,6.163239012041796e-06,-6.163239012041796e-06,112.77673836830935,-0.0,0.0,-0.0,-0.0
2011-11-08,0.0,8.411564055149646e-11,-8.411564055149646e-11,112.77673835882307,-0.0,-0.0,0.0,-0.0
2011-11-09,0.0,0.0,0.0,112.77673835882307,0.0,-0.0,0.0,0.0
2011-11-10,0.0,9.170990829200056e-06,-9.170990829200056e-06,112.77570408438984,-0.0,0.0,-0.0,-0.0
2011-11-11,0.0,3.362319680300097e-09,-3.362319680300097e-09,112.77570370520186,0.0,-0.0,0.0,0.0
2011-11-14,0.0,0.0,0.0,112.77570370520186,0.0,-0.0,0.0,0.0
2011-11-15,0.0,4.639173788143214e-08,-4.639173788143214e-08,112.775698473341,-0.0,-0.0,-0.0,-0.0
2011-11-16,0.0,8.274479092504339e-10,-8.274479092504339e-10,112.77569838002496,-0.0,-0.0,-0.0,-0.0
2011-11-17,-0.0004622309945657717,0.0,-0.0004622309945657717,112.72356995679993,-0.004992592606321356,0.0,-0.0,-0.0
2011-11-18,0.00011548760863321841,2.589391358582466e-07,0.00011522866949736017,112.73655894378705,0.0012650816014883048,-0.0,0.0,-0.0
2011-11-21,-9.12542942757319e-06,6.873847211009976e-09,-9.1323032747842e-06,112.73552939934062,-0.0001,-0.0,0.0,0.0
2011-11-22,0.0,6.860539086384066e-10,-6.860539086384066e-10,112.73552932199797,-0.0,0.0,-0.0,-0.0
2011-11-23,0.0,0.0,0.0,112.73552932199797,0.0,0.0,0.0,-0.0
2011-11-24,0.0,0.0,0.0,112.73552932199797,-0.0,0.0,-0.0,-0.0
2011-11-25,-0.000147043244915628,5.05436978186279e-06,-0.0001520976146974908,112.71838251689643,-0.0016730560383468984,-0.0,-0.0,0.0
2011-11-28,-8.797473326243999e-06,1.7143931556126703e-08,-8.814617257800126e-06,112.71738894749663,-0.0001,0.0,0.0,0.0
2011-11-29,0.0,3.1594229471949707e-07,-3.1594229471949707e-07,112.7173533353061,0.0,0.0,0.0,0.0
2011-11-30,0.0,5.315041184394964e-10,-5.315041184394964e-10,112.71735327539638,0.0,-0.0,0.0,0.0
2011-12-01,0.0,6.689306531350431e-06,-6.689306531350431e-06,112.7165992744689,0.0,-0.0,0.0,0.0
2011-12-02,0.0,7.637140511047747e-07,-7.637140511047747e-07,112.71651319121825,0.0,0.0,-0.0,-0.0
2011-12-05,0.0,4.982952284598067e-07,-4.982952284598067e-07,112.71645702511756,-0.0,0.0,-0.0,0.0
2011-12-06,0.0,2.3765999957470476e-07,-2.3765999957470476e-07,112.71643023692444,-0.0,-0.0,0.0,0.0
2011-12-07,0.0,1.4593086670852482e-05,-1.4593086670852482e-05,112.71478535628876,0.0,-0.0,-0.0,-0.0
2011-12-08,0.0,3.711266420253906e-08,-3.711266420253906e-08,112.71478117314277,-0.0,-0.0,0.0,0.0
2011-12-09,0.0,0.0,0.0,112.71478117314277,-0.0,0.0,-0.0,-0.0
2011-12-12,0.0,1.5089523246272637e-07,-1.5089523246272637e-07,112.71476416501966,0.0,-0.0,0.0,0.0
2011-12-13,0.0,8.825130379322421e-10,-8.825130379322421e-10,112.71476406554741,-0.0,0.0,-0.0,-0.0
2011-12-14,-0.0009460671162681467,0.0,-0.0009460671162681467,112.60812833374708,-0.011635031615962476,0.0,-0.0,-0.0
2011-12-15,-0.00017884194715745815,1.294946603312644e-06,-0.0001801368937607708,112.58784345529682,-0.002389746076545851,0.0,-0.0,-0.0
2011-12-16,0.00023903747443630057,5.221561695530203e-08,0.00023898525881934526,112.6147502902049,0.0032052808842837344,-0.0,0.0,0.0
2011-12-19,-7.42161580101213e-06,7.199630254780126e-08,-7.493612103559931e-06,112.61390639894906,-0.0001,-0.0,0.0,0.0
2011-12-20,0.0,3.9701161320127023e-10,-3.9701161320127023e-10,112.61390635424003,-0.0,0.0,-0.0,-0.0
2011-12-21,0.0,0.0,0.0,112.61390635424003,0.0,-0.0,0.0,0.0
2011-12-22,0.0,0.0,0.0,112.61390635424003,-0.0,0.0,0.0,-0.0
2011-12-23,0.0,1.7129503785098256e-07,-1.7129503785098256e-07,112.61388706403667,0.0,0.0,0.0,0.0
2011-12-26,0.0,2.875932360840716e-10,-2.875932360840716e-10,112.61388703164967,-0.0,-0.0,-0.0,0.0
2011-12-27,0.0,0.0,0.0,112.61388703164967,0.0,-0.0,0.0,0.0
2011-12-28,0.0,0.0,0.0,112.61388703164967,0.0,-0.0,0.0,-0.0
2011-12-29,0.0,0.0,0.0,112.61388703164967,-0.0,0.0,-0.0,-0.0
2011-12-30,0.00015978255479992957,0.0,0.00015978255479992957,112.63188076622555,0.002128388367563783,-0.0,-0.0,0.0
2012-01-02,-8.254029747089365e-06,1.493642272680615e-06,-9.74767201976998e-06,112.63078286759287,-0.0001,-0.0,0.0,0.0
2012-01-03,0.0,1.198831121922149e-06,-1.198831121922149e-06,112.63064784230508,-0.0,-0.0,0.0,0.0
2012-01-04,-0.0009920890413115057,6.676345216366508e-10,-0.0009920897089460274,112.51890813566881,0.0,-0.0,0.0,-0.011413614376367908
2012-01-05,0.00022109433148499797,1.4292976767699445e-06,0.00021966503380822802,112.54362460542848,-0.0,-0.0,-0.0,0.002771471807985204
2012-01-06,0.0006462463049259463,8.469973593353137e-08,0.0006461616051900128,112.61634597455743,-0.0,0.0,-0.0,0.008144090540052495
2012-01-09,-0.0008264008062419826,6.167721469759219e-07,-0.0008270175783889586,112.52321027682252,-0.009141076492530386,-0.0,-0.0,-0.0001
2012-01-10,0.0006350339659753688,1.0648269572841804e-06,0.0006339691390180847,112.59454651956126,0.007537788594455419,-0.0,0.0,0.0
2012-01-11,-8.130299635978998e-06,5.887447503055643e-07,-8.719044386284562e-06,112.59356480271252,-0.0001,-0.0,0.0,0.0
2012-01-12,0.0,3.329638228487815e-05,-3.329638228487815e-05,112.58981584433603,-0.0,0.0,-0.0,0.0
2012-01-13,0.0,2.948832430780189e-06,-2.948832430780189e-06,112.5894838358357,0.0,-0.0,0.0,0.0
2012-01-16,0.0,1.7773735750102723e-05,-1.7773735750102723e-05,112.58748270010175,-0.0,0.0,-0.0,-0.0
2012-01-17,0.0,6.460331467617042e-10,-6.460331467617042e-10,112.58748262736651,0.0,-0.0,0.0,0.0
2012-01-18,0.0,0.0,0.0,112.58748262736651,0.0,0.0,0.0,0.0
2012-01-19,0.0,0.0,0.0,112.58748262736651,0.0,-0.0,0.0,0.0
2012-01-20,-0.00036170848237299374,0.0,-0.00036170848237299374,112.54675877989115,-0.0077882622663072556,0.0,0.0,-0.0
2012-01-23,0.00023976238601368266,1.9198582033061295e-05,0.00022056380398062137,112.57158252113335,0.006184743844909191,-0.0,0.0,0.0
2012-01-24,-0.0008448763465442036,1.704642271728181e-07,-0.0008450468107713765,112.47645426434039,-0.0001,0.0,-0.0022499058591836205,0.0
2012-01-25,-0.0012440135419270616,3.215024109972918e-06,-0.0012472285660370345,112.33617041757536,-0.0011823781462103721,0.0,-0.0030785224469600525,-0.0
2012-01-26,-0.0006584817760778976,1.7871485136714288e-05,-0.0006763532612146119,112.26019148236107,-0.0001,0.0,-0.0021768518173121976,0.0
2012-01-27,0.0022334870827618635,2.4646620212785553e-06,0.0022310224207405848,112.51064648651486,-0.0,0.003886081676414566,-0.0001,0.0
2012-01-30,-3.9375974130657034e-05,3.767945102647653e-05,-7.705542515713357e-05,112.50197693081515,0.0,-0.0001,0.0,0.0
2012-01-31,0.0,1.1053296439322846e-08,-1.1053296439322846e-08,112.50197568729745,-0.0,-0.0,-0.0,-0.0
2012-02-01,0.0,6.030731130758839e-06,-6.030731130758839e-06,112.5012972181304,-0.0,-0.0,0.0,0.0
2012-02-02,0.0,3.584218640727971e-08,-3.584218640727971e-08,112.50129318583792,0.0,-0.0,0.0,0.0
2012-02-03,0.0009268891900851374,0.0,0.0009268891900851374,112.60556941836248,-0.0,-0.0,0.0024283793691708302,-0.0
2012-02-06,-3.4714118848037084e-05,6.909850318701182e-06,-4.162396916673827e-05,112.60088232761301,-0.0,0.0,-0.0001,0.0
2012-02-07,0.0,6.036040634560536e-09,-6.036040634560536e-09,112.6008816479495,-0.0,-0.0,0.0,-0.0
2012-02-08,0.0,0.0,0.0,112.6008816479495,0.0,0.0,0.0,0.0
2012-02-09,0.0017135734045555279,0.0,0.0017135734045555279,112.79383152407092,-0.0001,0.0,0.004960087318046413,-0.0
2012-02-10,-0.00023921121698388436,1.4895422228744388e-05,-0.0002541066392126288,112.76516986261842,-0.0022573974802051477,0.0,-0.0001,-0.0
2012-02-13,0.00029339967279638866,7.268199240543644e-08,0.00029332699080398324,112.79824693056173,0.0031371504091429747,0.0,-0.0,-0.0
2012-02-14,-9.23634498964429e-06,2.3216216559415333e-07,-9.468507155238444e-06,112.79717889955356,-0.0001,-0.0,-0.0,-0.0
2012-02-15,0.0,4.482097185783615e-07,-4.482097185783615e-07,112.79712834276174,-0.0,0.0,-0.0,-0.0
2012-02-16,0.0,4.512609686709579e-08,-4.512609686709579e-08,112.7971232526676,-0.0,0.0,-0.0,-0.0
2012-02-17,0.0004896713698976412,7.674219471801025e-10,0.000489670602475694,112.85235668796827,0.005163877657477822,0.0,0.0,0.0
2012-02-20,-9.197351809298275e-06,5.705547541903111e-07,-9.767906563488587e-06,112.85125435669268,-0.0001,0.0,0.0,0.0
2012-02-21,0.0,3.8656917896034983e-10,-3.8656917896034983e-10,112.85125431306786,-0.0,-0.0,-0.0,-0.0
2012-02-22,0.0,0.0,0.0,112.85125431306786,0.0,0.0,-0.0,-0.0
2012-02-23,-0.0005824578674534118,4.449197063253613e-08,-0.0005825023594240444,112.78551819116653,0.0,0.0,-0.0,-0.004318033237261776
2012-02-24,0.001260466208663711,9.838877307096637e-07,0.0012594823209330012,112.92756955738558,0.0,-0.0,0.0,0.009698118326288752
2012-02-27,-0.0006825654435400509,3.7335218407246603e-06,-0.0006862989653807755,112.85006748323538,-0.007089364197030668,0.0,0.0,-0.0001
2012-02-28,0.0013375430007743043,8.691481958874148e-07,0.001336673852578417,113.00091121770193,0.0044911812204059265,-0.0,0.0033040963060760767,0.0
2012-02-29,-3.5406040499529274e-05,3.7763855748796928e-06,-3.918242607440897e-05,112.99648356785181,-0.0001,0.0,-0.0001,0.0
2012-03-01,0.0,6.190544324820302e-09,-6.190544324820302e-09,112.99648286834207,-0.0,0.0,0.0,-0.0
2012-03-02,0.0,0.0,0.0,112.99648286834207,0.0,-0.0,0.0,0.0
2012-03-05,0.0,0.0,0.0,112.99648286834207,-0.0,0.0,-0.0,-0.0
2012-03-06,0.0,0.0,0.0,112.99648286834207,0.0,-0.0,0.0,-0.0
2012-03-07,0.0,0.0,0.0,112.99648286834207,-0.0,-0.0,-0.0,-0.0
2012-03-08,0.000124567334086864,0.0,0.000124567334086864,113.01055853897417,0.0011614600562177447,0.0,0.0,0.00016434488444126992
2012-03-09,0.0008167916669624335,2.791765990459577e-08,0.000816763749302529,113.10286146647725,-0.0001,0.0,0.0,0.007174452196110792
2012-03-12,-1.0791289494671135e-05,1.4400619013553176e-06,-1.2231351396026453e-05,113.10147806563475,-0.0,0.0,-0.0,-0.0001
2012-03-13,-0.00031628691427730484,2.708070992820587e-06,-0.00031899498527012543,113.06539926130519,0.0,-0.0,-0.0,-0.002975465485724593
2012-03-14,9.959110526571944e-05,2.6832995753213466e-07,9.93227753081873e-05,113.07662923055115,-0.0,0.0,0.0,0.0009488784921705129
2012-03-15,-1.0472640558959927e-05,2.6319688671773147e-07,-1.0735837445677659e-05,113.07541525824082,-0.0,0.0,-0.0,-0.0001
2012-03-16,0.001254050784991557,1.071862605397933e-09,0.0012540497131289516,113.21721745030737,0.004216057842443488,-0.0,0.0,0.007654049072210112
2012-03-19,-2.0455274786317913e-05,1.4997199127833899e-06,-2.1954994699101302e-05,113.2147317668984,-0.0001,-0.0,0.0,-0.0001
2012-03-20,0.0,1.8084478174029696e-09,-1.8084478174029696e-09,113.21473156215546,0.0,-0.0,0.0,-0.0
2012-03-21,0.0,0.0,0.0,113.21473156215546,0.0,0.0,-0.0,-0.0
2012-03-22,0.0,0.0,0.0,113.21473156215546,-0.0,-0.0,0.0,-0.0
2012-03-23,0.0,0.0,0.0,113.21473156215546,-0.0,-0.0,-0.0,-0.0
2012-03-26,0.0008174111758363302,0.0,0.0008174111758363302,113.3072745490037,0.0,0.0,0.0,0.008280352141658776
2012-03-27,-9.283248087713986e-06,1.1768954545946732e-06,-1.046014354230866e-05,113.30608933864752,0.0,0.0,0.0,-0.0001
2012-03-28,0.0002392203450492153,1.5514141534431203e-09,0.00023921879363506186,113.33319428465063,0.0022458081728527926,0.0,-0.0,-0.0
2012-03-29,-1.0645630348367504e-05,1.2459535553564772e-08,-1.065808988392107e-05,113.33198636927912,-0.0001,-0.0,-0.0,-0.0
2012-03-30,0.0,0.0,0.0,113.33198636927912,-0.0,-0.0,0.0,-0.0
2012-04-02,0.0,0.0,0.0,113.33198636927912,0.0,0.0,0.0,0.0
2012-04-03,0.0,3.037865918263491e-06,-3.037865918263491e-06,113.33164208190027,-0.0,-0.0,0.0,0.0
2012-04-04,0.0,1.2521205932529006e-07,-1.2521205932529006e-07,113.33162789141198,-0.0,0.0,-0.0,-0.0
2012-04-05,0.0,1.8434451532208977e-06,-1.8434451532208977e-06,113.33141897077184,-0.0,-0.0,-0.0,-0.0
2012-04-06,-0.0007104538915486816,2.5518660072868986e-06,-0.0007130057575559684,113.25061301653369,-0.006109956796803495,-0.0,-0.0,0.0
2012-04-09,0.00012787108727514785,5.905300234975042e-07,0.00012728055725165036,113.26502761766753,0.0010724677616409384,-0.0,0.0,-0.0
2012-04-10,0.0019058435548117152,4.1091172478736896e-08,0.0019058024636392364,113.48088838634543,-0.0001,0.00374846801423544,0.0,0.0
2012-04-11,-4.318870093903706e-05,1.594419043319765e-05,-5.913289137223471e-05,113.47417793329964,-0.0,-0.0001,-0.0,-0.0
2012-04-12,0.001636849542608165,2.9291433985914606e-08,0.0016368202511741789,113.65991476572621,0.0,0.0037912805137016894,0.0,0.0
2012-04-13,-3.8537208541617155e-05,9.273693360853896e-06,-4.781090190247105e-05,113.65448058269112,0.0,-0.0001,0.0,0.0
2012-04-16,0.0,2.5912314538384387e-08,-2.5912314538384387e-08,113.65447763764047,-0.0,-0.0,-0.0,-0.0
2012-04-17,0.0,0.0,0.0,113.65447763764047,0.0,-0.0,0.0,0.0
2012-04-18,0.0,0.0,0.0,113.65447763764047,0.0,0.0,0.0,0.0
2012-04-19,0.0,3.4129381625167626e-06,-3.4129381625167626e-06,113.6540897419364,-0.0,0.0,0.0,-0.0
2012-04-20,0.0,2.730820974343651e-06,-2.730820974343651e-06,113.65377937296432,0.0,0.0,0.0,-0.0
2012-04-23,0.0,1.9813656859786535e-06,-1.9813656859786535e-06,113.6535541832658,0.0,-0.0,0.0,0.0
2012-04-24,0.0006735348278332461,4.408512277355611e-06,0.0006691263155558905,113.72960276722625,0.0038981063454579415,-0.0,-0.0,-0.0
2012-04-25,-1.6357343024414838e-05,3.335349937978299e-06,-1.9692692962393136e-05,113.72736312507823,-0.0001,0.0,0.0,0.0
2012-04-26,0.0,9.540522463995675e-06,-9.540522463995675e-06,113.72627810661555,0.0,-0.0,0.0,0.0
2012-04-27,0.0,2.871786741693999e-08,-2.871786741693999e-08,113.72627484063938,-0.0,-0.0,0.0,0.0
2012-04-30,0.0,0.0,0.0,113.72627484063938,0.0,-0.0,0.0,0.0
2012-05-01,4.8996572648196076e-06,0.0,4.8996572648196076e-06,113.7268320604081,3.233948480884105e-05,-0.0,-0.0,-0.0
2012-05-02,-1.5150977472764607e-05,5.615016848370403e-10,-1.5151538974449445e-05,113.7251089238797,-0.0001,0.0,-0.0,-0.0
2012-05-03,0.0,3.1323309616964974e-06,-3.1323309616964974e-06,113.72475269919991,-0.0,-0.0,-0.0,-0.0
2012-05-04,0.0,2.322530854830113e-08,-2.322530854830113e-08,113.72475005790743,0.0,0.0,-0.0,-0.0
2012-05-07,0.0,0.0,0.0,113.72475005790743,-0.0,-0.0,-0.0,-0.0
2012-05-08,0.0010266655902700865,0.0,0.0010266655902700865,113.84150734555394,0.006940242522568629,0.0,0.0,0.0
2012-05-09,-1.0560177579197295e-05,2.921107896889963e-05,-3.977125654809693e-05,113.83697972575948,-0.0001,-0.0,-0.0,-0.0
2012-05-10,0.0,2.4747306932011714e-07,-2.4747306932011714e-07,113.8369515541727,-0.0,-0.0,-0.0,-0.0
2012-05-11,-2.4899974164756806e-05,3.518671535130344e-07,-2.525184131826984e-05,113.83407696153589,-0.00022928474573614678,0.0,-0.0,0.0
2012-05-14,-1.0857557283399514e-05,4.580814428715996e-09,-1.086213809782823e-05,113.8328404800717,-0.0001,0.0,-0.0,-0.0
2012-05-15,0.00058269281324191,2.515590312673899e-09,0.0005826902976515973,113.89916977177354,-0.0,-0.0,0.001187805560935551,-0.0
2012-05-16,-4.766615706099309e-05,2.780177081197595e-06,-5.044633414219069e-05,113.89342397619673,-0.0,0.0,-0.0001,-0.0
2012-05-17,-0.002062644985396177,1.217955274447459e-06,-0.002063862940670625,113.65836355926618,-0.0004819007857326362,0.0,-0.004239349937212211,-0.0
2012-05-18,-0.003096729374940022,2.2311593818094957e-05,-0.003119040968758117,113.30385846688283,-0.0001,-0.0,-0.008524109488728615,-0.0
2012-05-21,-2.3611059724864924e-05,2.5101841982195905e-05,-4.871290170706083e-05,113.29833910716229,0.0,-0.0,-0.0001,-0.0
2012-05-22,0.0,3.0203527069644354e-09,-3.0203527069644354e-09,113.29833876496134,0.0,0.0,0.0,0.0
2012-05-23,0.0,9.855616738338458e-07,-9.855616738338458e-07,113.29822710246094,-0.0,0.0,-0.0,-0.0
2012-05-24,0.0,5.146314382069773e-06,-5.146314382069773e-06,113.29764403416533,-0.0,-0.0,-0.0,-0.0
2012-05-25,-0.0003943318208614908,4.58700955663584e-06,-0.00039891883041812663,113.2524474705181,-0.0021056698561503604,0.0,-0.0,0.0
2012-05-28,0.0005066805229295044,2.7172962189489533e-06,0.0005039632267105555,113.30952253937821,0.002639503217670258,-0.0,0.0,0.0
2012-05-29,-1.8847568411508824e-05,6.969757182751085e-07,-1.9544544129783933e-05,113.30730795641462,-0.0001,-0.0,-0.0,0.0
2012-05-30,0.0,5.5515374734305125e-09,-5.5515374734305125e-09,113.30730732738485,-0.0,-0.0,-0.0,0.0
2012-05-31,0.0,0.0,0.0,113.30730732738485,-0.0,-0.0,-0.0,-0.0
2012-06-01,-0.002646723584911517,0.0,-0.002646723584911517,113.00741420473865,-0.0010890511736446728,-0.005848175120786847,-0.0,0.0
2012-06-04,-5.410040548022496e-05,1.8938303526361126e-05,-7.303870900658608e-05,112.99916028909698,-0.0001,-0.0001,-0.0,-0.0
2012-06-05,0.0,6.765087941595916e-09,-6.765087941595916e-09,112.99915952464772,0.0,0.0,0.0,0.0
2012-06-06,0.0,1.2208073063063595e-07,-1.2208073063063595e-07,112.99914572962777,-0.0,0.0,0.0,0.0
2012-06-07,0.0,4.883147951118022e-06,-4.883147951118022e-06,112.99859393808083,0.0,0.0,0.0,0.0
2012-06-08,0.0,6.653073653667407e-09,-6.653073653667407e-09,112.99859318629287,-0.0,0.0,0.0,0.0
2012-06-11,0.0,1.357170684968917e-06,-1.357170684968917e-06,112.99843982791475,0.0,-0.0,0.0,0.0
2012-06-12,0.005139113491514417,5.782281984715032e-08,0.005139055668694569,113.57914510066604,0.013126840114712535,-0.0,-0.0,0.010765321523925276
2012-06-13,-3.471037901939619e-05,1.6827249194620925e-05,-5.1537628214017114e-05,113.57329150091297,-0.0001,0.0,0.0,-0.0001
2012-06-14,0.0,3.905960829048025e-06,-3.905960829048025e-06,113.57284788808515,0.0,-0.0,-0.0,-0.0
2012-06-15,0.0,7.549766319017714e-09,-7.549766319017714e-09,113.57284703063668,0.0,0.0,0.0,0.0
2012-06-18,-0.0020450916039402114,0.0,-0.0020450916039402114,113.34058015473873,0.0,-0.0,0.0,-0.010001947037735725
2012-06-19,0.0019671427149936444,6.9764277205435465e-06,0.001960166287273101,113.56274653893801,0.008340444549783877,-0.0,0.0017822890819799598,0.00014155110784663805
2012-06-20,-0.0012289959080740399,2.5172753087305462e-06,-0.0012315131833827704,113.42289251943416,-0.0001,0.0,-0.0001,-0.006821937563234126
2012-06-21,9.523314997748585e-06,2.1771959842976473e-06,7.3461190134509376e-06,113.42372573750146,0.0,0.0,0.0007795203482168112,-0.0014070556499989895
2012-06-22,0.0026349985387632384,3.268485595822904e-06,0.0026317300531674154,113.72222636526708,-0.0,0.0,-0.0001,0.01489584436714031
2012-06-25,-1.3833136213384706e-05,8.113912401390103e-06,-2.194704861477481e-05,113.71973049803645,-0.0,0.0,-0.0,-0.0001
2012-06-26,0.0,1.2504440108617733e-07,-1.2504440108617733e-07,113.71971627802087,-0.0,-0.0,-0.0,-0.0
2012-06-27,0.0,3.5232364549997456e-09,-3.5232364549997456e-09,113.7197158773594,-0.0,-0.0,0.0,0.0
2012-06-28,0.0,0.0,0.0,113.7197158773594,-0.0,0.0,-0.0,0.0
2012-06-29,0.0,0.0,0.0,113.7197158773594,-0.0,-0.0,-0.0,-0.0
2012-07-02,0.0,0.0,0.0,113.7197158773594,0.0,0.0,0.0,0.0
2012-07-03,1.7552666907101965e-06,0.0,1.7552666907101965e-06,113.71991548578875,-0.0,-0.0,0.0,1.269897393895167e-05
2012-07-04,-0.0007012077507531814,6.901867932174178e-11,-0.0007012078197718608,113.64017419178631,0.0,0.0,0.0,-0.005073073378445203
2012-07-05,-1.3359232840259863e-05,1.965920093604243e-06,-1.5325152933864106e-05,113.63843263873738,-0.0,0.0,-0.0,-0.0001
2012-07-06,0.0,5.17576485847826e-09,-5.17576485847826e-09,113.63843205057158,-0.0,-0.0,-0.0,0.0
2012-07-09,-0.0016147610391876502,6.107293960784632e-06,-0.001620868333148435,113.45423911463217,-0.009794457020169466,-0.0,-0.0,-0.0
2012-07-10,0.0005560330675664061,3.850754199897999e-06,0.0005521823133665081,113.51688653884773,0.003818619600440387,0.0,0.0,0.0
2012-07-11,-1.3256983918354108e-05,9.213514317574569e-06,-2.2470498235928677e-05,113.51433575784901,-0.0001,-0.0,-0.0,-0.0
2012-07-12,0.0,6.1171810115001614e-09,-6.1171810115001614e-09,113.51433506346129,-0.0,0.0,-0.0,0.0
2012-07-13,0.0,0.0,0.0,113.51433506346129,-0.0,-0.0,-0.0,-0.0
2012-07-16,0.0,0.0,0.0,113.51433506346129,0.0,-0.0,0.0,0.0
2012-07-17,0.0,0.0,0.0,113.51433506346129,0.0,-0.0,0.0,0.0
2012-07-18,0.0,0.0,0.0,113.51433506346129,0.0,0.0,0.0,0.0
2012-07-19,0.00027804933406271943,0.0,0.00027804933406271943,113.54589764873224,-0.0,-0.0,0.0009952774152305222,0.0
2012-07-20,-2.780239137159889e-05,2.6895252051637454e-07,-2.8071343892115264e-05,113.54271026279179,-0.0,-0.0,-0.0001,0.0
2012-07-23,0.001921162281356615,3.483795140758778e-07,0.0019208139018425392,113.76080467911744,-0.0,-0.0,0.0069235544544461345,-0.0
2012-07-24,-7.240688892229857e-05,7.9030460793978e-06,-8.030993500169638e-05,113.75166855628791,-0.0003425060518382871,-0.0,-0.0001,-0.0
2012-07-25,-0.0007289989761008245,9.941644446137544e-09,-0.0007290089177452707,113.66874257550197,-0.005138304749778166,-0.0,-0.0,-0.0
2012-07-26,0.0008960874593336054,8.335563021279274e-07,0.0008952539030314774,113.77050496094539,0.006507174782590219,-0.0,-0.0,0.0
2012-07-27,-1.3275270827548483e-05,9.90979489565219e-07,-1.4266250317113702e-05,113.76888188244291,-0.0001,0.0,0.0,0.0
2012-07-30,0.0,2.3805285009809165e-09,-2.3805285009809165e-09,113.76888161161285,0.0,0.0,0.0,0.0
2012-07-31,0.0,1.8758500437338065e-09,-1.8758500437338065e-09,113.7688813981995,-0.0,-0.0,-0.0,0.0
2012-08-01,0.0,0.0,0.0,113.7688813981995,0.0,0.0,-0.0,-0.0
2012-08-02,0.0,0.0,0.0,113.7688813981995,-0.0,0.0,-0.0,-0.0
2012-08-03,0.0,0.0,0.0,113.7688813981995,-0.0,-0.0,-0.0,-0.0
2012-08-06,0.0,1.145405156419918e-06,-1.145405156419918e-06,113.7687510867361,0.0,0.0,0.0,0.0
2012-08-07,0.0004151091878520572,1.5426324334516518e-09,0.0004151076452196237,113.8159773650993,0.0029975045396943736,-0.0,-0.0,0.0
2012-08-08,-1.3746317655309568e-05,2.0434945487394774e-07,-1.3950667110183516e-05,113.81438955628727,-0.0001,0.0,0.0,-0.0
2012-08-09,0.0,3.0962551865715284e-09,-3.0962551865715284e-09,113.81438920388887,-0.0,-0.0,0.0,0.0
2012-08-10,0.0,1.7849765684890828e-09,-1.7849765684890828e-09,113.81438900073285,-0.0,0.0,-0.0,0.0
2012-08-13,0.0,1.8944065503760654e-07,-1.8944065503760654e-07,113.81436743966043,-0.0,-0.0,0.0,-0.0
2012-08-14,0.0,1.2824539664391123e-10,-1.2824539664391123e-10,113.81436742506426,0.0,0.0,0.0,-0.0
2012-08-15,0.0,2.4708393919158632e-06,-2.4708393919158632e-06,113.81408620804186,-0.0,0.0,-0.0,-0.0
2012-08-16,0.0,1.8671257035358487e-05,-1.8671257035358487e-05,113.81196115598402,-0.0,0.0,0.0,0.0
2012-08-17,-0.0014464044067594543,1.8505639859060786e-08,-0.0014464229123993134,113.64734092766291,0.0,-0.003391583026485023,0.0,0.0
2012-08-20,-3.931484644545411e-05,6.664070845047411e-06,-4.597891729050152e-05,113.6421155459741,-0.0,-0.0001,-0.0,-0.0
2012-08-21,0.00015284419816305827,1.066380338067552e-08,0.0001528335343596776,113.6594838721451,0.0,-0.0,0.0,0.0013214132102456922
2012-08-22,-1.1550520675164457e-05,3.2403506732833767e-08,-1.158292418189729e-05,113.65816736296085,0.0,-0.0,0.0,-0.0001
2012-08-23,-0.0005963139030852632,1.4458820660808864e-07,-0.0005964584912918712,113.59037498393253,-0.004737719211751046,-0.0,0.0,0.0
2012-08-24,-0.00026365650963781147,4.791206426386655e-07,-0.00026413563028045015,113.56037171864237,-0.0021353964815837845,0.0,-0.0,-0.0
2012-08-27,0.00023837754822471282,1.2664288624543996e-07,0.00023825090533846738,113.58742758001492,0.004526565492988022,0.0,-0.0,-0.002742905918993965
2012-08-28,-0.0004424613383718424,5.019392588272054e-07,-0.0004429632776306696,113.53711252079644,-0.0001,0.0,-0.0,-0.003731801994518502
2012-08-29,9.818421864057611e-05,2.6477670394382676e-07,9.791944193663228e-05,113.54823001149357,0.0,-0.0,0.0,0.0008612351162669007
2012-08-30,-0.00026822231836916955,3.372916678129404e-05,-0.0003019514851504636,113.51394395480538,-0.0,0.0,0.0,-0.0032677861093811655
2012-08-31,-0.00047266452768056946,1.4219393705680178e-07,-0.00047280672161762626,113.46027379910622,-0.0,-0.0,-0.0,-0.005808846415437996
2012-09-03,-7.925459862215015e-06,4.2303533915655084e-07,-8.348495201371566e-06,113.45932657655486,0.0,-0.0,0.0,-0.0001
2012-09-04,0.0,3.2668199347607456e-10,-3.2668199347607456e-10,113.45932653948974,0.0,0.0,0.0,-0.0
2012-09-05,0.0,0.0,0.0,113.45932653948974,-0.0,0.0,-0.0,-0.0
2012-09-06,0.0,0.0,0.0,113.45932653948974,0.0,-0.0,0.0,-0.0
2012-09-07,0.0,0.0,0.0,113.45932653948974,0.0,0.0,0.0,0.0
2012-09-10,-0.0013775806500157509,5.075502215505519e-06,-0.0013826561522312564,113.30245130362191,-0.013023905370080479,-0.0,0.0,0.0
2012-09-11,0.00023242733384963476,3.809277795148046e-06,0.00022861805605448672,113.32835428978514,0.002679992815342369,0.0,-0.0,-0.0
2012-09-12,-0.0006084300047633656,1.301585294485902e-07,-0.0006085601632928141,113.25938716799284,-0.007068516219708609,-0.0,0.0,0.0
2012-09-13,-0.00032975051320786614,7.27858544367857e-07,-0.000330478371752234,113.2219573901359,-0.0040000419260493025,0.0,0.0,0.0
2012-09-14,-0.000565364925609897,1.9889272130253585e-06,-0.0005673538528229223,113.15772047638646,-0.007016622581037746,-0.0,0.0,0.0
2012-09-17,-0.0007774941795655093,1.2544221621482402e-06,-0.0007787486017276575,113.06959905979079,-0.009443888733893457,0.0,0.0,0.0
2012-09-18,3.716065511231303e-05,1.3058987469164314e-06,3.5854756365396604e-05,113.07365314271742,0.0004851449577324418,0.0,0.0,-0.0
2012-09-19,-7.643461608690453e-06,1.8356000159183705e-07,-7.82702161028229e-06,113.07276811279073,-0.0001,0.0,-0.0,-0.0
2012-09-20,0.0,1.5207795220167492e-05,-1.5207795220167492e-05,113.07104852528829,0.0,-0.0,-0.0,0.0
2012-09-21,0.0,8.287209082971647e-09,-8.287209082971647e-09,113.07104758824487,-0.0,-0.0,-0.0,-0.0
2012-09-24,0.0,0.0,0.0,113.07104758824487,-0.0,-0.0,0.0,0.0
2012-09-25,0.0,0.0,0.0,113.07104758824487,-0.0,-0.0,-0.0,-0.0
2012-09-26,0.0,0.0,0.0,113.07104758824487,-0.0,-0.0,-0.0,-0.0
2012-09-27,0.0,0.0,0.0,113.07104758824487,-0.0,-0.0,-0.0,0.0
2012-09-28,0.0,0.0,0.0,113.07104758824487,0.0,-0.0,0.0,0.0
2012-10-01,0.0,1.2880910961257654e-09,-1.2880910961257654e-09,113.07104744259905,-0.0,0.0,-0.0,-0.0
2012-10-02,0.00045114862491360015,4.693651289162957e-06,0.0004464549736244372,113.12152857410274,0.006086422648265077,0.0,0.0001580116117054665,0.0
2012-10-03,3.193683110935739e-05,4.548114922675636e-07,3.148201961708983e-05,113.1250898682844,-0.0001,0.0,0.00016134500388131912,-0.0
2012-10-04,-2.3866964041599745e-05,5.851373250990999e-09,-2.3872815414850734e-05,113.1223892538952,0.0,0.0,-0.0001,-0.0
2012-10-05,0.0,9.275565668975709e-07,-9.275565668975709e-07,113.12228432648017,0.0,0.0,0.0,0.0
2012-10-08,2.15167737619082e-06,2.2031985057018866e-07,1.9313575256206314e-06,113.12250280605534,3.013031438324773e-05,0.0,-0.0,-0.0
2012-10-09,0.0002131284639698941,1.4465839955124515e-09,0.00021312701738589857,113.14661226767761,0.00298477744270631,-0.0,-0.0,0.0
2012-10-10,-0.0005812867308953505,1.4326102858954054e-07,-0.0005814299919239401,113.0808254338206,-0.0001,-0.0,-0.002419559959424233,-0.0
2012-10-11,0.00015208189877678258,2.2187369478329433e-06,0.00014986316182894963,113.09777208386234,0.0,-0.0,0.0006722458877383986,0.0
2012-10-12,-2.257053027488077e-05,1.0485364643346152e-07,-2.2675383921314233e-05,113.0952075484597,0.0,0.0,-0.0001,0.0
2012-10-15,0.0,9.419283514854049e-09,-9.419283514854049e-09,113.09520648318387,0.0,0.0,0.0,-0.0
2012-10-16,0.0,0.0,0.0,113.09520648318387,0.0,0.0,0.0,0.0
2012-10-17,0.0,2.6230632279807404e-07,-2.6230632279807404e-07,113.09517681759613,0.0,0.0,0.0,0.0
2012-10-18,-5.415907201618595e-05,8.571986797398235e-09,-5.416764400298335e-05,113.08905071831983,-0.0007558936528284765,0.0,0.0,0.0
2012-10-19,-0.0009372936259641367,4.685424169796876e-05,-0.0009841478676621055,112.97775437019946,0.0036072318044964025,-0.0032368720755273747,-0.0,-0.0
2012-10-22,0.00017328474420275688,1.3455589535713437e-05,0.00015982915466704345,112.99581150917662,-0.0001,0.0006429978553270654,-0.0,-0.0
2012-10-23,-2.7509495896694487e-05,5.693312550923175e-07,-2.8078827151786803e-05,112.99263871931637,0.0,-0.0001,0.0,0.0
2012-10-24,0.0,4.92203645734407e-07,-4.92203645734407e-07,112.99258310392766,-0.0,-0.0,-0.0,-0.0
2012-10-25,0.0025854481506000088,7.939758303113221e-10,0.0025854473566241784,113.28471947923184,-0.0,0.0,0.005078130050606855,0.0
2012-10-26,-3.1585354248231914e-05,3.865607123679797e-05,-7.024142548502988e-05,113.27676219904994,-0.0,0.0,-0.0001,0.0
2012-10-29,0.0,1.4047226186092443e-08,-1.4047226186092443e-08,113.27676060782564,-0.0,-0.0,-0.0,0.0
2012-10-30,0.0,0.0,0.0,113.27676060782564,-0.0,0.0,-0.0,-0.0
2012-10-31,0.0,0.0,0.0,113.27676060782564,0.0,-0.0,0.0,0.0
2012-11-01,0.0,0.0,0.0,113.27676060782564,0.0,0.0,0.0,0.0
2012-11-02,0.0,0.0,0.0,113.27676060782564,-0.0,0.0,0.0,0.0
2012-11-05,0.0,1.791991319320549e-07,-1.791991319320549e-07,113.27674030872845,-0.0,0.0,-0.0,-0.0
2012-11-06,-0.00017051691792618656,1.2621949239829956e-09,-0.00017051818012111055,113.25742456512096,-0.0020843257502160093,-0.0,-0.0,0.0
2012-11-07,3.553760234920739e-05,3.781779878271885e-08,3.549978455042467e-05,113.26144517929175,0.0004354027908797242,0.0,0.0,0.0
2012-11-08,-8.157258659093618e-06,9.49488090971895e-09,-8.166753540003337e-06,113.26052020098338,-0.0001,-0.0,-0.0,-0.0
2012-11-09,-0.00010173453070802875,1.3328778581567225e-09,-0.00010173586358588691,113.24899754415054,-0.0012470637997483824,-0.0,-0.0,-0.0
2012-11-12,-8.155253444579006e-06,5.343306887374555e-09,-8.16059675146638e-06,113.24807336474908,-0.0001,-0.0,-0.0,-0.0
2012-11-13,-0.00035223130989313307,1.398742739626424e-09,-0.0003522327086358727,113.20818368912002,-0.0,0.0,-0.0011161982709403495,0.0
2012-11-14,-3.1113418925933363e-05,8.858400770093422e-07,-3.1999259002942706e-05,113.20456111112888,0.0,-0.0,-0.0001,0.0
2012-11-15,0.0,1.718783154263237e-05,-1.718783154263237e-05,113.20261537020266,0.0,0.0,-0.0,-0.0
2012-11-16,0.0,2.977986910138175e-09,-2.977986910138175e-09,113.20261503308677,0.0,0.0,0.0,-0.0
2012-11-19,0.0,5.665595727756795e-07,-5.665595727756795e-07,113.20255089706154,-0.0,0.0,0.0,0.0
2012-11-20,0.0,9.186978272998637e-09,-9.186978272998637e-09,113.20254985707217,0.0,-0.0,-0.0,0.0
2012-11-21,0.0,2.5389318959858075e-07,-2.5389318959858075e-07,113.20252111571571,0.0,0.0,0.0,-0.0
2012-11-22,-0.00029100131289914387,4.097119067908439e-08,-0.00029104228408982294,113.16957439540548,-0.004049569129878983,0.0,0.0,-0.0
2012-11-23,-5.653154478005039e-05,1.669698767739468e-06,-5.820124354778985e-05,113.16298778544387,-0.000785305165881045,-0.0,-0.0,-0.0
2012-11-26,-0.0004943406962115049,4.237765913854938e-06,-0.0004985784621253599,113.1065671570243,-0.007053497175767864,0.0,0.0,0.0
2012-11-27,-0.00010889177841835657,6.015193481237497e-07,-0.00010949329776648033,113.09418274598724,-0.0016233875188833569,-0.0,0.0,0.0
2012-11-28,0.00024389188834996982,4.721597722795914e-06,0.0002391702906271739,113.12123151454286,0.0037520552039342903,0.0,-0.0,-0.0
2012-11-29,-4.189532071052502e-07,0.00014031268528148867,-0.00014073163848859392,113.10531177828396,-0.0001,0.0,-0.0,0.0
2012-11-30,0.0,0.00016515215215732313,-0.00016515215215732313,113.08663219262336,0.0,0.0,0.0,-0.0
2012-12-03,0.0,0.0,0.0,113.08663219262336,0.0,0.0,-0.0,-0.0
2012-12-04,0.0,0.0,0.0,113.08663219262336,0.0,-0.0,0.0,0.0
2012-12-05,0.0,2.5000000000000008e-05,-2.5000000000000008e-05,113.08380502681854,0.0,-0.0,0.0,0.0
2012-12-06,0.0005304906896611534,0.0,0.0005304906896611534,113.14379493253672,0.0021219627586446135,0.0,-0.0,-0.0
2012-12-07,-2.5e-05,0.0,-2.5e-05,113.1409663376634,-0.0001,-0.0,-0.0,0.0
2012-12-10,0.0,0.0,0.0,113.1409663376634,-0.0,0.0,-0.0,0.0
2012-12-11,0.0,0.0,0.0,113.1409663376634,0.0,-0.0,0.0,0.0
2012-12-12,0.0,0.0,0.0,113.1409663376634,0.0,0.0,0.0,0.0
2012-12-13,0.0,0.0,0.0,113.1409663376634,0.0,0.0,0.0,0.0
2012-12-14,0.0,0.0,0.0,113.1409663376634,0.0,0.0,-0.0,-0.0
2012-12-17,0.0,0.0,0.0,113.1409663376634,0.0,0.0,0.0,0.0
2012-12-18,-5.261359519700949e-06,0.0,-5.261359519700949e-06,113.14037106236307,-2.1045438078803796e-05,-0.0,0.0,-0.0
2012-12-19,-2.5e-05,0.0,-2.5e-05,113.1375425530865,-0.0001,0.0,0.0,-0.0
2012-12-20,0.00027232467259593885,0.0,0.00027232467259593885,113.16835269732057,0.0010892986903837554,-0.0,0.0,-0.0
2012-12-21,-2.5e-05,0.0,-2.5e-05,113.16552348850313,-0.0001,0.0,0.0,0.0
2012-12-24,0.0,0.0,0.0,113.16552348850313,-0.0,-0.0,-0.0,-0.0
2012-12-25,-0.0007222631968059916,0.0,-0.0007222631968059916,113.0837881957401,-0.0,0.0,-0.0,-0.0028890527872239666
2012-12-26,0.0001452466600454505,0.0,0.0001452466600454505,113.10021323828083,0.0,0.0,0.0,0.000580986640181802
2012-12-27,-0.00019695881343001487,0.0,-0.00019695881343001487,113.07793715448273,0.0,0.0,-0.0,-0.0007878352537200595
2012-12-28,9.594074892549376e-05,0.0,9.594074892549376e-05,113.08878593646028,0.0,0.0,-0.0,0.00038376299570197503
2012-12-31,-2.5e-05,1.0158038472529719e-08,-2.501015803847253e-05,113.08595756805163,-0.0,-0.0,0.0,-0.0001
2013-01-01,0.0,1.1317728039100806e-08,-1.1317728039100806e-08,113.08595628817551,-0.0,0.0,0.0,0.0
2013-01-02,0.0,1.1043021102835615e-08,-1.1043021102835615e-08,113.08595503936492,-0.0,-0.0,0.0,-0.0
2013-01-03,0.0,0.0,0.0,113.08595503936492,-0.0,0.0,0.0,0.0
2013-01-04,0.0,0.0,0.0,113.08595503936492,-0.0,0.0,-0.0,-0.0
2013-01-07,0.0006414452500043106,0.0,0.0006414452500043106,113.15849348806712,0.0025657810000172423,0.0,-0.0,0.0
2013-01-08,0.0011025130510341485,4.731841176155233e-06,0.0010977812098579933,113.28271675595416,0.004410052204136594,-0.0,0.0,0.0
2013-01-09,-2.5e-05,3.217394930509876e-07,-2.532173949305099e-05,113.2798482405114,-0.0001,-0.0,-0.0,0.0
2013-01-10,0.0,1.9272292202920926e-08,-1.9272292202920926e-08,113.27984605734906,-0.0,0.0,-0.0,-0.0
2013-01-11,0.0,0.0,0.0,113.27984605734906,0.0,0.0,0.0,0.0
2013-01-14,-0.0016985844574462533,0.0,-0.0016985844574462533,113.08743067149413,-0.006794337829785013,0.0,-0.0,-0.0
2013-01-15,-0.00029766599172514896,0.0,-0.00029766599172514896,113.05376838929166,-0.0011906639669005958,-0.0,-0.0,0.0
2013-01-16,0.0012975821713675506,0.0,0.0012975821713675506,113.20046494355952,0.005190328685470202,-0.0,-0.0,0.0
2013-01-17,-2.5e-05,5.539257447827747e-05,-8.039257447827747e-05,113.19136446675057,-0.0001,-0.0,-0.0,-0.0
2013-01-18,-3.190363704123726e-05,1.845352635474543e-05,-5.035716339598269e-05,113.18566447071512,0.0,0.0,-0.0016976703081015398,-0.0
2013-01-21,-0.00761060980233963,0.00017124148023453222,-0.007781851282574162,112.30487046248467,-0.0,0.0,-0.00761060980233963,-0.0
2013-01-22,-0.0001,0.0,-0.0001,112.29363997543842,-0.0,-0.0,-0.0001,0.0
2013-01-23,0.0,0.0,0.0,112.29363997543842,0.0,-0.0,0.0,0.0
2013-01-24,0.0,0.0,0.0,112.29363997543842,-0.0,0.0,-0.0,-0.0
2013-01-25,0.0,0.0,0.0,112.29363997543842,0.0,0.0,-0.0,-0.0
2013-01-28,-0.0008034345582605711,0.0,-0.0008034345582605711,112.20341938440927,0.0,0.0,-0.0,-0.0032137382330422845
2013-01-29,0.0005524733532205311,0.0,0.0005524733532205311,112.2654087837594,0.0013656366370205953,-0.0,-0.0,0.0008442567758615294
2013-01-30,0.00027694116079551856,0.0,0.00027694116079551856,112.29649969638513,-0.003372915554588518,0.0,0.0,0.004480680197770592
2013-01-31,-0.0014462813948959458,0.0,-0.0014462813948959458,112.1340873581623,-0.005685125579583783,0.0,0.0,-0.0001
2013-02-01,-0.0004902286350436131,0.0,-0.0004902286350436131,112.07911601757485,-0.003144102071825028,0.0,0.0,0.0011831875316505758
2013-02-04,-0.0007176725903182995,0.0,-0.0007176725903182995,111.99867990806194,-0.002770690361273198,0.0,-0.0,-0.0001
2013-02-05,0.0025097894058248027,0.0,0.0025097894058248027,112.27977300836156,0.01003915762329921,-0.0,0.0,0.0
2013-02-06,-2.5e-05,0.0,-2.5e-05,112.27696601403633,-0.0001,0.0,-0.0,-0.0
2013-02-07,0.0,0.0,0.0,112.27696601403633,-0.0,-0.0,-0.0,-0.0
2013-02-08,-0.000929868082859056,0.0,-0.000929868082859056,112.17256324689964,-0.0,0.0,0.0,-0.003719472331436224
2013-02-11,-0.00044434788655173805,0.0,-0.00044434788655173805,112.12271960549178,-0.0016773915462069521,-0.0,0.0,-0.0001
2013-02-12,0.0006601054724147959,0.0,0.0006601054724147959,112.19673242628538,0.0026404218896591836,0.0,-0.0,-0.0
2013-02-13,-2.5e-05,0.0,-2.5e-05,112.19392750797472,-0.0001,-0.0,0.0,0.0
2013-02-14,0.0,0.0,0.0,112.19392750797472,-0.0,-0.0,-0.0,0.0
2013-02-15,0.0,0.0,0.0,112.19392750797472,-0.0,-0.0,-0.0,-0.0
2013-02-18,0.0,0.0,0.0,112.19392750797472,-0.0,0.0,-0.0,-0.0
2013-02-19,0.0,0.0,0.0,112.19392750797472,0.0,-0.0,-0.0,0.0
2013-02-20,0.0,0.0,0.0,112.19392750797472,0.0,0.0,-0.0,0.0
2013-02-21,0.0,0.0,0.0,112.19392750797472,-0.0,-0.0,-0.0,-0.0
2013-02-22,-0.001509372438946724,0.0,-0.001509372438946724,112.024585085977,-0.006037489755786896,-0.0,0.0,0.0
2013-02-25,2.9702142845866586e-05,0.0,2.9702142845866586e-05,112.02791245620547,0.00011880857138346634,0.0,-0.0,0.0
2013-02-26,-0.0024791003058844407,0.0,-0.0024791003058844407,111.7501840241677,-0.009916401223537763,-0.0,0.0,-0.0
2013-02-27,1.633245953153173e-05,0.0,1.633245953153173e-05,111.7520091795259,6.532983812612692e-05,-0.0,-0.0,-0.0
2013-02-28,0.0016274369585436155,0.0,0.0016274369585436155,111.93387852945618,0.006509747834174462,0.0,0.0,-0.0
2013-03-01,-2.5e-05,0.0,-2.5e-05,111.93108018249293,-0.0001,0.0,-0.0,-0.0
2013-03-04,0.0,8.632414531001116e-05,-8.632414531001116e-05,111.92141782766257,-0.0,0.0,-0.0,-0.0
2013-03-05,0.0,0.0,0.0,111.92141782766257,0.0,-0.0,0.0,0.0
2013-03-06,0.0,1.3914743763359107e-07,-1.3914743763359107e-07,111.92140225408404,0.0,-0.0,0.0,0.0
2013-03-07,0.0,3.804339837293336e-10,-3.804339837293336e-10,111.92140221150532,-0.0,0.0,-0.0,-0.0
2013-03-08,0.0,0.0,0.0,111.92140221150532,0.0,0.0,0.0,0.0
2013-03-11,0.0,0.0,0.0,111.92140221150532,-0.0,0.0,-0.0,-0.0
2013-03-12,0.0,0.0,0.0,111.92140221150532,0.0,0.0,-0.0,0.0
2013-03-13,0.0,0.0,0.0,111.92140221150532,-0.0,-0.0,0.0,0.0
2013-03-14,0.0011651302511345768,0.0,0.0011651302511345768,112.05180522297135,-0.0,0.0,0.0,0.0027016377029456143
2013-03-15,0.0005901638896119731,3.0816012181707045e-06,0.0005870822883938024,112.11758885320032,0.0040641000392260705,-0.0,0.0,-0.0001
2013-03-18,-1.5301340628321374e-05,4.866077034842959e-07,-1.578794833180567e-05,112.11581874650041,-0.0001,-0.0,0.0,-0.0
2013-03-19,-0.0010495654544038936,0.0,-0.0010495654544038936,111.99814585625188,0.003951790352095574,0.0,-0.0,-0.003966569446905555
2013-03-20,-5.496298942693709e-05,5.052717687133257e-06,-6.001570711407035e-05,111.99142420833283,-0.0001,-0.0,-0.0,-0.0001
2013-03-21,0.0009381894019179547,1.7366252799966287e-09,0.0009381876652926747,112.09649318114366,0.00594373399304281,0.0,0.0,0.0
2013-03-22,-1.5327692229949076e-05,9.136394236105434e-07,-1.624133165355962e-05,112.09467258482069,-0.0001,-0.0,0.0,0.0
2013-03-25,0.0,2.58758732186071e-06,-2.58758732186071e-06,112.09438253006705,0.0,-0.0,0.0,0.0
2013-03-26,0.0018975695825941261,1.3114565673416345e-07,0.001897438436937392,112.30707472004437,-0.0,-0.0,0.004286803403197525,0.0
2013-03-27,-4.0747310007216175e-05,7.036129083076048e-06,-4.778343909029222e-05,112.30170830178008,0.0,0.0,-0.0001,0.0
2013-03-28,0.0,5.96892584501324e-08,-5.96892584501324e-08,112.3017015985744,-0.0,-0.0,-0.0,-0.0
2013-03-29,0.0004560858630364647,1.02311049078041e-09,0.00045608483992597387,112.3529207021714,0.00287325396197512,-0.0,0.0,-0.0
2013-04-01,-1.577626196138392e-05,1.944687950595714e-07,-1.597073075644349e-05,112.35112634392517,-0.0001,0.0,-0.0,-0.0
2013-04-02,0.0,9.178944853083238e-10,-9.178944853083238e-10,112.35112624079868,0.0,-0.0,0.0,0.0
2013-04-03,0.0,0.0,0.0,112.35112624079868,-0.0,0.0,-0.0,0.0
2013-04-04,0.0,0.0,0.0,112.35112624079868,0.0,-0.0,0.0,-0.0
2013-04-05,0.0,1.5309401882084017e-07,-1.5309401882084017e-07,112.35110904051324,0.0,0.0,0.0,-0.0
2013-04-08,0.0,4.985171066266308e-07,-4.985171066266308e-07,112.35105303156342,0.0,0.0,0.0,-0.0
2013-04-09,0.001775339637763173,3.8277756946869525e-10,0.0017753392549856035,112.55051426634932,-0.002966530220280605,0.0,0.005547166421323457,0.0
2013-04-10,-0.0007035520682745248,7.7974096169426e-06,-0.0007113494778914674,112.47045151678954,-0.003910965112482234,-0.0,-0.0001,0.0
2013-04-11,0.0003211555016506168,4.0357637328767297e-07,0.0003207519252773291,112.50652663065036,0.0019061239209301473,0.0,0.0,0.0
2013-04-12,-1.7444172477689257e-05,1.1911127739682088e-06,-1.8635285251657466e-05,112.50443003943391,-0.0001,-0.0,0.0,0.0
2013-04-15,0.0,4.596944747858045e-08,-4.596944747858045e-08,112.50442486766742,-0.0,-0.0,-0.0,-0.0
2013-04-16,0.0,8.295859124372168e-07,-8.295859124372168e-07,112.50433153558149,-0.0,-0.0,-0.0,-0.0
2013-04-17,0.0,2.355998588582375e-10,-2.355998588582375e-10,112.50433150907548,0.0,0.0,0.0,0.0
2013-04-18,0.0,6.280433344043324e-07,-6.280433344043324e-07,112.50426085147997,-0.0,0.0,-0.0,-0.0
2013-04-19,0.0,1.9539432147117797e-05,-1.9539432147117797e-05,112.50206258210879,0.0,0.0,0.0,-0.0
2013-04-22,0.0,2.1073147539393823e-08,-2.1073147539393823e-08,112.50206021133624,0.0,0.0,-0.0,-0.0
2013-04-23,0.0,0.0,0.0,112.50206021133624,0.0,-0.0,0.0,-0.0
2013-04-24,0.0,0.0,0.0,112.50206021133624,-0.0,0.0,-0.0,-0.0
2013-04-25,0.00025132861290666557,0.0,0.00025132861290666557,112.53033519807829,0.0016703734453156094,-0.0,0.0,0.0
2013-04-26,-1.4539908186418177e-05,3.863474975241871e-06,-1.8403383161660047e-05,112.52826425920233,-0.0001,-0.0,0.0,0.0
2013-04-29,-0.0016445942050148782,2.6195171486441963e-07,-0.0016448561567297426,112.34317145092947,0.0,-0.0,-0.003663182450679658,-0.0
2013-04-30,-5.846029309729275e-05,1.5204620870882191e-05,-7.366491396817494e-05,112.33489570086962,0.0,0.0,-0.00015497648420370602,0.0
2013-05-01,-0.0010488493213174396,9.6432393547235e-07,-0.001049813645252912,112.2169649945248,0.0,-0.0,-0.0027967612933346153,0.0
2013-05-02,-0.00095985612579625,3.7819293912367463e-06,-0.0009636380551874867,112.10882845661843,-0.0011545552413947501,-0.0,-0.0022111596043696835,-0.0
2013-05-03,0.0013184511195658043,1.66466452991062e-06,0.0013167864550358936,112.25645184342004,0.008884237058161992,0.0,-0.0001,-0.0
2013-05-06,-1.5597457597194782e-05,7.312952739686185e-07,-1.6328752871163402e-05,112.2546188355597,-0.0001,0.0,0.0,0.0
2013-05-07,0.0,0.0,0.0,112.2546188355597,-0.0,0.0,-0.0,-0.0
2013-05-08,0.0,0.0,0.0,112.2546188355597,0.0,-0.0,-0.0,-0.0
2013-05-09,0.0,1.1443436997977166e-05,-1.1443436997977166e-05,112.25333425690131,0.0,0.0,0.0,0.0
2013-05-10,0.0,1.1130376709238832e-07,-1.1130376709238832e-07,112.25332176268235,-0.0,0.0,-0.0,-0.0
2013-05-13,0.0,1.9487057735873838e-07,-1.9487057735873838e-07,112.25329988781272,-0.0,0.0,-0.0,-0.0
2013-05-14,0.00023105132901536456,1.50856920651532e-09,0.00023104982044615805,112.27923599259628,0.0016533898947919013,-0.0,-0.0,-0.0
2013-05-15,-1.39396076237828e-05,6.958615047914507e-08,-1.4009193774261945e-05,112.27766305102244,-0.0001,0.0,-0.0,-0.0
2013-05-16,-0.0006029091784053716,1.6697431825751786e-09,-0.0006029108481485542,112.2099696299642,-0.0043254107741341865,0.0,0.0,-0.0
2013-05-17,8.783600166292151e-06,6.40622151325046e-07,8.142978014967106e-06,112.21088335327998,6.449774119077212e-05,-0.0,0.0,-0.0
2013-05-20,-1.3618663305605562e-05,4.032581531587809e-10,-1.3619066563758721e-05,112.20935514579043,-0.0001,0.0,-0.0,-0.0
2013-05-21,0.0,1.1272930579592223e-09,-1.1272930579592223e-09,112.2093550192976,0.0,-0.0,0.0,0.0
2013-05-22,0.0,0.0,0.0,112.2093550192976,0.0,0.0,-0.0,0.0
2013-05-23,0.0,1.2713926270174898e-06,-1.2713926270174898e-06,112.20921235715096,-0.0,0.0,-0.0,-0.0
2013-05-24,0.0,1.4182615748009608e-09,-1.4182615748009608e-09,112.20921219800894,0.0,-0.0,0.0,0.0
2013-05-27,0.0,4.685690221045796e-06,-4.685690221045796e-06,112.20868642040062,0.0,-0.0,0.0,-0.0
2013-05-28,0.0,2.6355461915511525e-09,-2.6355461915511525e-09,112.20868612466946,-0.0,0.0,-0.0,-0.0
2013-05-29,0.0,2.4457506356118904e-06,-2.4457506356118904e-06,112.20841169020406,-0.0,0.0,-0.0,-0.0
2013-05-30,0.0,4.774094261758566e-09,-4.774094261758566e-09,112.20841115451053,0.0,-0.0,0.0,0.0
2013-05-31,0.0,0.0,0.0,112.20841115451053,0.0,0.0,0.0,0.0
2013-06-03,0.0006306438922743901,0.0,0.0006306438922743901,112.27917470366692,0.003538991365689348,-0.0,-0.0,-0.0
2013-06-04,-1.7459364752052635e-05,7.210235842184804e-07,-1.8180388336271115e-05,112.27713342466873,-0.0001,-0.0,0.0,0.0
2013-06-05,0.0002835823341399799,5.229087698310764e-09,0.00028357710505228157,112.30897264912886,-0.00013930201087687379,0.0,0.0010477869893458114,-0.0
2013-06-06,-4.673135578252497e-05,2.860128297836051e-07,-4.701736861230858e-05,112.30369217676335,-0.0001,-0.0,-0.0001,-0.0
2013-06-07,-0.007942017446976084,6.4877226258169836e-09,-0.00794202393469871,111.41177356554046,0.0,-0.016522103068835847,-0.013034501104227002,0.0
2013-06-10,0.002410556485522802,2.500000000000001e-05,0.002385556485522802,111.67755264453334,0.0015265599153285625,0.009360151354037782,0.004581695558184218,-0.0
2013-06-11,-4.663978603659166e-05,3.857155185849298e-06,-5.049694122244096e-05,111.67191326972159,-0.0001,-0.0001,-0.0001,0.0
2013-06-12,0.0,9.782472530353888e-06,-9.782472530353888e-06,111.67082084229763,0.0,-0.0,0.0,0.0
2013-06-13,-0.00022838425013457087,8.92843660184893e-07,-0.00022927709379475577,111.64521728103323,0.0,-0.0019001345000161484,0.0,0.0
2013-06-14,-0.0012046976561490073,9.167575879261009e-08,-0.0012047893319078,111.5107083142945,-0.0022254629007796398,-0.004534578226803143,-0.0021742754194713607,0.0
2013-06-17,-1.791304386366867e-06,8.047771445179922e-05,-8.226901883816609e-05,111.50153443773154,-0.0001,-0.0001,-0.0001,-0.0
2013-06-18,0.001265858409558576,0.00017141739122726626,0.0010944410183313098,111.62356629062708,0.0,0.004547647068966698,-0.0,-0.0
2013-06-19,-2.6233033973798666e-05,5.213156874816294e-06,-3.144619084861496e-05,111.62005615465831,0.0,-0.0001,-0.0,-0.0
2013-06-20,0.0,4.0584281832234395e-09,-4.0584281832234395e-09,111.62005570165634,-0.0,0.0,-0.0,-0.0
2013-06-21,0.0,0.0,0.0,111.62005570165634,-0.0,0.0,0.0,-0.0
2013-06-24,0.0,1.6752587525906528e-06,-1.6752587525906528e-06,111.61986870918106,-0.0,0.0,-0.0,0.0
2013-06-25,0.0008084045640895442,2.8653466121408847e-09,0.000808401698742932,111.71010240065901,0.0019618504186511457,-0.0,0.0,0.0
2013-06-26,-4.0952160821641164e-05,5.081351275408264e-07,-4.146029594918199e-05,111.70547086675298,-0.0001,0.0,-0.0,0.0
2013-06-27,-0.002149271173691386,1.155491387280022e-06,-0.0021504266650786657,111.46525644356593,-0.0051752372062300435,-0.0,-0.0,0.0
2013-06-28,0.0006863397657283096,3.88860095603677e-06,0.0006824511647722729,111.54132603765747,0.0017338114391434178,0.0,-0.0,-0.0
2013-07-01,-3.9394873914020233e-05,3.814642464851137e-07,-3.977633816050535e-05,111.53688933215413,-0.0001,0.0,-0.0,-0.0
2013-07-02,0.0,2.0984749823538263e-09,-2.0984749823538263e-09,111.53688909809676,0.0,0.0,0.0,0.0
2013-07-03,0.0,0.0,0.0,111.53688909809676,-0.0,0.0,-0.0,-0.0
2013-07-04,0.0,0.0,0.0,111.53688909809676,0.0,-0.0,0.0,-0.0
2013-07-05,0.0,0.0,0.0,111.53688909809676,-0.0,0.0,-0.0,0.0
2013-07-08,-0.002416807535085689,2.5703037279798005e-06,-0.0024193778388136686,111.26703922040262,-0.006193768788473897,0.0,-0.0,-0.0
2013-07-09,0.0012277779463668562,2.9292553454831562e-06,0.001224848691021373,111.40332450774555,0.0032692486387035924,-0.0,0.0,0.0
2013-07-10,-3.7157762661388616e-05,7.951855501484029e-07,-3.795294821153702e-05,111.39909642313992,-0.0001,0.0,-0.0,0.0
2013-07-11,0.011762707262402085,0.0,0.011762707262402085,112.70945138366142,0.03165612356587054,-0.0,0.0,0.0
2013-07-12,0.0013104812226916048,3.4748005935361564e-05,0.0012757332167562432,112.85323857463393,0.006624025175095505,0.0,-0.0,-0.0
2013-07-15,-1.9550174221879427e-05,4.6717094365682503e-07,-2.001734516553625e-05,112.85097955240435,-0.0001,0.0,-0.0,-0.0
2013-07-16,0.0,1.8494648439837393e-09,-1.8494648439837393e-09,112.85097934369044,-0.0,0.0,-0.0,0.0
2013-07-17,0.0,0.0,0.0,112.85097934369044,0.0,-0.0,0.0,0.0
2013-07-18,0.0,0.0,0.0,112.85097934369044,-0.0,0.0,0.0,-0.0
2013-07-19,0.0,0.0,0.0,112.85097934369044,-0.0,0.0,0.0,-0.0
2013-07-22,0.0,0.0,0.0,112.85097934369044,0.0,-0.0,0.0,0.0
2013-07-23,0.0,0.0,0.0,112.85097934369044,0.0,-0.0,0.0,0.0
2013-07-24,-0.0003390167912154965,7.684406590441339e-09,-0.0003390244756220869,112.812720099595,0.0,0.0,-0.0007304458973303007,0.0
2013-07-25,0.006729688587304563,1.1213983420743645e-08,0.006729677373321142,113.57191330947205,0.002353454899927654,0.0,0.0043170663022732425,0.017064170724797923
2013-07-26,-7.559201232978242e-05,3.2968185503605756e-05,-0.00010856019783338818,113.55958392009487,-0.0001,-0.0,-0.0001,-0.0001
2013-07-29,-0.00015362149939911502,4.264784610893968e-09,-0.0001536257641837259,113.54213824223476,-0.0010965674685243898,-0.0,0.0,0.0
2013-07-30,0.000430856946343315,6.939398479933467e-07,0.00043016300649532165,113.59097986978495,0.0017906359938199001,0.0007472864830664228,-0.0,-0.0
2013-07-31,-3.808107687665774e-05,4.5048714261226587e-07,-3.853156401927e-05,113.5866030316721,-0.0001,-0.0001,-0.0,-0.0
2013-08-01,0.0,6.83269226463823e-07,-6.83269226463823e-07,113.58652542144172,0.0,-0.0,-0.0,-0.0
2013-08-02,0.0,1.3005849212821552e-09,-1.3005849212821552e-09,113.5865252737128,-0.0,0.0,-0.0,-0.0
2013-08-05,0.0,0.0,0.0,113.5865252737128,0.0,-0.0,0.0,-0.0
2013-08-06,0.0,0.0,0.0,113.5865252737128,-0.0,-0.0,0.0,0.0
2013-08-07,0.0,0.0,0.0,113.5865252737128,0.0,-0.0,-0.0,0.0
2013-08-08,0.0,0.0,0.0,113.5865252737128,0.0,-0.0,0.0,0.0
2013-08-09,-0.000895883096881252,0.0,-0.000895883096881252,113.48476502568661,-0.0030302416973582266,0.0016603621153827742,-0.002616740900151193,0.0
2013-08-12,0.0008721603670954394,5.197342588924987e-07,0.0008716406328365469,113.58368295809092,0.0030414236610412093,-0.0001,0.0014117051983868478,0.0
2013-08-13,-4.692300067175018e-05,2.2313455523615966e-07,-4.7146135226986346e-05,113.5783279264146,-0.0001,0.0,-0.0001,-0.0
2013-08-14,0.0,2.478583123921269e-07,-2.478583123921269e-07,113.57829977508192,-0.0,0.0,-0.0,-0.0
2013-08-15,0.0,7.959606553864518e-10,-7.959606553864518e-10,113.57829968467806,-0.0,-0.0,0.0,0.0
2013-08-16,0.0,1.4102431041163045e-09,-1.4102431041163045e-09,113.57829952450504,0.0,-0.0,0.0,-0.0
2013-08-19,0.0,0.0,0.0,113.57829952450504,-0.0,0.0,-0.0,0.0
2013-08-20,0.0,0.0,0.0,113.57829952450504,0.0,-0.0,0.0,-0.0
2013-08-21,0.0,0.0,0.0,113.57829952450504,0.0,-0.0,0.0,-0.0
2013-08-22,0.0008217792333048208,0.0,0.0008217792333048208,113.67163581240835,0.005717452178890847,0.0,-0.0,-0.0
2013-08-23,-1.4240810658498907e-05,2.647225995766306e-07,-1.4505533258075537e-05,113.66998694471458,-0.0001,0.0,-0.0,0.0
2013-08-26,0.0,1.557574449082e-09,-1.557574449082e-09,113.66998676766511,0.0,-0.0,-0.0,0.0
2013-08-27,0.0,0.0,0.0,113.66998676766511,-0.0,-0.0,0.0,-0.0
2013-08-28,0.0,0.0,0.0,113.66998676766511,0.0,-0.0,-0.0,-0.0
2013-08-29,0.0,0.0,0.0,113.66998676766511,-0.0,0.0,-0.0,0.0
2013-08-30,-0.00047330167018787007,8.078581369101724e-08,-0.0004733824560015611,113.61617739015537,-0.0,0.0,-0.00144905811606012,-0.0
2013-09-02,-0.00034905930838902437,1.6805643616130684e-07,-0.00034922736482518565,113.5764995119239,-0.002213319306381145,0.0,-0.0001,0.0
2013-09-03,-0.0001972838749735735,1.7067550174706403e-07,-0.00019745455047532056,113.55407331526821,-0.0013849376723893414,0.0,0.0,0.0
2013-09-04,-0.00017243155966098272,3.531090608249743e-08,-0.0001724668705670652,113.53448899960338,-0.001211975949191313,-0.0,0.0,0.0
2013-09-05,-9.423967151844804e-06,2.9066814009258025e-05,-3.849078116110283e-05,113.53011896843306,-0.0001,0.0,0.0,0.0
2013-09-06,0.0008303650084432668,1.5774859352054304e-05,0.0008145901490912125,113.62259948496991,-0.0,0.0,-0.0,0.005645105492325764
2013-09-09,-1.412717780148067e-05,1.1645811936000853e-06,-1.5291758995080754e-05,113.62086199556218,0.0,-0.0,0.0,-0.0001
2013-09-10,-0.0005618372443394846,3.1432108252543723e-09,-0.0005618403875503099,113.55702520642478,0.0,-0.0,0.0,-0.003977438111618004
2013-09-11,-0.0010108174438592454,2.1290823150975066e-06,-0.0010129465261743428,113.44199801221926,0.0,0.0,0.0,-0.0074404554378428855
2013-09-12,-0.0004022353464899678,1.3950568479908377e-05,-0.0004161859149698762,113.39478505048052,0.0,-0.0,0.0,-0.0037340880208101
2013-09-13,0.0008955208771768071,3.6678022654817593e-07,0.0008951540969502589,113.49629085689126,0.001150143465690634,-0.0,-0.0,0.007780641595660609
2013-09-16,-9.320635250827563e-06,4.789396557242655e-05,-5.7214600823254116e-05,113.48979721191495,-0.0001,-0.0,0.0,-0.0001
2013-09-17,5.3894994596457286e-05,1.125881914887307e-07,5.378240640496856e-05,113.49590096631144,0.0015005709479375296,0.0,-0.0,-0.0
2013-09-18,-3.5910350622898965e-06,1.194974685747585e-09,-3.592230036975644e-06,113.49549326292691,-0.0001,0.0,0.0,0.0
2013-09-19,0.0,3.977106155801658e-10,-3.977106155801658e-10,113.49549321778855,0.0,-0.0,0.0,0.0
2013-09-20,0.00027398973600502844,0.0,0.00027398973600502844,113.52658981801306,-0.0009255517841790905,0.0,-0.0,0.00537843572350537
2013-09-23,-6.543459393706525e-06,2.882832967907506e-07,-6.831742690497276e-06,113.52581423356291,-2.712869297050169e-05,-0.0,-0.0,-0.0001
2013-09-24,-3.595764517468645e-06,8.152293573274183e-10,-3.5965797468259723e-06,113.52540592891872,-0.0001,-0.0,0.0,0.0
2013-09-25,0.0,9.942253004531776e-08,-9.942253004531776e-08,113.52539464193563,-0.0,0.0,-0.0,-0.0
2013-09-26,0.0,2.3373708971409503e-09,-2.3373708971409503e-09,113.52539437658469,0.0,-0.0,0.0,-0.0
2013-09-27,0.0,4.2060328516030365e-10,-4.2060328516030365e-10,113.52539432883553,-0.0,0.0,-0.0,-0.0
2013-09-30,0.0,0.0,0.0,113.52539432883553,0.0,-0.0,0.0,-0.0
2013-10-01,0.003933558184244676,0.0,0.003933558184244676,113.97195307281731,0.0,0.005757258492007133,0.0,0.0
2013-10-02,-3.9527573188487535e-05,5.7591772975549384e-05,-9.711934616403692e-05,113.96088419125383,-0.0,-0.0001,0.0,0.0
2013-10-03,0.0,2.3656128677744527e-08,-2.3656128677744527e-08,113.96088149538048,0.0,-0.0,0.0,-0.0
2013-10-04,-0.00038597874290233626,2.734153981533788e-07,-0.00038625215830048965,113.91686385894107,-0.002538739219889463,-0.0005213809344806308,-0.0,0.0
2013-10-07,0.00024314563971920383,2.563791655475434e-07,0.0002428892605536563,113.94453304176837,0.003976015981412506,-0.0001,-0.0,0.0
2013-10-09,-7.075058883811812e-06,5.88357299167383e-08,-7.13389461372855e-06,113.94372017347784,-0.0001,-0.0,0.0,0.0
2013-10-10,0.0,2.1435103732044e-05,-2.1435103732044e-05,113.9412777780163,-0.0,0.0,-0.0,0.0
2013-10-11,0.0005380316368063528,5.632575658688999e-06,0.0005323990611476638,114.00194000733129,0.0,0.0,0.001466114017673037,0.0
2013-10-14,-3.592274666748158e-05,1.5501130531807933e-06,-3.747285972066237e-05,113.9976680286255,0.0,0.0,-0.0001,-0.0
2013-10-15,0.0,1.1786842305570867e-08,-1.1786842305570867e-08,113.99766668495297,0.0,0.0,0.0,0.0
2013-10-16,-0.00025494696968693284,0.0,-0.00025494696968693284,113.96860332528024,-0.0,-0.0,0.0,-0.002770607377541101
2013-10-17,-6.094582380890813e-05,1.5681859468862082e-07,-6.110264240359675e-05,113.96163954246603,0.0,0.0,-0.0,-0.0006680140272321555
2013-10-18,-0.0007014168743884216,1.3424205909731702e-08,-0.0007014302985943314,113.88170339561346,0.0,-0.0,0.0,-0.007693739324313054
2013-10-21,-0.0006432101576804766,9.4870898143046e-07,-0.0006441588666619071,113.8083454866206,-0.0011945770766654928,-0.0,0.0,-0.004540676407329691
2013-10-22,0.00015713620846472437,4.786441935837535e-07,0.00015665756427114062,113.82617442481826,0.00043764835325110774,0.0,-0.0,0.0007723201161379256
2013-10-23,-0.0004403489659217417,4.3805566283768444e-07,-0.0004407870215845794,113.77600132441519,-0.0001,-0.0,0.0,-0.004947644717728128
2013-10-24,0.0005275332557431067,2.030240635987729e-05,0.0005072308493832293,113.8337120222064,-0.00027917987011495383,-0.0,-0.0,0.006170466083694981
2013-10-25,-2.617671413608443e-05,1.0036881182780762e-06,-2.7180402254362507e-05,113.83061797612353,-0.0001,-0.0,0.0,-0.0001
2013-10-28,0.0,2.0361834905142513e-07,-2.0361834905142513e-07,113.83059479812103,0.0,0.0,-0.0,-0.0
2013-10-29,0.0,4.947584515139437e-07,-4.947584515139437e-07,113.83053847947222,-0.0,0.0,-0.0,-0.0
2013-10-30,0.0,1.6455460000468216e-08,-1.6455460000468216e-08,113.83053660633836,-0.0,0.0,-0.0,-0.0
2013-10-31,0.0,0.0,0.0,113.83053660633836,-0.0,0.0,-0.0,-0.0
2013-11-01,0.0004829778030702534,0.0,0.0004829778030702534,113.88551422883077,-0.0,-0.0,0.0010551868148331756,-0.0
2013-11-04,-0.0011999344147550091,2.0792825455498445e-06,-0.001202013697300559,113.7486222808036,-0.006415131182126677,0.0,-0.0001,0.0
2013-11-05,0.0016239373858067871,5.3042582640428035e-06,0.0016186331275427443,113.93273956903967,0.001703065217026456,-0.0,0.002950711157595698,0.0
2013-11-06,-0.0005873688002695014,1.1442036889405367e-05,-0.0005988108371589067,113.86451540987852,-0.0032469731546393987,-0.0,-0.0001,-0.0
2013-11-07,-1.6335366058724255e-05,1.0170742949588723e-06,-1.7352440353683126e-05,113.86253958266646,-0.0001,0.0,0.0,0.0
2013-11-08,0.0,7.762701457917159e-06,-7.762701457917159e-06,113.86165570176443,-0.0,-0.0,0.0,-0.0
2013-11-11,0.0,2.6144459885118407e-06,-2.6144459885118407e-06,113.86135801661543,-0.0,0.0,-0.0,-0.0
2013-11-12,0.0,3.8584962930486576e-08,-3.8584962930486576e-08,113.86135362327916,0.0,-0.0,-0.0,-0.0
2013-11-13,0.0,0.0,0.0,113.86135362327916,0.0,0.0,-0.0,-0.0
2013-11-14,0.00451472757791557,0.0,0.00451472757791557,114.37540661654097,0.0,-0.0,0.009850358109668268,0.0
2013-11-15,-2.3266263049339205e-05,4.513373674478716e-05,-6.839999979412636e-05,114.36758333875194,-0.0,0.0,-0.0001,-0.0
2013-11-18,0.0,8.674012075932102e-09,-8.674012075932102e-09,114.36758234672615,0.0,0.0,0.0,0.0
2013-11-19,0.0,0.0,0.0,114.36758234672615,0.0,-0.0,0.0,0.0
2013-11-20,0.0,0.0,0.0,114.36758234672615,0.0,0.0,0.0,0.0
2013-11-21,0.0024055537677015277,5.790848547212538e-06,0.0023997629191543153,114.64203742999514,0.00974705092813798,0.0,-0.0,-0.0
2013-11-22,-1.8484818589158143e-05,1.2389985243623198e-05,-3.087480383278134e-05,114.6384978795785,-0.0001,0.0,0.0,-0.0
2013-11-25,0.0,3.535446941732579e-10,-3.535446941732579e-10,114.63849783904865,0.0,-0.0,0.0,-0.0
2013-11-26,0.0,0.0,0.0,114.63849783904865,-0.0,0.0,-0.0,0.0
2013-11-27,0.0,0.0,0.0,114.63849783904865,0.0,-0.0,0.0,-0.0
2013-11-28,0.0,0.0,0.0,114.63849783904865,0.0,0.0,0.0,-0.0
2013-11-29,0.0,4.735984347992606e-07,-4.735984347992606e-07,114.63844354643551,0.0,0.0,0.0,0.0
2013-12-02,0.0,3.955398978409047e-07,-3.955398978409047e-07,114.63839820235727,-0.0,0.0,0.0,0.0
2013-12-03,0.0,1.6535395018711653e-07,-1.6535395018711653e-07,114.63837924644527,-0.0,0.0,-0.0,-0.0
2013-12-04,0.0,1.329741589566197e-07,-1.329741589566197e-07,114.6383640025032,0.0,-0.0,0.0,0.0
2013-12-05,0.0,1.6834807871290991e-09,-1.6834807871290991e-09,114.63836380951172,-0.0,0.0,-0.0,-0.0
2013-12-06,0.0,1.1865715216842405e-06,-1.1865715216842405e-06,114.63822778289392,0.0,-0.0,-0.0,0.0
2013-12-09,-0.0005170173288816233,1.5174384458527257e-09,-0.0005170188463200691,114.57895765862143,-0.0027727512620765557,0.0,-0.0,0.0
2013-12-10,-0.00044920670067084313,7.644565501054079e-07,-0.0004499711572209485,114.52740043245062,-0.002459501373255568,0.0,0.0,-0.0
2013-12-11,-0.0003131928299809585,2.490056109577335e-06,-0.0003156828860905358,114.49124609214567,-0.0017619084553732733,-0.0,0.0,0.0
2013-12-12,-0.00027642395650647324,7.684405284879848e-07,-0.0002771923970349612,114.45950998920186,-0.0015715658307327018,-0.0,-0.0,-0.0
2013-12-13,-1.7130336972566336e-05,4.160618744067321e-06,-2.129095571663366e-05,114.45707303684334,-0.0001,0.0,-0.0,-0.0
2013-12-16,0.0,1.4083888201343875e-09,-1.4083888201343875e-09,114.45707287564326,-0.0,-0.0,-0.0,0.0
2013-12-17,0.0,1.908608764050468e-07,-1.908608764050468e-07,114.45705103026602,0.0,-0.0,-0.0,-0.0
2013-12-18,0.0,1.1575018999676611e-09,-1.1575018999676611e-09,114.45705089778177,0.0,-0.0,-0.0,-0.0
2013-12-19,0.0,0.0,0.0,114.45705089778177,-0.0,0.0,0.0,-0.0
2013-12-20,0.0,2.8524682301008104e-06,-2.8524682301008104e-06,114.45672441268037,-0.0,0.0,-0.0,0.0
2013-12-23,0.0002635692775080266,3.4752690801803657e-09,0.00026356580223894644,114.48689129107186,0.0015551279110086358,-0.0,-0.0,0.0
2013-12-24,-1.684909196837358e-05,1.986133160368858e-07,-1.704770528441047e-05,114.4849395522902,-0.0001,0.0,0.0,0.0
2013-12-25,0.0,5.298333660697097e-10,-5.298333660697097e-10,114.48493949163225,-0.0,0.0,0.0,-0.0
2013-12-26,0.0,0.0,0.0,114.48493949163225,-0.0,0.0,-0.0,-0.0
2013-12-27,0.0,0.0,0.0,114.48493949163225,0.0,0.0,0.0,-0.0
2013-12-30,0.0,0.0,0.0,114.48493949163225,0.0,0.0,0.0,-0.0
2013-12-31,0.0,9.455981207346911e-05,-9.455981207346911e-05,114.47411381726869,0.0,-0.0,0.0,0.0
2014-01-01,0.00015335029556960678,2.9124159591306723e-07,0.00015305905397369372,114.49163511683405,0.004614574333507526,0.0,0.0,-0.0
2014-01-02,-3.157226003703119e-06,3.318943069696594e-07,-3.4891203106727783e-06,114.49123564174455,-0.0001,0.0,0.0,-0.0
2014-01-03,0.0,1.8188136413751432e-05,-1.8188136413751432e-05,114.48915325953253,-0.0,-0.0,-0.0,0.0
2014-01-06,0.0,0.0001701880086124288,-0.0001701880086124288,114.46966857853155,-0.0,0.0,-0.0,0.0
2014-01-07,0.0006351932945610273,2.5192124105122283e-10,0.0006351930426397863,114.54237891560592,0.0025446805910098627,-0.0,0.0,-0.0002792382176302176
2014-01-08,0.0017886523858446106,6.779537198937591e-07,0.0017879744321247168,114.74717776050178,-0.0001,0.0,-0.0,0.005528734095708199
2014-01-09,-3.062068147577496e-05,4.483042220972405e-06,-3.5103723696747365e-05,114.7431497072787,-0.0,0.0,0.0,-0.0001
2014-01-10,0.0,1.1059503662386172e-08,-1.1059503662386172e-08,114.74314843827642,0.0,-0.0,0.0,0.0
2014-01-13,0.0,0.0,0.0,114.74314843827642,0.0,-0.0,0.0,0.0
2014-01-14,-0.0012952297483109427,8.479692926219751e-07,-0.0012960777176035648,114.5944324003379,-0.0,-0.0,-0.0,-0.00417243499618426
2014-01-15,0.0029401640802160845,1.8849328699881152e-06,0.0029382791473460965,114.93114283146176,-0.0,0.0,0.0,0.009767963527105072
2014-01-16,-2.8278229776533815e-05,3.6436849715804964e-06,-3.1921914748114314e-05,114.92747400931837,-0.0,0.0,-0.0,-0.0001
2014-01-17,-0.00026259657243438936,2.0412567432951056e-06,-0.0002646378291776845,114.89705985208367,0.0,-0.0,-0.0006395888137978977,-0.0
2014-01-20,-4.096429706397686e-05,1.8559135164619158e-07,-4.114988841562305e-05,114.89233185089147,-0.0,-0.0,-0.0001,-0.0
2014-01-21,0.0004317241451499202,2.9599079260923477e-06,0.00042876423722382786,114.94159357392037,0.0014851579584174047,-0.0,0.0,0.0
2014-01-22,-2.7947413852107774e-05,4.948005390343885e-06,-3.289541924245166e-05,114.93781252201136,-0.0001,-0.0,0.0,0.0
2014-01-23,0.0,6.839676340708589e-09,-6.839676340708589e-09,114.93781173587392,-0.0,0.0,0.0,0.0
2014-01-24,0.0,0.0,0.0,114.93781173587392,0.0,-0.0,0.0,-0.0
2014-01-27,0.0,0.0,0.0,114.93781173587392,-0.0,-0.0,-0.0,-0.0
2014-01-28,0.0014718153913852977,0.0,0.0014718153913852977,115.10697897623892,-0.0,0.005887261565541191,0.0,0.0
2014-01-29,-4.043459561219916e-05,5.586919122439833e-05,-9.63037868365975e-05,115.09589373827218,-0.0,-0.0001,-0.0,0.0
2014-01-30,0.0,1.2732704993996814e-07,-1.2732704993996814e-07,115.09587908345158,0.0,-0.0,-0.0,-0.0
2014-01-31,0.0,3.406050066333047e-06,-3.406050066333047e-06,115.095487061125,-0.0,0.0,-0.0,0.0
2014-02-03,0.0,1.3037349123754428e-06,-1.3037349123754428e-06,115.09533700712026,-0.0,-0.0,-0.0,-0.0
2014-02-04,0.0004966074951288707,1.1507575020115458e-06,0.0004954567376268591,115.1523617673099,0.0026320202101619452,-0.0,-0.0,-0.0
2014-02-05,0.002337391096345585,6.04137146229819e-07,0.0023367869591993553,115.42144830460875,-0.0001,0.0053082844807270544,0.0012228619311651534,0.0
2014-02-06,-0.00045005622406240524,1.3158448502054469e-05,-0.00046321467256445973,115.3679833962254,0.0,-0.0001,-0.00021227761766129394,-0.001707087956622566
2014-02-07,-0.0005350487812186993,3.8950696046199663e-07,-0.0005354382881791613,115.30621096068505,0.0,0.0,-0.0001,-0.0024165439836172364
2014-02-10,7.415144966870347e-05,7.145880504677043e-07,7.343686161823576e-05,115.3146786869431,0.0,0.0,0.0,0.0003578883548164269
2014-02-11,2.964508570664555e-05,5.629820160346633e-09,2.9639455886485204e-05,115.31809655127509,0.0,-0.0,-0.0,0.00014310000171879889
2014-02-12,-8.109476258932878e-06,9.02603101508724e-05,-9.836978640980528e-05,115.30675273474817,-0.0,0.0,0.0,-0.0001
2014-02-13,-3.7301915549853474e-05,1.0952160927466537e-07,-3.741143715912814e-05,115.30243894341423,-0.0,-0.0,0.0,-0.0004608838866997477
2014-02-14,0.00037767176092306067,1.5200638925032263e-08,0.00037765656028413563,115.34598366589799,0.0,-0.0,0.0,0.004670710207916207
2014-02-17,-7.627739924935838e-06,9.164402269919797e-07,-8.544180151927818e-06,115.34499812903374,0.0,-0.0,0.0,-0.0001
2014-02-18,0.0,1.8455618972235134e-09,-1.8455618972235134e-09,115.3449979161574,0.0,0.0,-0.0,-0.0
2014-02-19,0.0,8.650558403293762e-06,-8.650558403293762e-06,115.3440001175164,0.0,0.0,-0.0,-0.0
2014-02-20,0.00027372716567604594,4.011242372457813e-09,0.0002737231544336735,115.37557244107354,0.002192977188900758,-0.0,-0.0,-0.0
2014-02-21,-1.208456255864958e-05,7.948523523664666e-07,-1.2879414911016046e-05,115.37408647120549,-0.0001,0.0,-0.0,0.0
2014-02-24,0.0,4.79795411189865e-09,-4.79795411189865e-09,115.37408591764591,0.0,0.0,-0.0,-0.0
2014-02-25,0.0,0.0,0.0,115.37408591764591,-0.0,-0.0,0.0,0.0
2014-02-26,0.0,0.0,0.0,115.37408591764591,0.0,-0.0,0.0,-0.0
2014-02-27,0.0,0.0,0.0,115.37408591764591,-0.0,0.0,-0.0,-0.0
2014-02-28,0.0,0.0,0.0,115.37408591764591,0.0,-0.0,0.0,-0.0
2014-03-03,0.0,0.0,0.0,115.37408591764591,0.0,-0.0,0.0,-0.0
2014-03-04,0.00033812141589082176,0.0,0.00033812141589082176,115.41309636693349,0.0027985171166356906,0.0,-0.0,0.0
2014-03-05,-1.1519297422363665e-05,1.1257323184599336e-06,-1.2645029740823599e-05,115.41163696489744,-0.0001,0.0,-0.0,0.0
2014-03-06,0.0,5.372584029472716e-09,-5.372584029472716e-09,115.41163634483873,-0.0,0.0,0.0,0.0
2014-03-07,0.0,1.357314015779386e-06,-1.357314015779386e-06,115.41147969500713,0.0,0.0,0.0,0.0
2014-03-10,0.00021552670054976017,1.3244449218084362e-06,0.00021420225562795173,115.43620109428316,-0.0012242388879511012,0.0,-0.0,0.00515364446219656
2014-03-11,-8.603701273883234e-06,8.915406724588821e-07,-9.495241946342116e-06,115.4351049996244,-1.382891230461425e-05,0.0,-0.0,-0.0001
2014-03-12,-0.000867704051235618,7.235709076531164e-07,-0.0008684276221432711,115.33485796587772,-0.0001,-0.0,-0.0012634338750823315,-0.0
2014-03-13,2.025645683277333e-05,1.3489004707860825e-05,6.767452124912504e-06,115.33563848900734,0.0,-0.0,3.327968657407254e-05,0.0
2014-03-14,-6.085979744422673e-05,1.506620991566371e-08,-6.087486365414239e-05,115.32861744773986,-0.0,-0.0,-0.0001,0.0
2014-03-17,0.0,4.344919691816468e-08,-4.344919691816468e-08,115.32861243680405,0.0,-0.0,0.0,-0.0
2014-03-18,0.0,0.0,0.0,115.32861243680405,0.0,0.0,-0.0,0.0
2014-03-19,0.0,0.0,0.0,115.32861243680405,0.0,-0.0,-0.0,0.0
2014-03-20,0.0009146290175127997,0.0,0.0009146290175127997,115.43409533228825,-0.0,0.0,-0.0,0.011187629401389832
2014-03-21,-0.0016678777266011966,3.2237042844138823e-06,-0.0016711014308856105,115.24119325040549,-0.002787450630365684,-0.0,-0.0019324986397171284,-0.0001
2014-03-24,-0.0004183552956612038,1.5253568704268092e-05,-0.00043360886436547187,115.19122364747206,0.0009793927903094524,-0.0,-0.0011212743245149204,0.0
2014-03-25,0.0002390572200341016,3.533267724417054e-06,0.00023552395230968455,115.2183539397369,-0.0001,-0.0,0.0004949034558734411,0.0
2014-03-26,-0.0003668832278434631,8.994786921913523e-07,-0.00036778270653565446,115.17597862168233,-0.0,0.0,-0.0001,-0.003673372664479324
2014-03-27,-8.377249647311832e-06,3.965202741976703e-07,-8.773769921509502e-06,115.17496809414543,-0.0,-0.0,0.0,-0.0001
2014-03-28,0.0,1.9583550208326917e-09,-1.9583550208326917e-09,115.17496786859193,-0.0,0.0,0.0,0.0
2014-03-31,0.0,0.0,0.0,115.17496786859193,0.0,0.0,0.0,-0.0
2014-04-01,0.0,7.233058351622094e-06,-7.233058351622094e-06,115.1741348013287,0.0,0.0,0.0,0.0
2014-04-02,0.0,1.683470991258873e-08,-1.683470991258873e-08,115.17413286240554,0.0,0.0,-0.0,-0.0
2014-04-03,0.0,0.0,0.0,115.17413286240554,-0.0,0.0,-0.0,0.0
2014-04-04,0.0,0.0,0.0,115.17413286240554,-0.0,0.0,-0.0,-0.0
2014-04-07,-0.00038981890842345647,3.184967224976089e-06,-0.00039300387564843257,115.12886898181618,-0.001538886290718755,-0.0,-0.0,0.0
2014-04-08,0.0006974233578835047,1.6320945886938569e-06,0.0006957912632948108,115.20897464300674,0.002844862358993172,-0.0,0.0,-0.0
2014-04-09,-2.270317264103667e-05,3.6240308750585954e-06,-2.6327203516095263e-05,115.20594151288444,-0.0001,-0.0,0.0,0.0
2014-04-10,0.0,1.3147538469696074e-08,-1.3147538469696074e-08,115.2059399982099,0.0,0.0,0.0,0.0
2014-04-11,-0.000536426706111377,0.0,-0.000536426706111377,115.14414045529217,-0.002363467359763016,-0.0,-0.0,0.0
2014-04-14,0.0006215661895829894,2.435834606201011e-06,0.0006191303549767884,115.21542968784576,0.002893874968977306,0.0,-0.0,-0.0
2014-04-15,-1.985151197079036e-05,3.647601417064479e-06,-2.349911338785484e-05,115.2127222273995,-0.0001,0.0,-0.0,0.0
2014-04-16,0.0,9.889692470543833e-09,-9.889692470543833e-09,115.21272108798108,-0.0,-0.0,-0.0,-0.0
2014-04-17,0.0,1.003189495551582e-06,-1.003189495551582e-06,115.21260550778953,0.0,0.0,0.0,0.0
2014-04-18,0.0,2.0721974335058403e-10,-2.0721974335058403e-10,115.21260548391521,-0.0,0.0,-0.0,-0.0
2014-04-21,0.0,5.525031908431983e-07,-5.525031908431983e-07,115.21254182858304,0.0,0.0,0.0,0.0
2014-04-22,0.0,8.299842209709419e-09,-8.299842209709419e-09,115.21254087233712,-0.0,0.0,0.0,0.0
2014-04-23,0.0,0.0,0.0,115.21254087233712,0.0,-0.0,0.0,0.0
2014-04-24,0.0,0.0,0.0,115.21254087233712,0.0,-0.0,-0.0,-0.0
2014-04-25,0.0,0.0,0.0,115.21254087233712,0.0,-0.0,0.0,-0.0
2014-04-28,2.609876232548461e-05,1.3426528738207556e-05,1.2672233587277056e-05,115.21400087256725,0.0,-0.0,-0.0,0.0002709209067905839
2014-04-29,-0.00018994812694380823,1.7538556631799265e-08,-0.00018996566550044002,115.19211416821653,-0.0009865350544384754,0.0,0.0,-0.0001
2014-04-30,0.0007219065398611604,3.1098962435442693e-07,0.0007215955502368059,115.27523628522269,0.002831766139333003,0.0,0.0,0.002162957270924959
2014-05-01,-2.6887287243223207e-05,1.8217995337494547e-06,-2.870908677697266e-05,115.27192683846094,-0.0001,-0.0,0.0,-0.0001
2014-05-02,-3.868315534166565e-05,8.893969500929634e-09,-3.869204931116658e-05,115.26746673138352,-0.0002248027072902058,0.0,0.0,-0.0
2014-05-05,-2.2455755507637294e-05,1.550524227125072e-06,-2.4006279734762366e-05,115.26469958833286,-0.00012487307507047518,-0.0,-0.0,-0.0
2014-05-06,-1.2509819048260337e-06,0.0001377590891978711,-0.00013901007110269712,115.24867663424745,-0.0001,-0.0,-0.0,0.0
2014-05-07,0.0,0.00016387942345045885,-0.00016387942345045885,115.22978974756721,0.0,-0.0,0.0,0.0
2014-05-08,0.00028298653915737537,4.0970016010148796e-07,0.0002825768389972739,115.26235101731241,0.0012632666096292656,0.0,-0.0,-0.0
2014-05-09,-2.21897000760616e-05,4.2294592435931926e-07,-2.2612646000420918e-05,115.25974463057167,-0.0001,-0.0,-0.0,0.0
2014-05-12,0.0,9.876204365075193e-09,-9.876204365075193e-09,115.25974349224286,-0.0,0.0,-0.0,-0.0
2014-05-13,-8.626289081298201e-05,4.010123750067263e-09,-8.626690093673208e-05,115.24980039136904,-0.0003888263781823941,0.0,0.0,0.0
2014-05-14,-0.0007591413191976303,7.256345082410909e-08,-0.0007592138826484544,115.16230114293944,-0.0034274029147307594,0.0,-0.0,0.0
2014-05-15,0.00015676827836941926,3.4903980409941987e-06,0.00015327788032842507,115.17995297635237,0.0007683223712326992,-0.0,-0.0,0.0
2014-05-16,0.000917513558373946,1.2496576172055241e-07,0.0009173885926122255,115.28561775131048,-0.0001,-0.0,0.0014116830222627886,-0.0
2014-05-19,-6.323793275571512e-05,6.394620609859689e-06,-6.963255336557481e-05,115.27759011938012,-0.0,0.0,-0.0001,0.0
2014-05-20,0.0,4.412280239196598e-09,-4.412280239196598e-09,115.2775896107431,0.0,-0.0,-0.0,-0.0
2014-05-21,0.0,1.2104453365223479e-06,-1.2104453365223479e-06,115.27745007352235,-0.0,-0.0,0.0,-0.0
2014-05-22,1.2186553909663211e-05,2.983550020380088e-09,1.2183570359642831e-05,115.27885456444619,-0.0,0.0,0.0,8.479483803424123e-05
2014-05-23,-0.00013262060329020332,2.3806080354460416e-09,-0.00013262298389823875,115.2635659387735,-0.0,0.0,-0.0,-0.0009227063989281081
2014-05-26,-0.0002550049573036982,9.319421548250052e-08,-0.0002550981515191807,115.23416241616499,-0.001980792518805796,0.0,-0.0,0.001385983793995127
2014-05-27,0.0003557602497355838,9.81958604037328e-07,0.0003547782911315465,115.27504499538696,0.0016518449625637643,-0.0,0.0,-0.0001
2014-05-28,-2.2070566677654176e-05,6.733853830589665e-07,-2.2743952060713143e-05,115.27242318528978,-0.0001,0.0,-0.0,0.0
2014-05-29,0.0,2.392157329664246e-09,-2.392157329664246e-09,115.27242290954001,-0.0,-0.0,-0.0,-0.0
2014-05-30,0.000413125211435364,0.0,0.000413125211435364,115.3200448536272,0.0007161895811868991,-0.0,0.0004016980356900014,0.0
2014-06-02,0.0011807980998602868,2.1955439223515283e-06,0.0011786025559379352,115.45596135324254,-0.0001,0.0,0.001927094032580401,-0.0
2014-06-03,-5.824539358872745e-05,8.460587489854808e-06,-6.670598107858226e-05,115.4482597500691,-0.0,0.0,-0.0001,-0.0
2014-06-04,0.0,1.6682048270061366e-08,-1.6682048270061366e-08,115.44825782415565,0.0,0.0,-0.0,0.0
2014-06-05,0.0,0.0,0.0,115.44825782415565,-0.0,0.0,-0.0,0.0
2014-06-06,0.0,2.06042379103156e-06,-2.06042379103156e-06,115.4480199518186,0.0,-0.0,0.0,0.0
2014-06-09,0.00033148674063000587,4.070195036373625e-09,0.0003314826704349695,115.48628896976867,0.0012915656011754817,0.0,-0.0,0.0
2014-06-10,-2.4441255501047926e-05,3.6493884290786263e-06,-2.8090643930126553e-05,115.48304488554639,-0.0001,0.0,0.0,0.0
2014-06-11,0.0,3.5952942121469934e-09,-3.5952942121469934e-09,115.48304447035088,-0.0,-0.0,-0.0,0.0
2014-06-12,-9.388157634034198e-05,2.744302170976376e-08,-9.390901936205174e-05,115.47219957089172,-0.00038426843180140437,-0.0,0.0,0.0
2014-06-13,0.0003143101870415882,4.251592069333121e-08,0.0003142676711208949,115.50848875013008,0.0012876292747825424,-0.0,0.0,0.0
2014-06-16,-2.418346029595731e-05,4.530609349374493e-07,-2.463652123089476e-05,115.50564302279464,-0.0001,0.0,0.0,-0.0
2014-06-17,0.0,3.84033501066583e-09,-3.84033501066583e-09,115.50564257921427,0.0,-0.0,0.0,0.0
2014-06-18,0.0,3.519442930308709e-05,-3.519442930308709e-05,115.50157742404241,-0.0,0.0,-0.0,-0.0
2014-06-19,0.0,9.435734027915245e-06,-9.435734027915245e-06,115.50048758187803,0.0,-0.0,0.0,0.0
2014-06-20,0.0,5.094312420304728e-06,-5.094312420304728e-06,115.49989918630959,0.0,0.0,0.0,0.0
2014-06-23,0.0,7.963780086173267e-07,-7.963780086173267e-07,115.49980720472988,-0.0,0.0,-0.0,-0.0
2014-06-24,0.0,2.30820262019626e-05,-2.30820262019626e-05,115.49714123515366,0.0,-0.0,0.0,0.0
2014-06-25,0.0,5.905826431534811e-08,-5.905826431534811e-08,115.49713441409297,0.0,0.0,-0.0,-0.0
2014-06-26,0.0,0.0,0.0,115.49713441409297,0.0,-0.0,0.0,0.0
2014-06-27,0.0,0.0,0.0,115.49713441409297,-0.0,-0.0,0.0,0.0
2014-06-30,0.0,0.0,0.0,115.49713441409297,0.0,-0.0,0.0,0.0
2014-07-01,-0.0005294267056689302,0.0,-0.0005294267056689302,115.43598714670591,-0.003701416557761805,-0.0,0.0,0.0
2014-07-02,0.00012133650824689495,2.5203915954049776e-06,0.00011881611665148996,115.4497028024205,0.0009302694046615656,0.0,0.0,0.0
2014-07-03,0.00026395377043531866,1.3570320163567572e-07,0.000263818067233683,115.48016051987653,0.002034277745571189,0.0,0.0,-0.0
2014-07-04,-1.2858678111678076e-05,2.332565688223459e-07,-1.3091934680500422e-05,115.47864866115812,-0.0001,0.0,-0.0,-0.0
2014-07-07,0.0,1.2761865064815415e-06,-1.2761865064815415e-06,115.4785012888649,-0.0,-0.0,-0.0,0.0
2014-07-08,0.0,2.3323122152252295e-09,-2.3323122152252295e-09,115.47850101953298,0.0,-0.0,-0.0,0.0
2014-07-09,0.0,0.0,0.0,115.47850101953298,0.0,-0.0,0.0,0.0
2014-07-10,0.0,1.074205585709498e-06,-1.074205585709498e-06,115.47837697188217,0.0,0.0,0.0,0.0
2014-07-11,0.0,1.7925177268753646e-06,-1.7925177268753646e-06,115.47816997484436,-0.0,-0.0,-0.0,-0.0
2014-07-14,0.0,2.881019855208167e-09,-2.881019855208167e-09,115.47816964214948,-0.0,0.0,-0.0,-0.0
2014-07-15,0.0,0.0,0.0,115.47816964214948,0.0,0.0,-0.0,0.0
2014-07-16,0.0014410044630661944,0.0,0.0014410044630661944,115.64457419999053,-0.0,0.0,0.0031745107819640575,-0.0
2014-07-17,-0.0006137523943997229,2.3436489518050468e-05,-0.0006371888839177734,115.5708867628249,-0.0031982776952376277,-0.0,-0.0001,0.0
2014-07-18,-0.00013913309610274582,2.532340242284906e-06,-0.00014166543634503074,115.55451436272286,-0.0008246869691793668,-0.0,-0.0,-0.0
2014-07-21,4.994740621073989e-05,1.3396413686255216e-07,4.981344207387734e-05,115.56027053083045,0.000987883938142975,0.0,-0.00033932249975977537,0.0
2014-07-22,-5.0837265767516245e-05,3.386596032789402e-07,-5.1175925370795185e-05,115.55435662704991,-0.0001,0.0,-0.0001,-0.0
2014-07-23,-0.00019703652035570431,4.300675410581489e-08,-0.00019707952710981013,115.53158322909039,-0.0,0.0,-0.0005779238958038113,0.0
2014-07-24,-0.00011394478895561834,6.305601288071117e-07,-0.00011457534908442545,115.51834615761163,-0.00047697644884115976,0.0,-0.0001,0.0
2014-07-25,-0.001024190400176027,2.2635653214153062e-07,-0.0010244167567081686,115.40000722810055,-0.0001,0.0,-0.00298855697859125,-0.0
2014-07-28,-0.00016586897564664353,9.964487194481914e-06,-0.00017583346284112545,115.37971604521775,-0.0,-0.0,-0.0005773925220301512,-0.0
2014-07-29,3.246896805826302e-05,2.2264304854088376e-05,1.0204663204174645e-05,115.3808934563606,0.0,0.0,0.0001528903327752129,0.0
2014-07-30,-2.1204942652007442e-05,1.0073249519559347e-07,-2.1305675147203037e-05,115.37843518852642,-0.0,0.0,-0.0001,-0.0
2014-07-31,-0.0004872161671924139,1.1656238877646996e-08,-0.00048722782343129154,115.32221960467861,-0.0,0.0,-0.0022982854611398704,-0.0
2014-08-01,-0.0019295015478296158,3.071533621009903e-06,-0.0019325730814506257,115.09935098737746,-0.0,-0.0,-0.0010980395031977563,-0.0026116946748724443
2014-08-04,-0.0004439533533510242,2.9150412362105332e-05,-0.0004731037657131295,115.04489705099421,0.0,-0.0,-0.0036520164920853526,0.0011175960702034526
2014-08-05,0.0016794178752799669,4.844266076054344e-06,0.0016745736092039125,115.23754819946939,-0.0,-0.0,0.0022433130910290977,0.00214654822270699
2014-08-06,-7.43025066177203e-05,7.809850731162106e-06,-8.211235734888241e-05,115.22808577273163,-0.0,0.0,-0.0001,-0.0001
2014-08-07,0.00017725144576186296,1.9547910505296474e-08,0.00017723189785135766,115.24850786505891,0.0006896543688710178,-0.0,-0.0,0.0
2014-08-08,-2.559720040837821e-05,2.0857834569803502e-07,-2.5805778754076244e-05,115.24553378756322,-0.0001,0.0,-0.0,-0.0
2014-08-11,0.0014925981382961071,3.4613845787712095e-08,0.0014925635244503195,115.41754506765034,0.003412132366589649,0.0,-0.0,0.0012918716189800228
2014-08-12,6.85730452671781e-05,2.425225828766697e-06,6.61478194384114e-05,115.4251796865815,-0.0001,0.0,0.0005212312586117985,-0.0001
2014-08-13,-2.70451889004291e-05,2.465635930058219e-07,-2.7291752493434924e-05,115.422029531146,-0.0,0.0,-0.0001,0.0
2014-08-14,0.0,8.492131535186632e-07,-8.492131535186632e-07,115.42193151324031,0.0,0.0,-0.0,0.0
2014-08-15,-7.787419231407106e-05,9.239731126486906e-10,-7.787511628718371e-05,115.41294301690164,-0.0,0.0,-0.0002834950194209428,0.0
2014-08-18,0.0005509763353582963,1.8332239273882722e-08,0.0005509580031190223,115.47653070152033,0.0,-0.0,0.0020064565809612134,0.0
2014-08-19,-2.6639828013432067e-05,1.6406787151262149e-06,-2.8280506728558284e-05,115.47326496671684,-0.0,0.0,-0.0001,0.0
2014-08-20,0.0,2.803585989341606e-09,-2.803585989341606e-09,115.4732646429776,-0.0,0.0,-0.0,-0.0
2014-08-21,-0.0012313997390663743,1.3903726745536915e-06,-0.001232790111740928,115.3309103441553,-0.004714651541013482,0.0,-0.0,-0.0
2014-08-22,0.00032245893966887024,6.8472313730464695e-06,0.0003156117082958238,115.36731012978834,0.0014208395494126336,0.0,-0.0,0.0
2014-08-25,-2.2777030571425832e-05,1.641450468121336e-07,-2.2941175618237966e-05,115.36466346806604,-0.0001,0.0,-0.0,-0.0
2014-08-26,-0.00019099401761218704,0.0,-0.00019099401761218704,115.34262950749981,-0.0008385378287712019,-0.0,0.0,-0.0
2014-08-27,-0.00032281801031907133,1.6054791499953704e-07,-0.00032297855823407086,115.30537631131854,-0.0014223089924707555,0.0,-0.0,0.0
2014-08-28,-2.2531024017044865e-05,3.3146519376241194e-07,-2.2862489210807276e-05,115.30274014339668,-0.0001,-0.0,0.0,0.0
2014-08-29,0.0,1.52385246352105e-06,-1.52385246352105e-06,115.30256443903207,-0.0,-0.0,0.0,0.0
2014-09-01,0.0,1.6996089474113908e-09,-1.6996089474113908e-09,115.3025642430628,-0.0,0.0,0.0,-0.0
2014-09-02,0.0,0.0,0.0,115.3025642430628,0.0,0.0,0.0,0.0
2014-09-03,0.0,0.0,0.0,115.3025642430628,0.0,0.0,-0.0,-0.0
2014-09-04,0.0,0.0,0.0,115.3025642430628,0.0,-0.0,-0.0,0.0
2014-09-05,0.0,4.514996629829793e-07,-4.514996629829793e-07,115.3025121839939,-0.0,0.0,-0.0,-0.0
2014-09-08,0.00033631895210371916,1.941397864882455e-09,0.00033631701070585427,115.3412903802185,0.00149326568030127,-0.0,-0.0,0.0
2014-09-09,-0.0010687933939733916,5.891382320855566e-07,-0.0010693825322054772,115.21794641904386,-0.004808361291918528,0.0,-0.0,-0.0
2014-09-10,0.0007912964623757378,4.363126738951825e-06,0.0007869333356367859,115.3086152619446,0.003947354793271796,-0.0,0.0,-0.0
2014-09-11,-0.002960382941071471,2.2148887940481504e-06,-0.002962597829865519,114.96700220860477,-0.0001,0.0,0.0,-0.00559400147379342
2014-09-12,-3.836988982986425e-05,2.8424445018957578e-05,-6.679433484882183e-05,114.95932306416267,0.0,0.0,0.0,-0.0001
2014-09-15,0.0,1.2390092748754134e-09,-1.2390092748754134e-09,114.95932292172701,0.0,0.0,0.0,-0.0
2014-09-16,0.0,0.0,0.0,114.95932292172701,-0.0,-0.0,-0.0,0.0
2014-09-17,0.0,0.0,0.0,114.95932292172701,0.0,0.0,0.0,0.0
2014-09-18,0.0,0.0,0.0,114.95932292172701,-0.0,0.0,0.0,-0.0
2014-09-19,0.0013174583912129874,0.0,0.0013174583912129874,115.11077704635841,0.00535227023155248,0.0,0.0,0.0
2014-09-22,0.002653159308149667,4.223473812559625e-06,0.002648935834337107,115.41569810859491,-0.0001,0.0,0.007031701830679238,-0.0
2014-09-23,0.00014324718122330762,1.5719573337142227e-05,0.0001275276078861654,115.43041679648722,0.0006839649689733718,-0.0,-0.0001,-0.0
2014-09-24,-2.5326497424322097e-05,6.270672280040968e-08,-2.5389204147122506e-05,115.42748611007039,-0.0001,-0.0,0.0,-0.0
2014-09-25,0.0,1.3575416310029899e-09,-1.3575416310029899e-09,115.42748595337278,-0.0,0.0,-0.0,0.0
2014-09-26,-0.00044210543025454264,0.0,-0.00044210543025454264,115.37645483503216,-0.0017456708361659578,-0.0,0.0,-0.0
2014-09-29,-0.0017157424131886544,1.519456361704541e-06,-0.001717261869550359,115.17832324850006,-0.006577368011809304,0.0,-0.0,-0.0
2014-09-30,0.0003276310987617942,5.232906528723303e-06,0.0003223981922330709,115.21545653169983,0.0013960108761108536,-0.0,0.0,-0.0
2014-10-01,-2.359118992764433e-05,2.441927152942447e-07,-2.3835382642938573e-05,115.21271032720702,-0.0001,0.0,-0.0,0.0
2014-10-02,-0.00010102283933932288,0.0,-0.00010102283933932288,115.20107121208179,-0.00042822273759469666,-0.0,-0.0,0.0
2014-10-03,-2.3586079285348788e-05,1.0221284591088731e-08,-2.3596300569939877e-05,115.19835289297949,-0.0001,-0.0,-0.0,0.0
2014-10-06,0.0,1.2018630290683286e-09,-1.2018630290683286e-09,115.19835275452684,-0.0,0.0,-0.0,-0.0
2014-10-07,0.0024730275284401237,0.0,0.0024730275284401237,115.48324145211974,0.010484847828106093,-0.0,0.0,0.0
2014-10-08,-1.935949048011436e-05,8.454379473497922e-06,-2.781386995361228e-05,115.48002941626017,-0.0001,-0.0,0.0,0.0
2014-10-09,0.0,1.2115339906637602e-09,-1.2115339906637602e-09,115.4800292763522,0.0,0.0,0.0,0.0
2014-10-10,0.0,0.0,0.0,115.4800292763522,-0.0,-0.0,-0.0,-0.0
2014-10-13,0.0,0.0,0.0,115.4800292763522,-0.0,-0.0,-0.0,-0.0
2014-10-14,0.0,2.370974927319336e-06,-2.370974927319336e-06,115.47975547609816,0.0,-0.0,-0.0,0.0
2014-10-15,0.0,6.0764916263151e-07,-6.0764916263151e-07,115.47968530492145,-0.0,0.0,-0.0,-0.0
2014-10-16,0.0,5.055207708631326e-08,-5.055207708631326e-08,115.47967946718349,0.0,-0.0,0.0,0.0
2014-10-17,0.0012185390852531147,4.537779159280997e-08,0.0012184937074615218,115.62039072995394,0.0012445100320381708,0.003910147281576559,0.0,-0.0
2014-10-20,-5.5585922567769376e-05,6.488812733495242e-05,-0.00012047404990272179,115.60646147323138,-0.0001,-0.0001,-0.0,-0.0
2014-10-21,0.0,7.036904863137184e-08,-7.036904863137184e-08,115.60645333811466,0.0,-0.0,0.0,0.0
2014-10-22,0.0,1.2182349493090883e-08,-1.2182349493090883e-08,115.60645192975645,-0.0,0.0,-0.0,-0.0
2014-10-23,0.0,1.684388889065394e-06,-1.684388889065394e-06,115.60625720353332,-0.0,0.0,-0.0,-0.0
2014-10-24,0.0,8.035565352725594e-08,-8.035565352725594e-08,115.60624791391696,0.0,0.0,-0.0,-0.0
2014-10-27,0.0,7.452374802568995e-10,-7.452374802568995e-10,115.60624782776286,0.0,0.0,0.0,0.0
2014-10-28,0.0,4.547847445232623e-09,-4.547847445232623e-09,115.60624730200328,0.0,-0.0,0.0,0.0
2014-10-29,0.0,1.1879074186164379e-06,-1.1879074186164379e-06,115.60610997248446,0.0,0.0,0.0,0.0
2014-10-30,0.002799077130413063,2.92610631276366e-06,0.002796151024100299,115.92936211527629,-0.0,0.0,-0.0,0.010421678832789428
2014-10-31,-1.5534598953274758e-05,2.264723637093768e-05,-3.8181835324212435e-05,115.92493571946277,-0.0,0.0,-0.0,-0.0001
2014-11-03,0.0,1.4417542297373381e-06,-1.4417542297373381e-06,115.92476858419636,-0.0,0.0,-0.0,-0.0
2014-11-04,-7.621941414623092e-05,1.3050477658313465e-08,-7.623246462388923e-05,115.91593135337624,-0.0006748265080350868,0.0,0.0,-0.0
2014-11-05,0.0005115511462117424,1.187591360646556e-08,0.000511539270298136,115.97522690431667,0.004531520737757866,-0.0,0.0,0.0
2014-11-06,-1.0948378848342335e-05,6.807025342421738e-07,-1.162908138258451e-05,115.97387821896463,-0.0001,0.0,-0.0,-0.0
2014-11-07,0.0,4.2063991590298863e-07,-4.2063991590298863e-07,115.97382943572225,-0.0,0.0,-0.0,-0.0
2014-11-10,0.0007191109832340635,4.508849226145945e-08,0.0007190658947418021,116.05722226115209,0.006467163086844907,-0.0,0.0,0.0
2014-11-11,-1.0477236574236219e-05,1.2843655379009931e-06,-1.1761602112137213e-05,116.05585724228162,-0.0001,0.0,-0.0,-0.0
2014-11-12,0.0,1.6856003136764276e-09,-1.6856003136764276e-09,116.05585704665783,0.0,0.0,0.0,0.0
2014-11-13,0.0,5.796918416144242e-08,-5.796918416144242e-08,116.0558503189945,-0.0,-0.0,-0.0,0.0
2014-11-14,0.0,1.3481250487539176e-06,-1.3481250487539176e-06,116.05569386119564,0.0,0.0,-0.0,-0.0
2014-11-17,0.0,1.271906200301376e-08,-1.271906200301376e-08,116.05569238507607,0.0,0.0,-0.0,0.0
2014-11-18,0.0,0.0,0.0,116.05569238507607,-0.0,-0.0,-0.0,-0.0
2014-11-19,0.0,7.707958782107644e-07,-7.707958782107644e-07,116.05560292982673,0.0,0.0,-0.0,0.0
2014-11-20,-7.432689718709562e-05,3.878612705847384e-08,-7.436568331415409e-05,116.04697237561241,-0.0006894184502908129,0.0,0.0,-0.0
2014-11-21,-1.0767934779457633e-05,2.6331787956934693e-08,-1.0794266567414567e-05,116.04571973365825,-0.0001,0.0,0.0,0.0
2014-11-24,0.0,3.6718857269875394e-08,-3.6718857269875394e-08,116.04571547259204,-0.0,-0.0,-0.0,0.0
2014-11-25,0.0004983432505188351,9.60028401141455e-08,0.000498247247678721,116.10353493093115,0.004599682966228469,0.0,0.0,-0.0
2014-11-26,-1.0546152332218309e-05,5.762865918626819e-07,-1.112243892408099e-05,116.102243576455,-0.0001,-0.0,0.0,-0.0
2014-11-27,0.0,2.686270024494786e-09,-2.686270024494786e-09,116.10224326457303,0.0,-0.0,0.0,-0.0
2014-11-28,0.0010488842939373974,0.0,0.0010488842939373974,116.22402108402414,-0.0,0.0,0.003972761415744197,-0.0
2014-12-01,-2.392557959483367e-05,4.9526306266871535e-06,-2.8878210221520825e-05,116.22066474231048,-0.0,0.0,-0.0001,-0.0
2014-12-02,0.0,1.2767817191806919e-08,-1.2767817191806919e-08,116.22066325842628,0.0,-0.0,0.0,0.0
2014-12-03,0.0,0.0,0.0,116.22066325842628,-0.0,0.0,-0.0,-0.0
2014-12-04,0.0,0.0,0.0,116.22066325842628,-0.0,0.0,0.0,-0.0
2014-12-05,0.0006098321061785563,3.569944416695059e-08,0.0006097964067343893,116.29153420126957,0.005585377311375417,-0.0,-0.0,-0.0
2014-12-08,-1.0936377150775366e-05,3.601625570568562e-08,-1.0972393406481051e-05,116.29025820480645,-0.0001,0.0,-0.0,-0.0
2014-12-09,0.00017935702466507738,3.825018675423356e-07,0.00017897452279753504,116.31107119827466,0.0016118172112002838,-0.0,0.0,-0.0
2014-12-10,-1.0862723880560618e-05,3.7608324875495315e-06,-1.4623556368110151e-05,116.30937031676876,-0.0001,-0.0,0.0,0.0
2014-12-11,0.0,6.586858981949551e-09,-6.586858981949551e-09,116.30936955065533,0.0,-0.0,0.0,0.0
2014-12-12,0.0,0.0,0.0,116.30936955065533,-0.0,0.0,-0.0,-0.0
2014-12-15,0.0,0.0,0.0,116.30936955065533,0.0,-0.0,0.0,-0.0
2014-12-16,0.0,0.0,0.0,116.30936955065533,-0.0,-0.0,-0.0,0.0
2014-12-17,0.0,0.0,0.0,116.30936955065533,0.0,-0.0,0.0,0.0
2014-12-18,0.0015489749364655974,8.389290759726679e-07,0.0015481360073896248,116.48943227365349,0.013732021244941762,0.0,-0.0,-0.0
2014-12-19,-7.251343642863599e-06,3.090521398400893e-05,-3.8156557626872525e-05,116.48498743791802,-0.0001,0.0,0.0,0.0
2014-12-22,0.0,3.693070844958263e-08,-3.693070844958263e-08,116.48498313604489,-0.0,0.0,-0.0,-0.0
2014-12-23,-2.0537093654941638e-05,1.9985275028749917e-09,-2.0539092182444513e-05,116.48259064023839,-0.0002834066244795762,0.0,-0.0,-0.0
2014-12-24,-7.243293406245187e-06,6.436201812272391e-09,-7.249729608057459e-06,116.4817461729522,-0.0001,0.0,-0.0,-0.0
2014-12-25,0.0,7.743944314903967e-08,-7.743944314903967e-08,116.48173715267063,0.0,-0.0,0.0,0.0
2014-12-26,0.0,8.798162868453141e-07,-8.798162868453141e-07,116.48163467014116,0.0,-0.0,0.0,-0.0
2014-12-29,0.0,1.392730657136243e-09,-1.392730657136243e-09,116.48163450791363,-0.0,0.0,-0.0,0.0
2014-12-30,0.0,2.820079086757188e-09,-2.820079086757188e-09,116.48163417942621,-0.0,0.0,-0.0,0.0
2014-12-31,0.0,1.4759681415210669e-08,-1.4759681415210669e-08,116.4816324601944,0.0,-0.0,0.0,0.0
2015-01-01,0.0,2.8610275845636356e-09,-2.8610275845636356e-09,116.48163212693723,-0.0,0.0,0.0,-0.0
2015-01-02,-6.66177290794633e-05,0.0,-6.66177290794633e-05,116.47387238512546,-0.0008616465162061381,0.0,-0.0,0.0
2015-01-05,-0.0010408169851062249,2.137885981325306e-06,-0.0010429548710875502,116.35239539256696,-0.011826943888551211,0.0,-0.0,-0.0
2015-01-06,-4.510036777214915e-05,3.072697025161432e-06,-4.8173064797310585e-05,116.3467903410844,-0.0006208717070699254,-0.0,-0.0,0.0
2015-01-07,-0.00038698447805572185,1.2560711643444523e-08,-0.0003869970387673653,116.30176447775231,-0.005332010274012311,-0.0,-0.0,-0.0
2015-01-08,-0.00023291633649889367,4.593050783904221e-07,-0.00023337564157728408,116.27462247885074,-0.003314069355740079,0.0,-0.0,-0.0
2015-01-09,-0.00023424233776882095,1.699836509978958e-07,-0.00023441232141981885,116.24736627467325,-0.003373735503850117,0.0,-0.0,0.0
2015-01-12,-6.86076300537916e-06,1.6470410428791743e-07,-7.025467109667077e-06,116.24654958262491,-0.0001,-0.0,0.0,0.0
2015-01-13,0.0012774465524072057,5.285017750517041e-10,0.0012774460239054306,116.39504827518195,-0.0,0.0,-0.0,0.008621194909612207
2015-01-14,-1.1902666274088656e-05,5.829690573337216e-06,-1.7732356847425872e-05,116.39298431665065,-0.0,-0.0,0.0,-0.0001
2015-01-15,-0.0034117600844108297,0.00011120990934388131,-0.003522969993754711,115.98293532541955,0.0,-0.003538166183559188,0.0,-0.0
2015-01-16,-0.0046447135568574065,0.00010630836226285157,-0.0047510219191202584,115.43189785744457,-0.0,-0.010733470847445914,-0.0,0.0
2015-01-19,0.0016971003735381464,4.784024000552095e-05,0.0016492601335326253,115.62227508471888,-0.006230007751373401,0.012313789193116653,-0.0,-0.0005113197216826237
2015-01-20,0.00024468626312877266,1.097178365647307e-05,0.00023371447947229958,115.64929768455572,0.0027603766901020954,-0.0001,-0.0,-0.0001
2015-01-21,-9.936008854780212e-06,1.2014218562588498e-07,-1.0056151040406097e-05,115.64813469775048,-0.0001,0.0,0.0,-0.0
2015-01-22,0.0,4.318129579489183e-10,-4.318129579489183e-10,115.64813464781211,0.0,-0.0,-0.0,-0.0
2015-01-23,0.0,0.0,0.0,115.64813464781211,-0.0,0.0,-0.0,-0.0
2015-01-26,-0.0019477115603098879,0.0,-0.0019477115603098879,115.4228854390303,-0.019602980561736604,-0.0,-0.0,-0.0
2015-01-27,0.0008572754218950394,4.269296930317086e-06,0.0008530061249647223,115.5213418672709,0.01098909812204485,0.0,0.0,0.0
2015-01-28,-6.697378369856222e-06,1.4983791781057547e-05,-2.168117015091377e-05,115.51883722940181,-0.0001,-0.0,0.0,-0.0
2015-01-29,0.0,8.966977141219857e-09,-8.966977141219857e-09,115.51883619354703,-0.0,-0.0,-0.0,-0.0
2015-01-30,0.0,0.0,0.0,115.51883619354703,0.0,0.0,-0.0,-0.0
2015-02-02,0.0,2.2903452382622147e-09,-2.2903452382622147e-09,115.51883592896901,-0.0,-0.0,0.0,0.0
2015-02-03,0.0,1.286038869198744e-07,-1.286038869198744e-07,115.51882107279769,0.0,0.0,-0.0,0.0
2015-02-04,0.0,8.348982941386307e-11,-8.348982941386307e-11,115.51882106315303,0.0,0.0,0.0,-0.0
2015-02-05,0.0,0.0,0.0,115.51882106315303,-0.0,-0.0,0.0,-0.0
2015-02-06,0.0,2.7835669671811283e-07,-2.7835669671811283e-07,115.51878890771559,0.0,0.0,0.0,0.0
2015-02-09,0.003057528260749402,2.2081145304858607e-10,0.003057528039937949,115.8719908439406,-0.0,0.0,0.005568893408764974,-0.0
2015-02-10,-4.161285637467994e-05,2.6581677564022943e-05,-6.819453393870288e-05,115.86408900752845,0.0,-0.0,-0.0001,0.0
2015-02-11,0.0,2.130191106798629e-08,-2.130191106798629e-08,115.86408653940194,-0.0,0.0,0.0,-0.0
2015-02-12,0.0,0.0,0.0,115.86408653940194,-0.0,0.0,-0.0,-0.0
2015-02-13,0.0,0.0,0.0,115.86408653940194,0.0,-0.0,0.0,0.0
2015-02-16,-0.00027223672978014926,0.0,-0.00027223672978014926,115.83254407938348,-0.0,-0.0,-0.0006543805239105471,0.0
2015-02-17,-4.143883265200547e-05,3.2674553428095197e-07,-4.176557818628642e-05,115.82770626620722,-0.0,-0.0,-0.0001,-0.0
2015-02-18,0.0,2.0398126136125794e-08,-2.0398126136125794e-08,115.82770390353905,0.0,0.0,-0.0,0.0
2015-02-19,0.0,2.5971865271895435e-10,-2.5971865271895435e-10,115.82770387345643,-0.0,-0.0,0.0,-0.0
2015-02-20,0.0,0.0,0.0,115.82770387345643,-0.0,0.0,-0.0,-0.0
2015-02-23,0.0,1.9720747830564852e-07,-1.9720747830564852e-07,115.82768103136702,0.0,0.0,-0.0,0.0
2015-02-24,0.0019081931025699544,3.9117389232373735e-10,0.001908192711396062,116.04870256808897,-0.0,-0.0,0.0,0.005827712311441624
2015-02-25,-2.8902975540808476e-05,7.680915825782516e-06,-3.658389136659099e-05,116.04445705496099,0.0,-0.0,0.0,-0.0001
2015-02-26,0.0,9.746014635168672e-06,-9.746014635168672e-06,116.04332608398418,0.0,-0.0,0.0,0.0
2015-02-27,0.006012734868472236,1.9913968574848672e-08,0.006012714954503661,116.74106152609971,-0.0,0.0,0.00703862514218988,0.009813457030660822
2015-03-02,-0.0005308026685609384,1.6743610992035404e-05,-0.0005475462795529739,116.67714039219001,-0.003973193061338487,0.0,-0.0001,-0.0001
2015-03-03,0.00017785842545332565,1.3766328312032757e-07,0.0001777207621702053,116.69787634250837,0.0015315062556262582,0.0,-0.0,-0.0
2015-03-04,-1.1595691650461898e-05,3.521793559500414e-08,-1.1630909586056903e-05,116.69651904005975,-0.0001,-0.0,0.0,0.0
2015-03-05,0.0,3.795849789781883e-07,-3.795849789781883e-07,116.69647474381402,-0.0,0.0,-0.0,0.0
2015-03-06,-0.0005435297536454279,7.843024556100643e-10,-0.0005435305379478836,116.63304664611988,-0.004612011125288762,0.0,-0.0,-0.0
2015-03-09,-0.0019756253722502896,1.4228214433438663e-07,-0.001975767654394624,116.40260684512297,-0.016865576664300552,0.0,-0.0,-0.0
2015-03-10,-0.00012186506129040378,2.400752263951746e-06,-0.00012426581355435553,116.38814198048352,-0.0011591210771538796,0.0,0.0,-0.0
2015-03-11,-0.0012105174665003433,3.5667853267293274e-09,-0.00121052103328567,116.24725168659111,-0.011511899510185497,-0.0,-0.0,-0.0
2015-03-12,-0.0015097871618501733,8.153592599834558e-07,-0.0015106025211101568,116.07164829512122,-0.014937031829733827,0.0,-0.0,-0.0
2015-03-13,0.0006997161192167793,1.1843496898472557e-06,0.000698531769526932,116.15272802899672,0.0073534322628194815,-0.0,-0.0,0.0
2015-03-16,-9.320948619675754e-06,3.891101653047624e-07,-9.710058784980517e-06,116.15160017917951,-0.0001,0.0,-0.0,-0.0
2015-03-17,0.0,1.1064724355733247e-09,-1.1064724355733247e-09,116.15160005066096,0.0,0.0,0.0,0.0
2015-03-18,0.0,1.3062573256021532e-06,-1.3062573256021532e-06,116.1514483267825,0.0,-0.0,-0.0,-0.0
2015-03-19,0.0,1.651193378710003e-09,-1.651193378710003e-09,116.15144813499401,0.0,-0.0,0.0,0.0
2015-03-20,0.0,0.0,0.0,116.15144813499401,-0.0,0.0,-0.0,-0.0
2015-03-23,0.0,4.325647135051958e-09,-4.325647135051958e-09,116.15144763256382,0.0,-0.0,0.0,0.0
2015-03-24,0.0,1.641687262332603e-09,-1.641687262332603e-09,116.15144744187947,0.0,-0.0,0.0,0.0
2015-03-25,0.0007695241782812188,0.0,0.0007695241782812188,116.24082878902836,0.003824815200944898,0.0,-0.0,0.0014726788171916972
2015-03-26,0.00108274090499426,2.004474638806042e-07,0.0010825404575303796,116.36666418900931,-0.0001,-0.0,0.0,0.004149955096796054
2015-03-27,-2.568376539658433e-05,1.290381988649278e-06,-2.697414738523361e-05,116.36352529745875,-0.0,-0.0,-0.0,-0.0001
2015-03-30,0.0,9.209864060939766e-09,-9.209864060939766e-09,116.3635242257665,-0.0,0.0,0.0,-0.0
2015-03-31,0.0,0.0,0.0,116.3635242257665,-0.0,0.0,-0.0,-0.0
2015-04-01,0.0,0.0,0.0,116.3635242257665,-0.0,0.0,0.0,-0.0
2015-04-02,0.0,8.943981835644877e-09,-8.943981835644877e-09,116.36352318501324,0.0,-0.0,0.0,-0.0
2015-04-03,0.0,7.709558434151859e-07,-7.709558434151859e-07,116.36343347387508,0.0,0.0,-0.0,-0.0
2015-04-06,0.0,6.5322236487322385e-09,-6.5322236487322385e-09,116.3634327137631,0.0,-0.0,0.0,0.0
2015-04-07,0.0,1.3050062254495455e-07,-1.3050062254495455e-07,116.36341752826269,-0.0,0.0,-0.0,-0.0
2015-04-08,0.0,3.6042302271153964e-08,-3.6042302271153964e-08,116.36341333425722,-0.0,0.0,-0.0,0.0
2015-04-09,0.0,4.106331082962267e-08,-4.106331082962267e-08,116.3634085559902,-0.0,-0.0,0.0,0.0
2015-04-10,0.0,1.1800258933616914e-09,-1.1800258933616914e-09,116.36340841867838,-0.0,0.0,-0.0,0.0
2015-04-13,-0.0005608234987669127,7.68176361618255e-06,-0.0005685052623830953,116.29725520864353,-0.00564891795429513,-0.0,-0.0,-0.0
2015-04-14,-0.0003426469096638549,1.555553142952068e-07,-0.0003428024649781501,116.2573882228878,-0.0034785770327848686,-0.0,0.0,-0.0
2015-04-15,-9.783666260890432e-06,7.746860305776898e-07,-1.055835229146812e-05,116.25616073642647,-0.0001,-0.0,0.0,0.0
2015-04-16,0.0,1.0592640285171565e-05,-1.0592640285171565e-05,116.25492927673484,0.0,-0.0,0.0,0.0
2015-04-17,0.0,0.00014212609360809858,-0.00014212609360809858,116.23840641777406,0.0,-0.0,0.0,0.0
2015-04-20,-0.000997423435203749,0.00017064269253007732,-0.0011680661277338263,116.10263227249568,0.0,-0.0,0.0,-0.00267705551321008
2015-04-21,0.004065551175612059,1.397971647027671e-06,0.0040641532039650315,116.57449115743475,-0.0,0.0,-0.0,0.011120447202242145
2015-04-22,-3.0280790073049215e-05,1.2556903340651066e-05,-4.283769341370028e-05,116.56949737512268,-0.0,0.0,0.0,-0.0001
2015-04-23,0.0,8.164250799927441e-09,-8.164250799927441e-09,116.56949642342008,-0.0,0.0,0.0,0.0
2015-04-24,0.0,4.283566992141059e-06,-4.283566992141059e-06,116.5689970901729,0.0,-0.0,0.0,0.0
2015-04-27,0.0,2.3154148898023808e-06,-2.3154148898023808e-06,116.56872718458135,0.0,-0.0,0.0,0.0
2015-04-28,-0.0031664505026349986,2.820446415921496e-09,-0.0031664533230814145,116.19961775102037,-0.0009267566439956742,0.0,-0.003205559813740388,-0.00442693108845772
2015-04-29,-0.008677207384963522,2.0403562886499722e-06,-0.008679247741252172,115.19109248112045,-0.0001,-0.0,-0.007299436399692105,-0.01647347740816829
2015-04-30,-0.006037995584251279,8.774694729053056e-06,-0.006046770278980333,114.49455840670232,-0.013337203319521828,0.0,-0.0060010294008929765,0.00023993010945477788
2015-05-01,0.0035361392655850776,4.129360074334765e-06,0.003532009905510743,114.89895432112188,-0.009027745228146644,0.0,0.004683104204786792,0.011459766313571373
2015-05-04,0.0005095669840045804,1.9704123209278056e-06,0.0005075965716836526,114.95727663642529,0.0025615628658635092,0.0,-0.0001,-0.0001
2015-05-05,-2.2790934115311723e-05,2.233232846867883e-07,-2.3014257399998512e-05,114.95463098007077,-0.0001,-0.0,-0.0,0.0
2015-05-06,0.0,3.8501980585553545e-09,-3.8501980585553545e-09,114.95463053747268,0.0,-0.0,0.0,0.0
2015-05-07,0.0,0.0,0.0,114.95463053747268,0.0,-0.0,0.0,0.0
2015-05-08,0.0017971056766811096,4.230919046352916e-06,0.0017928747576347567,115.16072979283656,0.00823400428046749,0.0,0.0,-0.0
2015-05-11,-2.1123174890553416e-05,1.4044819519822812e-06,-2.2527656842535698e-05,115.15813549143405,-0.0001,0.0,0.0,0.0
2015-05-12,0.0,2.9511055165076795e-09,-2.9511055165076795e-09,115.15813515159026,-0.0,0.0,0.0,-0.0
2015-05-13,-0.0032349254901316645,0.0,-0.0032349254901316645,114.78560716479234,0.0,-0.0,-0.006133299663219749,0.0
2015-05-14,-5.0363799434607175e-05,4.759680988670564e-06,-5.512348042327774e-05,114.77927978262292,0.0,-0.0,-0.0001,0.0
2015-05-15,-0.0002270837618147971,2.5890622394325603e-08,-0.00022710965243719143,114.7532123002845,-0.004901462966917081,0.0,0.0,0.0031347525670324286
2015-05-18,0.0005668631941038647,2.9314551917117297e-07,0.0005665700485846935,114.81822803335271,-0.0035136753843081348,0.0,-0.0,0.004908598398211894
2015-05-19,0.0022737465680188313,5.322222867527926e-07,0.0022732143457320783,115.07923447646967,0.01038610716641919,0.0,-0.0,-0.0001
2015-05-20,-2.1195416784596195e-05,1.9155084537970463e-06,-2.311092523839324e-05,115.07657488888519,-0.0001,0.0,-0.0,-0.0
2015-05-21,0.0,2.516243679109853e-09,-2.516243679109853e-09,115.07657459932447,-0.0,0.0,0.0,-0.0
2015-05-22,0.0,0.0,0.0,115.07657459932447,0.0,-0.0,0.0,0.0
2015-05-25,0.0,8.266793642639131e-07,-8.266793642639131e-07,115.07647946789494,-0.0,0.0,-0.0,-0.0
2015-05-26,-0.00043961200247417004,2.3240399041085657e-09,-0.00043961432651407414,115.02589019887606,-0.002085882051857568,0.0,-0.0,0.0
2015-05-27,-2.1073841123855607e-05,3.5028667756481503e-09,-2.1077343990631256e-05,115.0234657586205,-0.0001,0.0,-0.0,-0.0
2015-05-28,0.0,5.339702269601782e-06,-5.339702269601782e-06,115.02285156755934,0.0,0.0,-0.0,-0.0
2015-05-29,0.0,1.0637422729522506e-07,-1.0637422729522506e-07,115.02283933209239,0.0,0.0,-0.0,-0.0
2015-06-01,0.0,6.773159757253178e-08,-6.773159757253178e-08,115.02283154141173,-0.0,0.0,-0.0,-0.0
2015-06-02,0.0,2.354276509480835e-09,-2.354276509480835e-09,115.02283127061617,-0.0,0.0,-0.0,-0.0
2015-06-03,0.0,0.0,0.0,115.02283127061617,0.0,-0.0,0.0,0.0
2015-06-04,-0.001885981622728452,1.6612803845872382e-07,-0.0018861477507669108,114.80588121612824,-0.009770482357685416,0.0,-0.0,0.0
2015-06-05,0.0009139438509911353,2.5789408002815095e-06,0.0009113649101908538,114.91051126775216,0.004438275055515528,0.0,0.0,-0.0
2015-06-08,-2.0381383432541882e-05,4.2187534655022675e-07,-2.080325877909211e-05,114.90812075464983,-0.0001,0.0,-0.0,-0.0
2015-06-09,0.0,2.0122817900360887e-06,-2.0122817900360887e-06,114.90788952713089,0.0,-0.0,0.0,0.0
2015-06-10,0.0,4.5686685520556884e-06,-4.5686685520556884e-06,114.90736455106962,0.0,-0.0,0.0,0.0
2015-06-11,0.0,1.5890058186934177e-06,-1.5890058186934177e-06,114.90718196259874,0.0,-0.0,0.0,0.0
2015-06-12,-0.00043946237995816156,1.8967524281238158e-09,-0.0004394642767105897,114.85668436098871,-0.0,0.0,-0.0008754765111234186,0.0
2015-06-15,-5.0176673733257e-05,4.052361387396064e-08,-5.021719734713096e-05,114.85091658020352,-0.0,-0.0,-0.0001,-0.0
2015-06-16,0.0,8.20346875989031e-09,-8.20346875989031e-09,114.8509156380276,0.0,0.0,0.0,0.0
2015-06-17,0.0,0.0,0.0,114.8509156380276,-0.0,0.0,0.0,-0.0
2015-06-18,0.0,0.0,0.0,114.8509156380276,0.0,0.0,0.0,-0.0
2015-06-19,-4.1151878389456237e-05,0.0,-4.1151878389456237e-05,114.84618930711434,-0.00016814974491020641,-0.0,0.0,0.0
2015-06-22,-2.447478587198852e-05,2.8684213740470812e-09,-2.447765429336257e-05,114.84337814179557,-0.0001,-0.0,0.0,-0.0
2015-06-23,0.0,5.024752095377728e-07,-5.024752095377728e-07,114.84332043584506,-0.0,0.0,-0.0,-0.0
2015-06-24,0.0,5.123324296753301e-07,-5.123324296753301e-07,114.84326159788768,-0.0,0.0,-0.0,0.0
2015-06-25,0.0007430156732896322,1.0384235857446856e-09,0.0007430146348660465,114.92859182197066,0.0030154805280333432,-0.0,-0.0,-0.0
2015-06-26,-2.4470562756441136e-05,3.389587975422187e-07,-2.4809521553983354e-05,114.92574049859468,-0.0001,-0.0,0.0,0.0
2015-06-29,0.0,2.0049583126652282e-09,-2.0049583126652282e-09,114.92574026817334,-0.0,-0.0,-0.0,-0.0
2015-06-30,0.005504102272402621,0.0,0.005504102272402621,115.55830329634095,0.022491827635104034,0.0,0.0,0.0
2015-07-01,-1.9434953230506675e-05,1.0073224010181581e-05,-2.9508177240688254e-05,115.55489338144567,-0.0001,-0.0,-0.0,0.0
2015-07-02,0.0,2.0117622226423216e-11,-2.0117622226423216e-11,115.554893379121,-0.0,0.0,-0.0,-0.0
2015-07-03,0.00022121219478497836,0.0,0.00022121219478497836,115.58045553070353,0.0,-0.0,0.0004153384224976243,-0.0
2015-07-06,-5.322666918462738e-05,6.8082622680396e-08,-5.3294751807307776e-05,115.57429569901225,-0.0,-0.0,-0.0001,-0.0
2015-07-07,0.0015247666903558741,7.988391846538989e-09,0.0015247587019640277,115.75051861210268,0.0,0.0,0.0028644517906064484,-0.0
2015-07-08,-5.246538463220652e-05,1.530557496688273e-06,-5.399594212889479e-05,115.7442685537983,-0.0,-0.0,-0.0001,-0.0
2015-07-09,-0.0032056243568990258,6.19514348924044e-09,-0.003205630552042515,115.37323519029844,0.0,-0.0,-0.006109618998389144,-0.0
2015-07-10,0.0016583802917517708,4.944391795668185e-06,0.0016534358999561027,115.56399743925616,-0.0,0.006833506312231552,-0.0001,0.0
2015-07-13,-5.088541976718386e-05,7.677083953436772e-05,-0.00012765625930155158,115.54924497163313,0.0,-0.0001,0.0,-0.0
2015-07-14,0.0,1.7287957433367862e-08,-1.7287957433367862e-08,115.54924297402269,-0.0,0.0,-0.0,-0.0
2015-07-15,0.0,0.0,0.0,115.54924297402269,0.0,-0.0,0.0,0.0
2015-07-16,0.0,0.0,0.0,115.54924297402269,-0.0,0.0,-0.0,-0.0
2015-07-17,-0.0005536256902412827,1.655819726625693e-07,-0.0005537912722139453,115.48525281175274,-0.005357993415770934,0.0,-0.0,0.0
2015-07-20,-0.000513878112508232,3.0804154878913486e-06,-0.0005169585279961233,115.42555172545393,-0.005122730347380755,-0.0,-0.0,-0.0
2015-07-21,4.734963553594828e-05,2.023368642610407e-07,4.714729867168724e-05,115.43099372841546,0.00047682631799483843,0.0,-0.0,0.0
2015-07-22,-9.929076691737519e-06,2.1746852708628973e-09,-9.931251377008382e-06,115.42984735420004,-0.0001,-0.0,-0.0,0.0
2015-07-23,0.0,9.91375783548909e-12,-9.91375783548909e-12,115.42984735305568,-0.0,0.0,0.0,-0.0
2015-07-24,0.0,0.0,0.0,115.42984735305568,0.0,-0.0,-0.0,-0.0
2015-07-27,0.0,1.0314348136650998e-06,-1.0314348136650998e-06,115.42972829469258,-0.0,-0.0,0.0,-0.0
2015-07-28,0.0,1.5123399362212998e-05,-1.5123399362212998e-05,115.42798260481331,0.0,-0.0,0.0,0.0
2015-07-29,0.00018498141446054298,5.743179492860008e-06,0.00017923823496768297,115.44867171268127,0.002068977749113177,0.0,0.0,0.0
2015-07-30,-7.147926337749473e-06,3.0382769951551865e-05,-3.753069628930134e-05,115.44433884364622,-0.0001,0.0,-0.0,-0.0
2015-07-31,0.0,4.6174720422959005e-08,-4.6174720422959005e-08,115.44433351303616,-0.0,0.0,0.0,-0.0
2015-08-03,0.0,5.251895467323076e-10,-5.251895467323076e-10,115.44433345240598,0.0,-0.0,0.0,0.0
2015-08-04,0.0,0.0,0.0,115.44433345240598,-0.0,-0.0,-0.0,-0.0
2015-08-05,0.0,0.0,0.0,115.44433345240598,-0.0,0.0,-0.0,0.0
2015-08-06,0.0,4.969756800585784e-07,-4.969756800585784e-07,115.44427607937986,0.0,0.0,0.0,-0.0
2015-08-07,0.0,3.714480011143828e-10,-3.714480011143828e-10,115.44427603649832,0.0,0.0,-0.0,-0.0
2015-08-10,-0.0003309177905525999,0.0,-0.0003309177905525999,115.40607347174037,0.0,-0.0,-0.0014014944364916348,0.0
2015-08-11,0.0016986502672402862,1.0442974499137714e-05,0.0016882072927411485,115.60090284660198,0.0,0.0,0.005891285996233675,0.0
2015-08-12,-2.3531467951475802e-05,1.0603599665895016e-05,-3.413506761737082e-05,115.59695680196668,0.0,0.0,-0.0001,-0.0
2015-08-13,-0.000767671455867559,7.716203181175947e-06,-0.000775387659048735,115.50732434823885,-0.010870364510168217,-0.0,0.0,0.0
2015-08-14,0.0,0.00011188992865755228,-0.00011188992865755228,115.49440024195809,-0.0,0.0,0.0,-0.0
2015-08-17,0.000731359710394345,0.00016940544261882304,0.000561954267775522,115.55930281307822,0.006090043305764126,-0.0,0.0,-0.0
2015-08-18,-1.1776929392436756e-05,4.6435171626118963e-07,-1.2241281108697946e-05,115.55788821916776,-0.0001,0.0,-0.0,0.0
2015-08-19,0.0,2.954927344422931e-10,-2.954927344422931e-10,115.55788818502126,-0.0,-0.0,0.0,-0.0
2015-08-20,0.0,0.0,0.0,115.55788818502126,0.0,-0.0,0.0,0.0
2015-08-21,0.0,0.0,0.0,115.55788818502126,0.0,-0.0,0.0,-0.0
2015-08-24,-0.0014825223523383176,5.788298770892653e-08,-0.0014825802353260265,115.38656434396214,-0.012557658135525795,-0.0,-0.0,-0.0
2015-08-25,-0.013983887237882244,1.7264047652084086e-06,-0.013985613642647452,113.772812435495,-0.01811596974290519,-0.02349565208753236,0.0,-0.0
2015-08-26,0.0004049912288022487,5.611213654364289e-05,0.0003488790922586058,113.81250539102119,0.0027722740077466,-0.0001,-0.0,-0.0
2015-08-27,0.0028100785863684275,9.544126649629892e-08,0.002809983145101931,114.13231661287178,0.018257447261945337,0.0,-0.0,0.0
2015-08-28,-0.0028269431609373257,2.8496152615282766e-06,-0.002829792776198854,113.80934580778982,-0.0001,0.0,-0.004492994062647482,0.0
2015-08-31,0.000157429557943357,5.086392003955603e-06,0.0001523431659394014,113.82668388384367,-0.0,0.0,0.00026209923623099485,-0.0
2015-09-01,-0.0021404086115089636,2.3865594876601448e-08,-0.00214043247710384,113.58304555289766,0.0,-0.0,-0.003564203208293204,-0.0
2015-09-02,-5.845022526651709e-05,3.205418095816806e-06,-6.16556433623339e-05,113.57604251714906,0.0,-0.0,-0.0001,-0.0
2015-09-03,0.0,1.613408324046106e-07,-1.613408324046106e-07,113.57602419269581,-0.0,0.0,0.0,0.0
2015-09-04,0.0,1.4663538560333312e-10,-1.4663538560333312e-10,113.57602417604156,-0.0,-0.0,-0.0,-0.0
2015-09-07,0.0,0.0,0.0,113.57602417604156,0.0,-0.0,-0.0,-0.0
2015-09-08,0.0,0.0,0.0,113.57602417604156,0.0,0.0,0.0,0.0
2015-09-09,0.0,0.0,0.0,113.57602417604156,0.0,0.0,0.0,0.0
2015-09-10,0.0,1.198257456198615e-07,-1.198257456198615e-07,113.57601056670975,0.0,0.0,-0.0,-0.0
2015-09-11,0.0,2.376537364270903e-09,-2.376537364270903e-09,113.57601029679212,0.0,0.0,0.0,0.0
2015-09-14,0.0,0.0,0.0,113.57601029679212,0.0,0.0,0.0,0.0
2015-09-15,0.0004936721985254474,0.0,0.0004936721985254474,113.63207961549509,0.003111408739718591,-0.0,-0.0,0.0
2015-09-16,-1.582679044464815e-05,7.945323273919891e-08,-1.590624367738735e-05,113.63027215594714,-0.0001,0.0,-0.0,-0.0
2015-09-17,0.0,2.5533210230299644e-10,-2.5533210230299644e-10,113.63027212693369,0.0,0.0,0.0,0.0
2015-09-18,0.0003524370112535341,2.338850602051634e-10,0.0003524367773684739,113.6703196138536,0.0,-0.0,0.0,0.0014097480450141365
2015-09-21,0.0001913607594576155,0.00013849194478313028,5.286881467448523e-05,113.67632922891526,0.00945309751585376,-0.0,-0.0,-0.0001
2015-09-22,-2.823184830163856e-06,1.3177303609859492e-07,-2.954957866262451e-06,113.67599332015199,-0.0001,0.0,-0.0,-0.0
2015-09-23,0.0,1.2918042308742231e-08,-1.2918042308742231e-08,113.67599185168069,-0.0,-0.0,-0.0,-0.0
2015-09-24,0.00017321944539645063,8.014199512178244e-11,0.00017321936525445552,113.69568273483391,0.006121512160082154,0.0,-0.0,-0.0
2015-09-25,-2.8012387378022014e-06,5.6890369027173125e-08,-2.8581291068293746e-06,113.69535777789375,-0.0001,0.0,-0.0,0.0
2015-09-28,0.0,1.0500075466294026e-06,-1.0500075466294026e-06,113.69523839691007,0.0,0.0,-0.0,0.0
2015-09-29,0.0,1.1033613372263274e-11,-1.1033613372263274e-11,113.69523839565561,0.0,-0.0,-0.0,-0.0
2015-09-30,0.0,0.0,0.0,113.69523839565561,0.0,0.0,-0.0,0.0
2015-10-01,0.0,2.185181870848346e-08,-2.185181870848346e-08,113.69523591120787,-0.0,-0.0,-0.0,0.0
2015-10-02,0.0,1.018220770088174e-09,-1.018220770088174e-09,113.69523579544104,0.0,-0.0,0.0,0.0
2015-10-05,0.0,7.903771091395846e-07,-7.903771091395846e-07,113.69514593332923,0.0,0.0,0.0,0.0
2015-10-06,0.0,1.9591518021187805e-09,-1.9591518021187805e-09,113.69514571058319,-0.0,0.0,-0.0,0.0
2015-10-07,0.0,4.459303903685129e-06,-4.459303903685129e-06,113.69463870937608,0.0,-0.0,0.0,0.0
2015-10-08,7.680083273137775e-05,3.9812837849558386e-07,7.640270435288216e-05,113.70332528724391,0.0023840588590764325,-0.0,0.0,0.0
2015-10-09,-0.008362477464014717,1.560504841523619e-08,-0.008362493069063132,112.7524820175999,-0.0001,0.0,-0.0024335030402866773,-0.010201726413012323
2015-10-12,-0.00303096387521684,8.903121869160039e-05,-0.0031199950939084405,112.400694826879,-0.007456438964750023,0.0,-0.0001,-0.006510183433688033
2015-10-13,-0.0011101462244435538,6.920996417598104e-06,-0.0011170672208611519,112.27513569508586,0.0012718839315483121,-0.0,0.0,-0.004039318060830688
2015-10-14,0.004921723276437342,1.956561131264957e-06,0.004919766715306077,112.82750317063501,-0.0001,-0.0,-0.0,0.016540260866770518
2015-10-15,-2.0339444974635405e-05,1.8962174605353788e-05,-3.93016195799892e-05,112.82306886702725,0.0,-0.0,0.0,-0.0001
2015-10-16,0.0011427821570027727,2.3520317170516864e-07,0.0011425469538310674,112.95197452068315,0.009255970882470089,0.0,-0.0,0.0
2015-10-19,-1.1982440687605145e-05,7.279827557063551e-07,-1.27104234433115e-05,112.95053885325824,-0.0001,0.0,-0.0,-0.0
2015-10-20,0.0,0.0,0.0,112.95053885325824,-0.0,0.0,0.0,-0.0
2015-10-21,0.0,0.0,0.0,112.95053885325824,0.0,0.0,-0.0,0.0
2015-10-22,0.0,0.0,0.0,112.95053885325824,-0.0,0.0,-0.0,-0.0
2015-10-23,0.0,0.0,0.0,112.95053885325824,-0.0,0.0,-0.0,-0.0
2015-10-26,-0.0013461376055419138,0.0,-0.0013461376055419138,112.79849188534163,-0.005566054017639555,-0.0037074549650466635,-0.0,0.0
2015-10-27,0.00047378404557129136,4.341432614233851e-07,0.00047334990230986796,112.85188504045627,0.004138649294579855,-0.0001,0.0,0.0
2015-10-28,-1.182176426576155e-05,1.3144853862522426e-07,-1.1953212804386773e-05,112.850536097859,-0.0001,-0.0,-0.0,-0.0
2015-10-29,0.0,2.665881701627293e-10,-2.665881701627293e-10,112.85053606777437,-0.0,0.0,-0.0,-0.0
2015-10-30,0.0,0.0,0.0,112.85053606777437,0.0,0.0,0.0,-0.0
2015-11-02,0.0,0.0,0.0,112.85053606777437,0.0,-0.0,0.0,0.0
2015-11-03,0.0,0.0,0.0,112.85053606777437,-0.0,0.0,-0.0,0.0
2015-11-04,0.0,0.0,0.0,112.85053606777437,-0.0,0.0,-0.0,0.0
2015-11-05,0.0,0.0,0.0,112.85053606777437,-0.0,0.0,-0.0,-0.0
2015-11-06,0.00016093724074193433,5.822290376092776e-07,0.00016035501170432506,112.86863221680636,0.0013692713335562324,0.0,-0.0,0.0
2015-11-09,-9.778647762452776e-06,1.683824707727091e-05,-2.6616894839723686e-05,112.86562800429193,-0.0001,0.0,-0.0,-0.0
2015-11-10,0.00022805126205382412,1.5067287203000823e-08,0.0002280361947666211,112.891365452622,0.002331740235277369,-0.0,0.0,0.0
2015-11-11,-1.0206922622515388e-05,8.532390845682484e-07,-1.1060161707083636e-05,112.89011685586476,-0.0001,0.0,0.0,-0.0
2015-11-12,0.0,6.066994884895705e-10,-6.066994884895705e-10,112.8901167873744,0.0,-0.0,0.0,0.0
2015-11-13,0.0,2.613657796266239e-07,-2.613657796266239e-07,112.89008728176103,0.0,-0.0,0.0,0.0
2015-11-16,0.0,4.772114154227847e-10,-4.772114154227847e-10,112.89008722788859,-0.0,-0.0,-0.0,-0.0
2015-11-17,0.0,0.0,0.0,112.89008722788859,-0.0,0.0,-0.0,-0.0
2015-11-18,0.0,0.0,0.0,112.89008722788859,-0.0,0.0,0.0,0.0
2015-11-19,0.0,0.0,0.0,112.89008722788859,0.0,0.0,0.0,0.0
2015-11-20,0.0,1.4756947082389852e-06,-1.4756947082389852e-06,112.88992063658425,0.0,-0.0,0.0,0.0
2015-11-23,-0.00048452848643115156,7.426722130835649e-05,-0.000558795707739508,112.82683823348547,-0.0,0.0,-0.0,-0.005304962869646002
2015-11-24,0.0004918564612773094,4.965948435293826e-07,0.00049135986643378,112.88227681365002,0.0,-0.0,-0.0,0.00553568438246721
2015-11-25,-8.37161723739883e-06,5.426382522982574e-06,-1.3797999760381404e-05,112.8807192640216,0.0,-0.0,-0.0,-0.0001
2015-11-26,1.4068648159966723e-05,1.617302285966073e-05,-2.1043746996940075e-06,112.88048172069189,-0.0,0.0,0.0,0.00019022367507436365
2015-11-27,0.00037325007659522354,1.565976404403077e-07,0.00037309347895478324,112.92259669232317,-0.0,-0.0,-0.0,0.005053444506867177
2015-11-30,-5.573834075878035e-06,2.798055831223007e-05,-3.35543923881081e-05,112.91880764320427,-0.0,0.0,-0.0,-0.0001
2015-12-01,-7.372933528123118e-05,7.784733554955237e-09,-7.373712001478613e-05,112.91048133553316,-0.0010516000747490372,0.0,0.0,0.0
2015-12-02,-6.992088004936454e-06,3.8138566098675635e-08,-7.03022657103513e-06,112.90968754926713,-0.0001,-0.0,0.0,0.0
2015-12-03,0.00014912643911262348,1.7126239521714215e-09,0.00014912472648867132,112.92652517554085,-0.0,0.0,-0.0,0.0026751597281568953
2015-12-04,-5.540317733073305e-06,6.833911978341504e-08,-5.6086568528567196e-06,112.92589180941155,0.0,-0.0,0.0,-0.0001
2015-12-07,9.867175484534082e-05,2.525153537734359e-10,9.867150232998705e-05,112.93703437680833,0.002827824698325421,0.0,-0.0,-0.001788743722507713
2015-12-08,0.00031326981377022403,1.3457274428757618e-07,0.00031313524102593644,112.97239894228868,0.004593567319035707,0.0,-0.0,-0.0001
2015-12-09,-6.785035074900746e-06,3.1005418528992497e-07,-7.095089260190671e-06,112.97159739303424,-0.0001,-0.0,-0.0,-0.0
2015-12-10,0.0,1.973845125333856e-09,-1.973845125333856e-09,112.97159717004581,0.0,-0.0,0.0,0.0
2015-12-11,0.0011665606806446612,0.0,0.0011665606806446612,113.103385393334,0.0062389604031366395,-1.7813175996039737e-05,0.001416029043379441,0.0
2015-12-14,-0.0025849695803654925,7.395735522163574e-06,-0.002592365315887656,112.81018009993085,-0.0001,-0.006712688759502816,-0.0001,-0.0
2015-12-15,-2.273968186759874e-05,2.9859731158967142e-05,-5.2599413026565886e-05,112.80424635067416,0.0,-0.0001,-0.0,0.0
2015-12-16,0.0,7.273098456939131e-09,-7.273098456939131e-09,112.80424553023778,-0.0,0.0,-0.0,-0.0
2015-12-17,0.0,2.4435120337409912e-08,-2.4435120337409912e-08,112.80424277385247,-0.0,0.0,-0.0,0.0
2015-12-18,0.0,1.9964463451131813e-06,-1.9964463451131813e-06,112.80401756623426,-0.0,-0.0,-0.0,-0.0
2015-12-21,0.0,2.6671662551921995e-09,-2.6671662551921995e-09,112.8040172653672,0.0,-0.0,-0.0,0.0
2015-12-22,0.0,0.0,0.0,112.8040172653672,0.0,-0.0,-0.0,0.0
2015-12-23,0.0,1.0570801663727579e-06,-1.0570801663727579e-06,112.80389802247785,0.0,-0.0,-0.0,0.0
2015-12-24,0.0,2.4795976784230956e-09,-2.4795976784230956e-09,112.80389774276958,-0.0,-0.0,0.0,0.0
2015-12-25,0.0,0.0,0.0,112.80389774276958,0.0,-0.0,0.0,0.0
2015-12-28,0.0,0.0,0.0,112.80389774276958,-0.0,0.0,0.0,0.0
2015-12-29,0.0,0.0,0.0,112.80389774276958,0.0,0.0,-0.0,-0.0
2015-12-30,0.0,0.0,0.0,112.80389774276958,-0.0,0.0,-0.0,0.0
2015-12-31,0.0,0.0,0.0,112.80389774276958,0.0,-0.0,-0.0,-0.0
2016-01-01,0.0,0.0,0.0,112.80389774276958,-0.0,-0.0,-0.0,-0.0
2016-01-04,-5.854427118563726e-05,0.0,-5.854427118563726e-05,112.79729372078933,-0.0005667787872532081,0.0,-0.0,0.0
2016-01-05,-0.0002513552197079231,2.3041153242206457e-08,-0.0002513782608611653,112.76893893326394,-0.0024361372030365924,-0.0,-0.0,-0.0
2016-01-06,-0.0007166734471488533,9.499391286941079e-08,-0.0007167684410617227,112.68810971670456,-0.006978129118013876,-0.0,-0.0,-0.0
2016-01-07,0.000148425496603798,2.9778050264543418e-05,0.00011864744633925458,112.70147987315524,0.0025115788964840124,-0.0,-0.0,-0.0
2016-01-08,-6.3962591047211655e-06,1.4519098977064437e-06,-7.848169002427609e-06,112.70059537289437,-0.0001,-0.0,-0.0,-0.0
2016-01-11,0.0,2.6456873370437757e-07,-2.6456873370437757e-07,112.70056555584056,0.0,-0.0,-0.0,-0.0
2016-01-12,0.0,9.458159791205864e-06,-9.458159791205864e-06,112.69949961588297,-0.0,0.0,0.0,0.0
2016-01-13,0.0,2.807101521651312e-09,-2.807101521651312e-09,112.69949929952404,-0.0,0.0,-0.0,0.0
2016-01-14,0.0,2.2780527512277846e-06,-2.2780527512277846e-06,112.69924256411959,0.0,-0.0,-0.0,-0.0
2016-01-15,0.0,1.1264716271316978e-09,-1.1264716271316978e-09,112.69924243716709,-0.0,0.0,0.0,0.0
2016-01-18,0.0,0.0,0.0,112.69924243716709,0.0,-0.0,-0.0,-0.0
2016-01-19,0.0,0.0,0.0,112.69924243716709,-0.0,0.0,-0.0,0.0
2016-01-20,0.0,0.0,0.0,112.69924243716709,0.0,0.0,-0.0,0.0
2016-01-21,0.0,0.0,0.0,112.69924243716709,-0.0,-0.0,0.0,0.0
2016-01-22,0.0,3.865656928309221e-06,-3.865656928309221e-06,112.69880678055975,-0.0,0.0,0.0,0.0
2016-01-25,0.0,8.007736879409644e-07,-8.007736879409644e-07,112.69871653432062,-0.0,0.0,0.0,-0.0
2016-01-26,0.00040016939723327174,1.9738334934515935e-09,0.0004001674233997783,112.74381488933662,0.0049032708259326594,-0.0,-0.0,-0.0
2016-01-27,-7.610770345720081e-06,1.1010085390382466e-06,-8.711778884758328e-06,112.74283269015069,-0.0001,0.0,0.0,0.0
2016-01-28,0.0,2.2791072976174886e-09,-2.2791072976174886e-09,112.74283243319768,0.0,0.0,-0.0,0.0
2016-01-29,0.0,0.0,0.0,112.74283243319768,0.0,0.0,0.0,0.0
2016-02-01,0.005666171919342823,0.0,0.005666171919342823,113.38165270443785,-0.0,0.0,0.00797752417857921,0.002373963327606854
2016-02-02,0.0012789937691712323,8.12899127752221e-05,0.0011977038563960101,113.5174503471265,0.0,0.0040206528357531355,-0.0001,-0.0001
2016-02-03,0.005375841976747932,6.89218741338084e-06,0.005368949789334551,114.1269198382535,0.0,0.008142945714116001,0.001196865651873369,0.0112884772064069
2016-02-04,-7.783192837498354e-05,1.8828363960891868e-05,-9.666029233587541e-05,114.11588829681854,0.0,-0.0001,-0.0001,-0.0001
2016-02-05,-0.003313987041823333,1.416669934281023e-08,-0.0033140012085226757,113.73770810509126,-0.009922411750006088,-0.0,0.00022078981148675468,-0.006363451345555282
2016-02-08,0.005521905873279604,7.921114702688753e-06,0.005513984758576915,114.3648560940582,0.004903881349764272,0.0,0.004730981095451781,0.015731338382857896
2016-02-09,-7.056722765896673e-05,8.702150468985823e-06,-7.926937812795255e-05,114.35579046303592,-0.0001,-0.0,-0.0001,-0.0001
2016-02-10,0.0,1.3892978237758924e-08,-1.3892978237758924e-08,114.35578887429341,0.0,-0.0,0.0,-0.0
2016-02-11,0.00013984901221339948,0.0,0.00013984901221339948,114.37178141840836,0.0007008882944025019,-0.0,0.0,0.0
2016-02-12,-1.9942007317753655e-05,2.2205322872495548e-08,-1.996421264062615e-05,114.36949807584405,-0.0001,-0.0,-0.0,0.0
2016-02-15,0.0,1.5044791781548829e-09,-1.5044791781548829e-09,114.3694979037775,-0.0,0.0,0.0,-0.0
2016-02-16,0.0,0.0,0.0,114.3694979037775,-0.0,0.0,-0.0,0.0
2016-02-17,0.0,0.0,0.0,114.3694979037775,-0.0,-0.0,-0.0,-0.0
2016-02-18,0.0,0.0,0.0,114.3694979037775,-0.0,0.0,-0.0,0.0
2016-02-19,0.0,8.781517109983345e-07,-8.781517109983345e-07,114.36939747000723,-0.0,-0.0,0.0,-0.0
2016-02-22,0.0,7.185715269615812e-07,-7.185715269615812e-07,114.36931528741465,0.0,-0.0,-0.0,-0.0
2016-02-23,0.0,2.980181090705969e-09,-2.980181090705969e-09,114.36931494657338,-0.0,0.0,-0.0,0.0
2016-02-24,0.0007892363873708037,4.0237732369524665e-09,0.0007892323635975668,114.45957891133172,-0.0001882068233815092,-0.0,-0.0,0.0052968297384127115
2016-02-25,-3.53290872741502e-05,6.719206668002465e-08,-3.539627934083022e-05,114.45552746810334,-0.0001,0.0,-0.0,-0.0001
2016-02-26,0.0,1.4413442681299182e-09,-1.4413442681299182e-09,114.45552730313354,0.0,0.0,0.0,0.0
2016-02-29,0.0023027400147376696,7.352869094629233e-08,0.0023026664860467234,114.71908020999729,-0.0,0.0,-0.0,0.014797680844896289
2016-03-01,-0.0006846325787004005,4.596594823005665e-06,-0.0006892291735234062,114.64001247315679,-0.003301337106057189,-0.0,0.0,-0.0001
2016-03-02,-0.00023932973882907915,6.630932661446765e-07,-0.00023999283209522382,114.61249969189191,-0.0011963651431661226,0.0,0.0,0.0
2016-03-03,-1.9962616994146915e-05,8.424642764416068e-08,-2.0046863421791076e-05,114.61020207076416,-0.0001,-0.0,0.0,0.0
2016-03-04,0.0,4.5215084419415464e-07,-4.5215084419415464e-07,114.61015024966454,0.0,0.0,0.0,0.0
2016-03-07,0.0,1.308061188405349e-06,-1.308061188405349e-06,114.6100003325752,0.0,0.0,0.0,0.0
2016-03-08,-0.0012123461789234008,5.922484232506742e-10,-0.001212346771171824,114.471053268728,0.0,-0.0,-0.003351556215115858,0.0
2016-03-09,0.00127822973250311,3.144048605094771e-06,0.001275085683898015,114.61701366997168,-0.0,-0.0,0.003694240437166707,-0.0
2016-03-10,-3.2806910235141096e-05,3.7340669583763284e-06,-3.654097719351743e-05,114.61282545228917,-0.0,0.0,-0.0001,0.0
2016-03-11,0.0,1.0156679353228046e-05,-1.0156679353228046e-05,114.61166136657128,0.0,-0.0,0.0,-0.0
2016-03-14,0.00018030547843896544,1.3744318083197537e-08,0.00018029173412088223,114.63232490174956,0.0008381318219707779,0.0,0.0,0.0
2016-03-15,0.0012682918720615106,7.825785916022732e-08,0.0012682136142023505,114.77770317681761,0.0059062695138417665,0.0,-0.0,-0.0
2016-03-16,-2.0205982224926743e-05,2.5353432911555425e-06,-2.2741325516082284e-05,114.7750929797077,-0.0001,-0.0,-0.0,-0.0
2016-03-17,0.0,4.6523138290399673e-10,-4.6523138290399673e-10,114.77509292631072,0.0,-0.0,0.0,0.0
2016-03-18,-0.0018040231173096415,0.0,-0.0018040231173096415,114.56803600538028,-0.008928060656284941,-0.0,0.0,0.0
2016-03-21,0.0008135708115183288,4.071247260723402e-06,0.0008094995642576054,114.66077878060447,0.003440202338077847,0.0,0.00059443746859843,-0.0
2016-03-22,0.0021350110837964624,5.717384975792911e-07,0.002134439345298883,114.90551525819642,-0.0001,0.0,0.0067683432855595305,-0.0
2016-03-23,-2.8396390126253192e-05,6.82384540982369e-06,-3.522023553607688e-05,114.90146825888463,-0.0,0.0,-0.0001,0.0
2016-03-24,0.0,1.0462739405397993e-08,-1.0462739405397993e-08,114.9014670567005,-0.0,0.0,-0.0,-0.0
2016-03-25,0.0,0.0,0.0,114.9014670567005,-0.0,0.0,0.0,-0.0
2016-03-28,0.0,0.0,0.0,114.9014670567005,-0.0,0.0,0.0,-0.0
2016-03-29,0.0,0.0,0.0,114.9014670567005,0.0,-0.0,0.0,0.0
2016-03-30,0.0,0.0,0.0,114.9014670567005,0.0,-0.0,0.0,0.0
2016-03-31,0.0,0.0,0.0,114.9014670567005,0.0,-0.0,-0.0,0.0
2016-04-01,-0.0007648038590797835,5.574350904083425e-09,-0.0007648094334306876,114.81358933078052,-0.0040715201555541316,0.0,-0.0,0.0
2016-04-04,-0.0001691736014199826,4.352313305776956e-07,-0.00016960883275056032,114.79411593191023,-0.0009111707989557516,-0.0,-0.0,-0.0
2016-04-05,1.7881865733713014e-05,2.143801156429376e-06,1.573806457728364e-05,114.79592256911985,9.10550644512842e-05,-0.0,0.0,-0.0
2016-04-06,-1.981592011343457e-05,3.5480310329414067e-07,-2.017072321672871e-05,114.79360705233933,-0.0001,-0.0,-0.0,-0.0
2016-04-07,0.0,0.0,0.0,114.79360705233933,0.0,-0.0,-0.0,0.0
2016-04-08,0.0,0.0,0.0,114.79360705233933,-0.0,-0.0,-0.0,-0.0
2016-04-11,0.0,0.0,0.0,114.79360705233933,0.0,-0.0,0.0,0.0
2016-04-12,0.0,0.0,0.0,114.79360705233933,0.0,-0.0,0.0,0.0
2016-04-13,0.0,0.0,0.0,114.79360705233933,-0.0,0.0,0.0,0.0
2016-04-14,0.0,0.0,0.0,114.79360705233933,-0.0,0.0,-0.0,-0.0
2016-04-15,-0.00017838019208589478,0.0,-0.00017838019208589478,114.77313014666308,-0.0009001862697506468,-0.0,-0.0,0.0
2016-04-18,0.0005258468804624862,2.9005943693063973e-08,0.0005258178745187931,114.83347991000868,0.002655602256659062,-0.0,0.0,-0.0
2016-04-19,-1.9602280589269758e-05,3.982731046365623e-07,-2.0000553693906322e-05,114.83118317682788,-0.0001,0.0,0.0,0.0
2016-04-20,-0.001989483191834028,5.917076340927752e-10,-0.0019894837835416623,114.60272840005268,0.0,0.0,-0.007078973317260495,0.0
2016-04-21,0.0008825456427340034,5.963982062823545e-06,0.0008765816606711798,114.70318705003106,-0.0,0.0,0.003513020835059222,0.0
2016-04-22,-2.4653909906958464e-05,9.364391398803296e-07,-2.5590349046838793e-05,114.70025175543768,-0.0,-0.0,-0.0001,-0.0
2016-04-25,0.0,1.4146064992954427e-06,-1.4146064992954427e-06,114.70008949971609,-0.0,0.0,0.0,-0.0
2016-04-26,-0.00076791344848765,1.5962076638648127e-09,-0.0007679150446953138,114.61200957536136,0.0,-0.0,-0.003143049855830926,0.0
2016-04-27,-0.0014318627099940394,9.496478674753506e-07,-0.0014328123578615146,114.44779207168243,0.0,0.0,-0.005976731297016924,0.0
2016-04-28,0.0005451320156606226,2.7502170181266522e-06,0.000542381798642496,114.50986647099693,0.0,0.0,0.002413992076734872,-0.0
2016-04-29,-2.4748331255223736e-05,4.332304191760714e-06,-2.908063544698445e-05,114.50653645131501,0.0,-0.0,-0.0001,0.0
2016-05-02,0.0,4.971043619390653e-06,-4.971043619390653e-06,114.5059672343276,0.0,-0.0,-0.0,-0.0
2016-05-03,-3.176832004252393e-05,0.00011180600674275412,-0.00014357432678527805,114.48952711716905,-0.005505223836438156,-0.0,0.0,0.0
2016-05-04,0.0006049180848191994,0.00017163714387265547,0.0004332809409465439,114.5391332472069,0.0018176723512414172,0.0,-0.0,-0.0
2016-05-05,-0.0011519848403943377,6.945704112004581e-06,-0.0011589305445063422,114.40639034714543,-0.0001,0.0,-0.0,-0.004430931040098185
2016-05-06,0.00035733658430125883,9.409748148694014e-06,0.0003479268361525648,114.44619540057455,-0.0,0.0,-0.0,0.0011961407399070367
2016-05-09,-0.003984537616322682,5.942088648117627e-08,-0.003984597037209163,113.99017342946156,-0.0,0.0,-0.0,-0.013351032765875126
2016-05-10,-0.001983527457175347,1.0400088292450935e-05,-0.001993927545467798,113.76288528274792,0.0,0.0,-0.0,-0.008048602556896323
2016-05-11,0.001793862459122587,2.500387346479985e-06,0.0017913620717761069,113.96667580061926,-0.0,0.0,0.0,0.007667986997414111
2016-05-12,-2.2429221488674452e-05,1.9299112472353275e-06,-2.435913273590978e-05,113.96389967123595,0.0,-0.0,-0.0,-0.0001
2016-05-13,0.0,5.843131631516619e-10,-5.843131631516619e-10,113.96389960464535,-0.0,0.0,0.0,-0.0
2016-05-16,0.0,0.0,0.0,113.96389960464535,-0.0,-0.0,-0.0,-0.0
2016-05-17,-6.84398823342805e-05,0.0,-6.84398823342805e-05,113.95609992876605,-0.00017921335242178084,0.0,0.0,0.0
2016-05-18,-3.819089722134228e-05,3.688225234452225e-09,-3.819458544657673e-05,113.95174742277017,-0.0001,-0.0,0.0,0.0
2016-05-19,0.0,3.063124401772588e-09,-3.063124401772588e-09,113.95174707372178,-0.0,0.0,0.0,-0.0
2016-05-20,-0.0007875955950857358,0.0,-0.0007875955950857358,113.86199917967419,-0.0016128779446443863,-0.0,-0.0004357514351516322,0.0
2016-05-23,0.0035179208536623425,2.2527474870993603e-07,0.0035176955789136327,114.2625310307948,0.0014028329417130614,0.0,0.007564077526589941,-0.0
2016-05-24,-7.583189751900923e-05,6.582064116979919e-06,-8.241396163598914e-05,114.253114202946,-0.0001,-0.0,-0.0001,-0.0
2016-05-25,0.0,2.235472450393128e-09,-2.235472450393128e-09,114.2531139475363,-0.0,0.0,0.0,-0.0
2016-05-26,0.0007085876417513967,0.0,0.0007085876417513967,114.33407229211114,0.0017858629101818902,-0.0,0.0,-0.0
2016-05-27,0.0006975299049112787,1.0607567143276737e-05,0.000686922337768002,114.41261092033656,-0.0001,-0.0,0.002173102931894866,0.0
2016-05-30,-3.327627505645836e-05,1.4025812030545426e-06,-3.46788562595129e-05,114.40864322184818,-0.0,0.0,-0.0001,-0.0
2016-05-31,0.0,1.4829151523097496e-07,-1.4829151523097496e-07,114.40862625601713,0.0,0.0,0.0,0.0
2016-06-01,0.0,7.19411460176067e-10,-7.19411460176067e-10,114.40862617371026,-0.0,-0.0,-0.0,0.0
2016-06-02,0.0,0.0,0.0,114.40862617371026,0.0,-0.0,-0.0,0.0
2016-06-03,0.0,0.0,0.0,114.40862617371026,-0.0,-0.0,-0.0,-0.0
2016-06-06,0.0,1.1180406383052567e-06,-1.1180406383052567e-06,114.40849826021682,0.0,-0.0,-0.0,0.0
2016-06-07,-0.0004597622070375502,1.25684888818276e-06,-0.00046101905592573297,114.355753762359,-0.001247774526211176,0.0,0.0,0.0
2016-06-08,0.00020043542835996295,1.6159180751366688e-07,0.0002002738365524493,114.37865622789684,0.0005451684147652625,-0.0,0.0,0.0
2016-06-09,-3.6741937729518967e-05,4.768760712614562e-08,-3.678962533664511e-05,114.37444827998773,-0.0001,-0.0,-0.0,0.0
2016-06-10,0.0,1.044786642032225e-07,-1.044786642032225e-07,114.37443633029815,-0.0,0.0,-0.0,-0.0
2016-06-13,0.0,4.927030978331071e-06,-4.927030978331071e-06,114.37387280390723,-0.0,-0.0,-0.0,-0.0
2016-06-14,0.0,4.472822631174101e-09,-4.472822631174101e-09,114.37387229233317,0.0,-0.0,0.0,0.0
2016-06-15,0.0,0.0,0.0,114.37387229233317,-0.0,-0.0,-0.0,-0.0
2016-06-16,0.0,1.655242794702245e-05,-1.655242794702245e-05,114.37197912705304,0.0,-0.0,0.0,0.0
2016-06-17,0.0,4.178034839837228e-06,-4.178034839837228e-06,114.37150127693954,-0.0,-0.0,0.0,-0.0
2016-06-20,0.0,4.690045528966249e-06,-4.690045528966249e-06,114.37096486939133,0.0,-0.0,0.0,0.0
2016-06-21,0.0,6.527697453989623e-10,-6.527697453989623e-10,114.37096479473342,-0.0,-0.0,0.0,0.0
2016-06-22,0.0,0.0,0.0,114.37096479473342,-0.0,0.0,-0.0,-0.0
2016-06-23,0.0,0.0,0.0,114.37096479473342,0.0,-0.0,0.0,0.0
2016-06-24,0.0,0.0,0.0,114.37096479473342,-0.0,0.0,-0.0,0.0
2016-06-27,0.0,0.0,0.0,114.37096479473342,-0.0,-0.0,-0.0,-0.0
2016-06-28,-0.0009577307373365733,0.0,-0.0009577307373365733,114.26142820629066,-0.0019946552251383196,-0.0,-0.0,-0.0
2016-06-29,0.00253480852169524,1.2485839575553827e-06,0.0025335599377376847,114.55091638322281,0.005348762635305926,0.0,0.0,0.0
2016-06-30,-4.527124427749222e-05,4.238629790539611e-06,-4.950987406803183e-05,114.5452449817783,-0.0001,0.0,0.0,0.0
2016-07-01,0.0,2.490472201745808e-07,-2.490472201745808e-07,114.54521645460345,-0.0,0.0,-0.0,-0.0
2016-07-04,0.0,1.288928421905311e-09,-1.288928421905311e-09,114.54521630696286,0.0,-0.0,-0.0,0.0
2016-07-05,0.0,4.2431571682960415e-09,-4.2431571682960415e-09,114.54521582092951,0.0,0.0,-0.0,0.0
2016-07-06,0.0,0.0,0.0,114.54521582092951,-0.0,-0.0,-0.0,-0.0
2016-07-07,0.0,0.0,0.0,114.54521582092951,0.0,0.0,-0.0,0.0
2016-07-08,0.0,0.0,0.0,114.54521582092951,-0.0,-0.0,-0.0,-0.0
2016-07-11,0.0,0.0,0.0,114.54521582092951,-0.0,-0.0,0.0,0.0
2016-07-12,0.0,0.0,0.0,114.54521582092951,0.0,0.0,0.0,-0.0
2016-07-13,0.0,0.0,0.0,114.54521582092951,0.0,0.0,0.0,0.0
2016-07-14,0.0,2.57029669791381e-07,-2.57029669791381e-07,114.54518637941051,0.0,-0.0,-0.0,-0.0
2016-07-15,0.0,2.1820990305115417e-06,-2.1820990305115417e-06,114.54493643047037,0.0,0.0,0.0,0.0
2016-07-18,0.0,2.97716166072215e-09,-2.97716166072215e-09,114.54493608945158,-0.0,0.0,-0.0,-0.0
2016-07-19,0.0,7.425637467736127e-06,-7.425637467736127e-06,114.54408552028241,0.0,0.0,0.0,-0.0
2016-07-20,0.0,2.2646948139385144e-06,-2.2646948139385144e-06,114.54382611288598,-0.0,-0.0,-0.0,-0.0
2016-07-21,0.00019079802395627354,3.4535561291515473e-09,0.0001907945704001444,114.56568045298117,0.00044000168851997544,0.0,0.0,-0.0
2016-07-22,-4.3331698417082674e-05,6.264487629122629e-08,-4.33943432933739e-05,114.56070895051396,-0.0001,-0.0,-0.0,0.0
2016-07-25,0.0,2.1866890676686097e-06,-2.1866890676686097e-06,114.56045844186411,-0.0,0.0,-0.0,-0.0
2016-07-26,0.000698423317161497,1.0684204860466449e-05,0.0006877391123010306,114.63924614985773,0.001790428187363513,-0.0,-0.0,0.0
2016-07-27,-3.7877595208481654e-05,2.6099182115666865e-06,-4.048751342004834e-05,114.63460469184076,-0.0001,-0.0,0.0,0.0
2016-07-28,0.0,1.8893830315033777e-08,-1.8893830315033777e-08,114.63460252595401,0.0,0.0,0.0,0.0
2016-07-29,0.0,0.0,0.0,114.63460252595401,0.0,-0.0,-0.0,-0.0
2016-08-01,0.0,1.202155427923592e-05,-1.202155427923592e-05,114.63322443985746,0.0,-0.0,0.0,0.0
2016-08-02,-4.4656365564467404e-05,1.5511107134823343e-06,-4.620747627794974e-05,114.62792752785849,-0.0001,0.0,-0.0,-0.0
2016-08-03,-0.0020292163724022504,8.013288032434674e-07,-0.002030017701205494,114.39523080592444,-0.004566067724080192,-0.0,0.0,0.0
2016-08-04,0.002654564700904729,9.449522843961845e-06,0.002645115178060767,114.69781936722696,0.006021740830530864,0.0,0.0006329821406546477,-0.0
2016-08-05,-7.161724373552062e-05,1.9278908894660483e-05,-9.08961526301811e-05,114.68739377673141,-0.0001,-0.0,-0.0001,0.0
2016-08-08,0.0,1.658447359882582e-05,-1.658447359882582e-05,114.68549174667719,-0.0,0.0,-0.0,-0.0
2016-08-09,0.0,0.00012224692366268207,-0.00012224692366268207,114.67147179812243,-0.0,0.0,-0.0,0.0
2016-08-10,0.0,0.00017059690979046667,-0.00017059690979046667,114.65190919939255,0.0,-0.0,-0.0,0.0
2016-08-11,0.0,0.0,0.0,114.65190919939255,0.0,-0.0,0.0,0.0
2016-08-12,0.0,0.0,0.0,114.65190919939255,-0.0,0.0,-0.0,-0.0
2016-08-15,0.0,1.7232001532174746e-08,-1.7232001532174746e-08,114.65190722371068,0.0,-0.0,-0.0,-0.0
2016-08-16,0.0,7.817537295790045e-09,-7.817537295790045e-09,114.65190632741513,0.0,-0.0,-0.0,0.0
2016-08-17,0.0,0.0,0.0,114.65190632741513,0.0,-0.0,0.0,0.0
2016-08-18,-0.000937392028622187,6.048001346897091e-07,-0.0009379968287568767,114.54436320286909,-0.0021338330098137456,-0.0,0.0,-0.0
2016-08-19,-0.0008129684842936493,5.1498655347687264e-05,-0.0008644671396413365,114.44534336484907,-0.004471617839838071,0.0,0.0,0.0
2016-08-22,0.007659073802609884,2.6765244877979183e-06,0.007656397278122086,115.32158238028143,0.004519249190807928,0.0,0.008294999759165023,-0.0
2016-08-23,-0.0001,4.939433846259612e-05,-0.00014939433846259613,115.30435398877125,-0.0001,-0.0,-0.0001,0.0
2016-08-24,0.0,5.167375463730362e-07,-5.167375463730362e-07,115.30429440668229,-0.0,0.0,0.0,-0.0
2016-08-25,0.0,1.3999266003001665e-06,-1.3999266003001665e-06,115.30413298913342,-0.0,0.0,0.0,-0.0
2016-08-26,0.0,1.3359585162847631e-08,-1.3359585162847631e-08,115.30413144871802,0.0,0.0,-0.0,0.0
2016-08-29,0.0,0.0,0.0,115.30413144871802,-0.0,0.0,-0.0,-0.0
2016-08-30,0.0007888907563021372,0.0,0.0007888907563021372,115.39509381218136,-0.0006932011253045877,-0.0,-0.0,0.004294943523774897
2016-08-31,-0.000731030235192332,8.15943540638478e-05,-0.0008126245892561798,115.30132092147008,-0.003535651588412514,0.0,-0.0,-0.0001
2016-09-01,-0.0013326572409526212,1.303925196716957e-06,-0.0013339611661493383,115.14751343695511,0.0006696223394135892,-0.004319055034319075,0.0,-0.0007016346719012189
2016-09-02,0.0016552474609079991,4.505764235880266e-05,0.0016101898185491965,115.33292279072256,-0.0001,0.00042592319054657324,0.0,0.004380666508406295
2016-09-05,-0.0003827793453816783,1.4476736747974775e-05,-0.0003972560821296531,115.28710608567414,-0.0,-0.0001,-0.0015623988387736376,-0.0001
2016-09-06,0.001256749596424871,6.568073761337807e-07,0.0012560927890487373,115.43191738829866,-0.0,0.0039794733138184156,-0.0014644778049834883,0.0
2016-09-07,-5.3892414960495e-05,1.39760737747702e-05,-6.78684887352652e-05,115.4240831985137,0.0,-0.0001,-0.0001,0.0
2016-09-08,0.0013255142048485362,8.01789723199331e-09,0.0013255061869513042,115.5770785349165,-0.0,0.0,0.006035793252394883,-0.0
2016-09-09,-1.8815505241695237e-05,6.29077906175668e-06,-2.510628430345192e-05,115.57417682392384,0.0,0.0,-0.0001,-0.0
2016-09-12,0.00041105939358750685,6.60870431285765e-09,0.000411052784883194,115.62168391116789,0.002586684260607586,0.0,-0.0,-0.0
2016-09-13,-1.561157865244092e-05,5.595693191208284e-07,-1.6171147971561746e-05,115.61981417580864,-0.0001,-0.0,0.0,0.0
2016-09-14,0.0,1.6881032673721209e-09,-1.6881032673721209e-09,115.61981398063045,-0.0,0.0,-0.0,-0.0
2016-09-15,0.0005217182058571788,0.0,0.0005217182058571788,115.680134942542,0.0,0.0,0.0,0.0016208588925232692
2016-09-16,-3.156775335122535e-05,1.2400176894344833e-06,-3.280777104065984e-05,115.67633973516085,-0.0,-0.0,-0.0,-0.0001
2016-09-19,0.0,2.1749139081572724e-08,-2.1749139081572724e-08,115.67633721930007,-0.0,0.0,-0.0,-0.0
2016-09-20,0.00029780111415370693,0.0,0.00029780111415370693,115.71078576140519,0.0018900846181246656,-0.0,0.0,0.0
2016-09-21,-1.5618345196300833e-05,2.7524418408241827e-07,-1.589358938038325e-05,115.70894670168941,-0.0001,-0.0,-0.0,0.0
2016-09-22,0.0005332700062001226,2.117548751331966e-09,0.0005332678886513713,115.77065056739508,0.003414613728614613,-0.0,0.0,0.0
2016-09-23,-1.5190320653571902e-05,8.53931536706537e-07,-1.604425219027844e-05,115.76879311388115,-0.0001,0.0,0.0,0.0
2016-09-26,0.0,3.446412603929167e-07,-3.446412603929167e-07,115.76875321517836,0.0,0.0,-0.0,-0.0
2016-09-27,0.0,2.3811194858723353e-06,-2.3811194858723353e-06,115.76847755594422,0.0,-0.0,-0.0,0.0
2016-09-28,0.0,2.5375157278184625e-09,-2.5375157278184625e-09,115.76847726217987,-0.0,0.0,0.0,0.0
2016-09-29,0.0,0.0,0.0,115.76847726217987,0.0,0.0,0.0,0.0
2016-09-30,0.0,0.0,0.0,115.76847726217987,-0.0,0.0,-0.0,-0.0
2016-10-03,0.0,0.0,0.0,115.76847726217987,0.0,0.0,-0.0,0.0
2016-10-04,0.0,0.0,0.0,115.76847726217987,-0.0,0.0,-0.0,0.0
2016-10-05,0.0,0.0,0.0,115.76847726217987,0.0,0.0,-0.0,-0.0
2016-10-06,0.0,0.0,0.0,115.76847726217987,-0.0,0.0,0.0,0.0
2016-10-07,-0.001015526132446838,0.0,-0.001015526132446838,115.65091134820655,-0.0,-0.0030480022025396567,-0.0,-0.0
2016-10-10,0.0030064568140938134,5.08655574919312e-06,0.00300137025834462,115.99802255387752,0.004602674868286571,0.007198975110520145,0.0,0.0
2016-10-11,-4.149908125866198e-05,1.4690266457730925e-05,-5.6189347716392904e-05,115.99150470065382,-0.0001,-0.0001,-0.0,0.0
2016-10-12,-0.0012972349200322407,5.909939709503043e-09,-0.0012972408299719502,115.84103578482625,-0.00717959052803131,-0.0,-0.0,-0.0
2016-10-13,-0.0009900882457836626,4.023656637574535e-06,-0.0009941119024212371,115.72587683236375,-0.004525922593986209,0.0,-0.0,-0.0007046703533798548
2016-10-14,0.0008158009762014324,1.1142630154647143e-06,0.0008146867131859677,115.82015716659086,0.003436451413574071,-0.0,0.0,0.0007562952510415943
2016-10-17,-5.268407286462735e-05,5.912811409730268e-07,-5.3275354005600374e-05,115.81398680671684,-0.0001,0.0,-0.0,-0.0001
2016-10-18,0.000648097666042512,2.2545597812370645e-08,0.0006480751204446996,115.88904297016578,0.004262065927812075,-0.0,0.0,0.0
2016-10-19,-1.4765979035141215e-05,8.804136301812204e-07,-1.5646392665322436e-05,115.88722972469387,-0.0001,0.0,0.0,0.0
2016-10-20,0.0,0.0,0.0,115.88722972469387,-0.0,-0.0,-0.0,0.0
2016-10-21,0.0,0.0,0.0,115.88722972469387,-0.0,0.0,-0.0,-0.0
2016-10-24,0.0,1.430691843620824e-07,-1.430691843620824e-07,115.88721314480243,-0.0,-0.0,-0.0,-0.0
2016-10-25,-0.00011166166880581517,9.84895382333262e-10,-0.0001116626537011975,115.87427287105265,-0.0007525382335154096,0.0,-0.0,-0.0
2016-10-26,0.00016138637557467446,3.079885633054114e-08,0.00016135557671834391,115.89296983117859,0.0010887853899097522,-0.0,-0.0,0.0
2016-10-27,-1.4796608225984721e-05,5.199684172687014e-08,-1.4848605067711591e-05,115.89124898223943,-0.0001,0.0,0.0,-0.0
2016-10-28,0.0,1.0275076341492718e-09,-1.0275076341492718e-09,115.89124886316029,-0.0,0.0,-0.0,-0.0
2016-10-31,0.0,1.0275076341492718e-09,-1.0275076341492718e-09,115.89124874408114,0.0,-0.0,0.0,0.0
2016-11-01,0.0,1.1058046583736853e-06,-1.1058046583736853e-06,115.89112059099843,-0.0,0.0,0.0,0.0
2016-11-02,0.0,2.1110460598768507e-06,-2.1110460598768507e-06,115.89087593950494,0.0,-0.0,0.0,0.0
2016-11-03,-0.000617180666072775,6.951397689317074e-09,-0.0006171876174704644,115.81934952589728,-0.0037621877604352536,-0.0,0.0,0.0
2016-11-04,-0.0031283338256338808,9.070936715908613e-07,-0.0031292409193054717,115.45692287811349,-0.0004440721523790714,-0.0,-0.013441632838915318,0.0
2016-11-07,-0.0002645888139315269,1.5055424273170637e-05,-0.0002796442382046975,115.42463601486979,-0.0001,0.0,-0.0016235785441733874,-0.0
2016-11-08,0.0010905470642337055,1.089950573653964e-07,0.00109043806917634,115.55049943210123,-0.0,0.0,0.007191555499006075,0.0
2016-11-09,-1.4145824145368414e-05,2.03689646941769e-06,-1.6182720614786103e-05,115.548629510652,-0.0,0.0,-0.0001,0.0
2016-11-10,0.0,6.967697175647159e-10,-6.967697175647159e-10,115.54862943014122,-0.0,0.0,0.0,-0.0
2016-11-11,-0.002572559606313044,0.0,-0.002572559606313044,115.2513736935044,-0.0,-0.00957546136168853,0.0,-0.0
2016-11-14,-0.0014483055060527609,1.2133123316437278e-05,-0.0014604386293691981,115.08305613527455,-0.006053629430410668,-0.0001,-0.0017345829240069776,-0.0
2016-11-15,1.0913191086498169e-06,2.254959456346423e-06,-1.163640347696606e-06,115.08292221998708,-0.006880313144165595,0.0,-0.0001,0.0027770221462806058
2016-11-16,-0.00042130470742619196,3.5891913032090496e-06,-0.000424893898729401,115.03402418848788,-0.0021454703883946324,0.0,-0.0,-0.0001
2016-11-17,-0.00034602996734787794,7.420645904828189e-07,-0.0003467720319383608,114.99413360617798,-0.0019271627601300523,-0.0,-0.0,-0.0
2016-11-18,-1.8145774079181023e-05,3.293731853812207e-06,-2.143950593299323e-05,114.99166818876827,-0.0001,0.0,-0.0,-0.0
2016-11-21,0.0,6.456800472676161e-10,-6.456800472676161e-10,114.99166811452044,-0.0,0.0,-0.0,-0.0
2016-11-22,0.0,0.0,0.0,114.99166811452044,0.0,-0.0,0.0,0.0
2016-11-23,0.0,0.0,0.0,114.99166811452044,-0.0,0.0,-0.0,0.0
2016-11-24,0.0,0.0,0.0,114.99166811452044,-0.0,0.0,0.0,-0.0
2016-11-25,0.0,0.0,0.0,114.99166811452044,0.0,0.0,0.0,0.0
2016-11-28,0.0,1.1113200194632874e-05,-1.1113200194632874e-05,114.99039018909197,0.0,-0.0,0.0,0.0
2016-11-29,0.0,5.75019243430519e-07,-5.75019243430519e-07,114.9903240674048,0.0,-0.0,-0.0,0.0
2016-11-30,0.0,1.3930763421426018e-06,-1.3930763421426018e-06,114.99016387710475,0.0,0.0,0.0,-0.0
2016-12-01,0.0,2.3970039758489492e-05,-2.3970039758489492e-05,114.98740755830477,-0.0,0.0,0.0,-0.0
2016-12-02,0.0,6.650417236444134e-08,-6.650417236444134e-08,114.98739991116238,0.0,-0.0,0.0,0.0
2016-12-05,-0.0007559049552850164,1.3361341053231835e-06,-0.0007572410893903396,114.90032672718749,-0.0,-0.0,-0.006307267924356108,0.0
2016-12-06,-0.0005413360658273297,1.3473587323637863e-06,-0.0005426834245596935,114.83797222439615,0.0,0.0,-0.0047859317058518425,0.0
2016-12-07,0.0009435976497237912,6.324952653870619e-07,0.0009429651544584041,114.94626043061243,0.003330560434579566,0.0,0.00451092117758789,-0.0
2016-12-08,-2.3653765446601352e-05,1.1140104127871824e-06,-2.4767775859388534e-05,114.9434134673982,-0.0001,-0.0,-0.0001,0.0
2016-12-09,0.0016252391946434833,3.213241801629768e-07,0.0016249178704633204,115.13018707403342,0.012964239313035576,0.0,-0.0,-0.0
2016-12-12,-9.9900528159532e-06,5.0925446856374915e-06,-1.5082597501590692e-05,115.1284506117615,-0.0001,0.0,0.0,-0.0
2016-12-13,0.0,2.3573231582030286e-10,-2.3573231582030286e-10,115.128450584622,0.0,-0.0,0.0,0.0
2016-12-14,0.0,5.776918056338295e-06,-5.776918056338295e-06,115.12778549699702,-0.0,0.0,-0.0,-0.0
2016-12-15,0.0,4.779436509966817e-08,-4.779436509966817e-08,115.1277799945376,-0.0,0.0,-0.0,-0.0
2016-12-16,-0.0008458708136149424,0.0,-0.0008458708136149424,115.03039676560394,-0.009164387457410227,0.0,-0.0,-0.0
2016-12-19,0.00025538233390715064,1.3700266057749156e-06,0.0002540123073013757,115.05961590209617,0.0029886884988181706,-0.0,0.0,-0.0
2016-12-20,-8.469936659396728e-06,1.5005318295722992e-07,-8.619989842353958e-06,115.05862408937581,-0.0001,-0.0,-0.0,-0.0
2016-12-21,0.0,1.9475803685830296e-07,-1.9475803685830296e-07,115.05860168078408,-0.0,0.0,-0.0,0.0
2016-12-22,0.0,3.945496974688823e-10,-3.945496974688823e-10,115.05860163538775,0.0,-0.0,-0.0,-0.0
2016-12-23,0.0,0.0,0.0,115.05860163538775,0.0,-0.0,-0.0,-0.0
2016-12-26,0.0,0.0,0.0,115.05860163538775,0.0,-0.0,0.0,-0.0
2016-12-27,0.0,0.0,0.0,115.05860163538775,0.0,-0.0,-0.0,0.0
2016-12-28,0.0,0.0,0.0,115.05860163538775,0.0,0.0,0.0,0.0
2016-12-29,0.0,0.0,0.0,115.05860163538775,-0.0,-0.0,-0.0,-0.0
2016-12-30,0.0,0.0,0.0,115.05860163538775,0.0,-0.0,0.0,0.0
2017-01-02,0.0003828498237329961,0.0,0.0003828498237329961,115.10265180074282,0.0044688284406102395,0.0,0.0,-0.0
2017-01-03,-8.406274373508499e-06,3.2168805893726675e-07,-8.727962432445766e-06,115.10164718912202,-0.0001,0.0,-0.0,-0.0
2017-01-04,0.0,1.6323760262393352e-10,-1.6323760262393352e-10,115.10164717033308,-0.0,0.0,-0.0,0.0
2017-01-05,0.0,7.993660834072908e-07,-7.993660834072908e-07,115.1015551619802,0.0,-0.0,0.0,0.0
2017-01-06,0.0,6.659365392909721e-06,-6.659365392909721e-06,115.10078865866708,0.0,-0.0,0.0,0.0
2017-01-09,0.004084217592652,3.544074607743364e-09,0.004084214048577392,115.57088491670915,0.00688266708344164,0.0,0.01314178006011767,0.0034829199205377195
2017-01-10,-0.003506075991754249,1.8002970203899243e-05,-0.0035240789619581485,115.16360399255929,-0.0001,-0.0,-0.0001,-0.006550325841152338
2017-01-11,-8.628221901937779e-05,2.8283195741059497e-05,-0.00011456541476043728,115.15041022650259,-0.0,-0.0,0.0,-0.00022092662684958242
2017-01-12,-0.004541078592630001,3.114962972334795e-07,-0.004541390088927235,114.62746729476403,0.0,-0.0,0.0,-0.011617461299216592
2017-01-13,-0.0029979744699630746,2.4822673080062094e-05,-0.0030227971430431366,114.28097171411116,0.0,-0.003870683326566493,-0.0,-0.005541449902807027
2017-01-16,-0.0017853185340165367,3.5838562370333507e-06,-0.00178890239025357,114.07653421065129,0.0,-0.0038111707578029064,-0.0,-0.0012746509932510808
2017-01-17,0.0006304456758279044,2.6579169175248884e-06,0.0006277877589103795,114.14815006240768,-0.0,-0.0006565606202153518,0.0,0.0032882192890263395
2017-01-18,-6.307750930436671e-05,1.0552487778418664e-06,-6.413275808220858e-05,114.14082942671419,0.0,-0.0001,0.0,-0.0001
2017-01-19,0.007353342560621338,7.850176173690438e-09,0.007353334710445164,114.98014514961665,0.0063510470553320595,0.01659061033197039,-0.0,-0.0
2017-01-20,-4.6473065642191614e-05,2.530394394837473e-05,-7.177700959056635e-05,114.97189221863553,-0.0001,-0.0001,0.0,0.0
2017-01-23,0.0,2.4416171982649672e-08,-2.4416171982649672e-08,114.97188941146203,0.0,-0.0,0.0,0.0
2017-01-24,-0.0009910395744105614,3.426078234731178e-08,-0.0009910738351929086,114.85794378008364,-0.004490395606266529,-0.0,0.0,0.0
2017-01-25,0.0003471970554811268,7.113299358352116e-07,0.0003464857255452916,114.89774041806893,0.002982562043283732,0.0,-0.0013657856547086955,0.0
2017-01-26,-4.358890811962219e-05,2.702286144606325e-07,-4.385913673408282e-05,114.8927011023615,-0.0001,-0.0,-0.0001,-0.0
2017-01-27,0.0,8.238226079176903e-10,-8.238226079176903e-10,114.8927010077103,-0.0,0.0,-0.0,-0.0
2017-01-30,0.0,0.0,0.0,114.8927010077103,0.0,0.0,-0.0,0.0
2017-01-31,0.0,0.0,0.0,114.8927010077103,-0.0,-0.0,-0.0,0.0
2017-02-01,0.0,4.979517601947037e-07,-4.979517601947037e-07,114.8926437966876,0.0,-0.0,0.0,0.0
2017-02-02,0.000676000236352411,8.305947886619364e-06,0.0006676942884657917,114.96935695873738,0.003270228493414951,0.0,0.0,0.0
2017-02-03,-2.0489001688116172e-05,3.6468798087797294e-07,-2.0853689668994147e-05,114.96695942344593,-0.0001,-0.0,-0.0,0.0
2017-02-06,0.0,3.4830445337326183e-06,-3.4830445337326183e-06,114.96655898840635,0.0,-0.0,-0.0,0.0
2017-02-07,0.0,1.5125019513645423e-09,-1.5125019513645423e-09,114.9665588145192,-0.0,-0.0,-0.0,-0.0
2017-02-08,0.0,0.0,0.0,114.9665588145192,-0.0,0.0,0.0,-0.0
2017-02-09,0.0,4.829371830507234e-06,-4.829371830507234e-06,114.96600359825861,0.0,-0.0,0.0,0.0
2017-02-10,0.0,1.207090133766367e-06,-1.207090133766367e-06,114.96586482392996,-0.0,0.0,-0.0,-0.0
2017-02-13,-0.0007835910490111338,1.8026778810243173e-06,-0.0007853937268921581,114.87557135489052,-0.003763764443589956,0.0,-0.0,0.0
2017-02-14,-0.00040847859693911873,4.168502210781078e-07,-0.00040889544716019683,114.8285992567736,-0.0019818553870826205,-0.0,0.0,-0.0
2017-02-15,-0.0003923670821724313,9.66963501231044e-09,-0.0003923767518074436,114.78354318398263,-0.0019041322447904685,0.0,-0.0,0.0
2017-02-16,-2.0513827362026748e-05,1.845124713618196e-07,-2.0698339833388566e-05,114.78116735519852,-0.0001,-0.0,-0.0,0.0
2017-02-17,0.0,2.8886524629845315e-09,-2.8886524629845315e-09,114.78116702363563,0.0,-0.0,0.0,-0.0
2017-02-20,0.0,0.0,0.0,114.78116702363563,-0.0,-0.0,-0.0,-0.0
2017-02-21,0.0,0.0,0.0,114.78116702363563,-0.0,0.0,0.0,0.0
2017-02-22,0.0,0.0,0.0,114.78116702363563,-0.0,0.0,0.0,-0.0
2017-02-23,0.0002132963453945729,0.0,0.0002132963453945729,114.80564942708189,0.0010398418605110816,-0.0,-0.0,0.0
2017-02-24,-2.0505446178895775e-05,1.3873713798961963e-08,-2.051931989269474e-05,114.80329369323582,-0.0001,-0.0,0.0,0.0
2017-02-27,0.0032982431679636688,2.9966733702507797e-09,0.0032982401712902984,115.18194252829126,-0.0,-0.0,0.012373968457864638,-0.0
2017-02-28,-2.2437053125613076e-05,8.435277544194373e-06,-3.087233066980745e-05,115.17838659327433,0.0,0.0,-0.0001,0.0
2017-03-01,0.0,2.7711537274432986e-09,-2.7711537274432986e-09,115.1783862740973,-0.0,0.0,-0.0,-0.0
2017-03-02,0.0,0.0,0.0,115.1783862740973,-0.0,0.0,-0.0,0.0
2017-03-03,0.0,2.0198184604070774e-06,-2.0198184604070774e-06,115.17815363466649,-0.0,0.0,0.0,-0.0
2017-03-06,0.003051475045123201,1.3956106767041565e-06,0.003050079434446497,115.5294561523651,0.010435499846702435,-0.0,0.0,0.0028620039361670793
2017-03-07,0.0005102302143457833,3.212989522465515e-06,0.0005070172248233177,115.58803157660881,0.003682557517749352,0.0,-0.0,-0.0007285431561951938
2017-03-08,0.00020300246650830159,2.885496419447825e-07,0.0002027139168663568,115.61146287923259,-0.0001,0.0,-0.0,0.0007593902384621654
2017-03-09,-2.8216795055623756e-05,5.752506738228689e-06,-3.396930179385245e-05,115.60753563855921,-0.0,0.0,-0.0,-0.0001
2017-03-10,0.0,4.453226231368457e-09,-4.453226231368457e-09,115.6075351237327,0.0,0.0,-0.0,-0.0
2017-03-13,0.0,0.0,0.0,115.6075351237327,0.0,-0.0,0.0,0.0
2017-03-14,0.0007855640653402562,0.0,0.0007855640653402562,115.69835224900847,0.0035107226385362347,0.0,0.0,0.0
2017-03-15,-2.2152968501418028e-05,4.4633460742081744e-07,-2.2599303108838845e-05,115.69573754687679,-0.0001,-0.0,-0.0,-0.0
2017-03-16,0.0,4.8238528302273156e-06,-4.8238528302273156e-06,115.69517944766578,0.0,-0.0,0.0,0.0
2017-03-17,-0.0008729083964700938,3.783225676200097e-07,-0.0008732867190377137,115.59414438399745,-0.0035263246936396817,-0.0,0.0,-0.0
2017-03-20,4.7712808363332753e-05,9.559879953961514e-07,4.6756820367936605e-05,115.599549198642,0.002943527856582695,-0.0,-0.0027998591147051608,0.0
2017-03-21,0.00030853618129989495,6.231918014352716e-07,0.0003079129894984597,115.63514380142044,-0.0001,-0.0,0.0014098723212231379,0.0
2017-03-22,-2.357238844125956e-05,5.368672828747756e-08,-2.3626075169547037e-05,115.63241179682073,0.0,-0.0,-0.0001,-0.0
2017-03-23,-0.0002743846296756642,4.43539653110503e-09,-0.00027438906507219534,115.60068352745576,-0.0,-0.0015614136584579774,0.00046128009681866154,-0.0
2017-03-24,-4.8050174828201126e-05,1.7143703798182255e-07,-4.822161186618295e-05,115.59510907616324,-0.0,-0.0001,-0.0001,-0.0
2017-03-27,0.0,4.321179502497774e-09,-4.321179502497774e-09,115.59510857665603,0.0,-0.0,-0.0,-0.0
2017-03-28,0.0004599030743240489,0.0,0.0004599030743240489,115.64827112246725,0.0,0.001880984207887726,0.0,-0.0
2017-03-29,-2.4357445899586105e-05,1.8536716052449388e-07,-2.4542813060110598e-05,115.64543278856839,-0.0,-0.0001,-0.0,0.0
2017-03-30,0.0,2.144728940231544e-09,-2.144728940231544e-09,115.64543254054027,-0.0,-0.0,0.0,0.0
2017-03-31,0.0,9.821446760449215e-07,-9.821446760449215e-07,115.6453189599944,-0.0,0.0,0.0,-0.0
2017-04-03,-0.000447053009303712,5.504255063334962e-09,-0.00044705851355877533,115.5936187356001,-0.0018069780298106796,-0.0,0.0,-0.0
2017-04-04,2.8857637290607928e-05,2.8718712310288333e-07,2.8570450167505045e-05,115.59692129732386,0.00011732285338572623,-0.0,-0.0,-0.0
2017-04-05,-2.45989625997879e-05,4.376870621153329e-09,-2.4603339470409053e-05,115.59407722702746,-0.0001,0.0,-0.0,-0.0
2017-04-06,-6.738948432292752e-05,5.070120872929795e-09,-6.739455444380045e-05,115.58628681569641,-0.0,-0.0,0.0,-0.00024379687376464555
2017-04-07,-0.0008792059568349039,1.2201351081121268e-05,-0.0008914073079160252,115.48325235493402,-0.0,0.0,-0.0,-0.003476588534196634
2017-04-10,-2.662046515549773e-05,2.6622697541418413e-06,-2.928273490963957e-05,115.47987068946881,-0.0,0.0,-0.0,-0.0001
2017-04-11,0.0,2.3890156042122303e-09,-2.3890156042122303e-09,115.47987041358559,0.0,-0.0,0.0,-0.0
2017-04-12,0.0,2.4247020690579594e-05,-2.4247020690579594e-05,115.47707037077832,0.0,-0.0,0.0,-0.0
2017-04-13,0.0,1.522464382808955e-05,-1.522464382808955e-05,115.47531227351162,0.0,-0.0,0.0,0.0
2017-04-14,0.0002752064748426625,1.2311337600170197e-06,0.00027397534108264545,115.50694966157839,-0.0,0.0017273080088324622,-0.0,0.0
2017-04-17,-1.4385344303656542e-05,1.0184136005657377e-05,-2.456948030931392e-05,115.50411171585311,-0.0,-0.0001,0.0,0.0
2017-04-18,0.0,7.656940297998128e-09,-7.656940297998128e-09,115.50411083144503,0.0,0.0,0.0,0.0
2017-04-19,0.0,6.730061568511285e-05,-6.730061568511285e-05,115.4963373336719,0.0,-0.0,0.0,-0.0
2017-04-20,0.0001137675851668515,4.206088688285953e-08,0.00011372552427996864,115.50947221518759,0.0011751281128192681,0.0,-0.0,-0.0
2017-04-21,-9.661572443497602e-06,3.943931565993236e-08,-9.701011759157535e-06,115.50835165643933,-0.0001,0.0,0.0,0.0
2017-04-24,0.0,9.323366548825679e-07,-9.323366548825679e-07,115.50824396376913,0.0,0.0,0.0,0.0
2017-04-25,7.586076104146109e-05,4.3707161962872194e-07,7.542368942183237e-05,115.51695602168752,0.0007366842178136879,-0.0,-0.0,0.0
2017-04-26,-0.0006006635344398423,9.717212530635511e-09,-0.0006006732516523729,115.447568076093,-0.005835799935681951,0.0,0.0,-0.0
2017-04-27,0.00016836221443801468,1.5320443428982575e-06,0.00016683017009511643,115.46682821351222,0.0017672641505214193,0.0,0.0,-0.0
2017-04-28,-9.476733873432037e-06,9.996174621319104e-08,-9.576695619645229e-06,115.46572242284425,-0.0001,0.0,0.0,-0.0
2017-05-01,0.0,1.4362894803277016e-09,-1.4362894803277016e-09,115.46572225700204,0.0,0.0,0.0,0.0
2017-05-02,0.0,0.0,0.0,115.46572225700204,0.0,0.0,-0.0,0.0
2017-05-03,0.0,3.811496349405405e-07,-3.811496349405405e-07,115.46567824728416,0.0,0.0,0.0,0.0
2017-05-04,0.0,1.1169758582951772e-09,-1.1169758582951772e-09,115.46567811831179,-0.0,0.0,-0.0,-0.0
2017-05-05,0.0,0.0,0.0,115.46567811831179,0.0,-0.0,0.0,-0.0
2017-05-08,0.0001345009511076588,0.0,0.0001345009511076588,115.48120836183897,0.0013913197224263319,0.0,0.0,0.0
2017-05-09,-9.63467691225299e-06,6.49442436766054e-08,-9.699621155929596e-06,115.48008823786724,-0.0001,0.0,-0.0,-0.0
2017-05-10,0.0,1.2783426295875922e-09,-1.2783426295875922e-09,115.48008809024412,-0.0,0.0,0.0,-0.0
2017-05-11,0.0,0.0,0.0,115.48008809024412,-0.0,0.0,-0.0,0.0
2017-05-12,0.0,6.270787842717576e-07,-6.270787842717576e-07,115.48001567513089,-0.0,-0.0,-0.0,0.0
2017-05-15,0.0,2.0539303077664607e-07,-2.0539303077664607e-07,115.47999195634047,0.0,-0.0,-0.0,0.0
2017-05-16,0.0,2.0227959314076257e-07,-2.0227959314076257e-07,115.47996859709467,0.0,0.0,0.0,0.0
2017-05-17,0.0,2.623619821279233e-09,-2.623619821279233e-09,115.47996829411913,0.0,-0.0,0.0,0.0
2017-05-18,-0.0005810258896339572,0.0,-0.0005810258896339572,115.41287144280614,-0.005722856425677947,-0.0,0.0,0.0
2017-05-19,0.0003617576847017542,1.435476868996477e-06,0.00036032220783275773,115.45445726345673,0.003834215050707246,0.0,-0.0,-0.0
2017-05-22,-9.199273867130064e-06,4.714259066302365e-07,-9.6706997737603e-06,115.45334073806299,-0.0001,-0.0,0.0,0.0
2017-05-23,-0.0002883317491909099,1.7278911317489266e-09,-0.00028833347708204167,115.42005167488725,-0.003134582516429962,-0.0,-0.0,0.0
2017-05-24,-9.030772562148743e-06,3.3527471883088995e-07,-9.366047280979633e-06,115.41897064522608,-0.0001,0.0,-0.0,0.0
2017-05-25,-0.0011127313179971848,0.0,-0.0011127313179971848,115.29054034189814,0.0,-0.0,0.0,-0.0035638242566300546
2017-05-26,0.0010755941651687483,4.857931820819822e-05,0.00102701484696055,115.40894543854338,-0.0,0.0,-0.0,0.005532369089392253
2017-05-29,-1.4850990505655427e-05,9.181692430907202e-06,-2.403268293656263e-05,115.40617185194961,-0.0,-0.0,-0.0,-0.0001
2017-05-30,-4.256073995637799e-05,2.5047213856405073e-09,-4.256324467776363e-05,115.40125979081975,-0.0,-0.0,-0.00011283793897499664,-0.0
2017-05-31,-0.00014975719084645302,1.9849696263432582e-08,-0.00014977704054271645,115.38397533165336,0.0,-0.0,-0.00039714394984358137,0.0
2017-06-01,-3.7546669330353935e-05,3.2374419070466817e-07,-3.7870413521058604e-05,115.37960569279385,0.0,-0.0,-0.0001,-0.0
2017-06-02,0.0,5.101339318671146e-06,-5.101339318671146e-06,115.37901710227476,-0.0,0.0,0.0,-0.0
2017-06-05,0.0,8.539900414410842e-07,-8.539900414410842e-07,115.37891856974316,0.0,-0.0,-0.0,0.0
2017-06-06,0.000201264994791586,1.4461248976607862e-07,0.00020112038230181992,115.40212362195548,0.002027539960194658,-0.0,0.0,0.0
2017-06-07,-9.783995458863792e-06,2.851314614005812e-07,-1.0069126920264373e-05,115.40096162332587,-0.0001,-0.0,-0.0,0.0
2017-06-08,-0.0006817344652536348,4.490672822349273e-11,-0.000681734510160363,115.32228880528154,-0.0,0.0,0.0,-0.004398892350458994
2017-06-09,-1.368223568303528e-05,3.631261693071038e-06,-1.7313497376106316e-05,115.3202921731369,-0.0,-0.0,-0.0,-0.0001
2017-06-12,0.00043116371762227647,8.930957808342188e-07,0.00043027062184144223,115.3699111069612,0.0,0.0,0.001173892392446907,0.0
2017-06-13,-3.522662120678719e-05,3.005572107498064e-06,-3.823219331428525e-05,115.3655002622171,-0.0,-0.0,-0.0001,0.0
2017-06-14,0.002210052916120307,1.5806921799414732e-08,0.0022100371091985076,115.62046229891784,0.0,0.0,0.006275222545200065,-0.0
2017-06-15,-2.0547806542091047e-05,2.9341822407592855e-05,-4.98896289496839e-05,115.61469403695477,0.0,-0.0,-0.0001,0.0
2017-06-16,0.0,3.26287052039998e-06,-3.26287052039998e-06,115.61431680117786,-0.0,0.0,0.0,-0.0
2017-06-19,0.000746989036528976,6.883197953340915e-07,0.0007463007167336419,115.70059984867125,0.005403223180463035,0.0,0.0,0.0
2017-06-20,-1.2404235023849852e-05,2.841286831858321e-06,-1.5245521855708173e-05,115.69883593264754,-0.0001,0.0,-0.0,-0.0
2017-06-21,0.0,8.409948916810592e-06,-8.409948916810592e-06,115.6978629113476,-0.0,-0.0,-0.0,-0.0
2017-06-22,0.0,7.25420683937078e-08,-7.25420683937078e-08,115.69785451838533,0.0,-0.0,0.0,-0.0
2017-06-23,0.0,0.0,0.0,115.69785451838533,-0.0,-0.0,0.0,-0.0
2017-06-26,0.0,1.861250896256017e-05,-1.861250896256017e-05,115.69570109103115,0.0,-0.0,0.0,0.0
2017-06-27,0.0,1.1976587293234253e-07,-1.1976587293234253e-07,115.69568723463452,-0.0,0.0,-0.0,0.0
2017-06-28,0.0,0.0,0.0,115.69568723463452,0.0,0.0,0.0,0.0
2017-06-29,-0.00035969723634660404,0.0,-0.00035969723634660404,115.65407181567899,-0.003935902797022506,0.0,0.0,0.0
2017-06-30,-0.0004555304117815427,7.003582919585499e-07,-0.0004562307700735013,115.60130686943239,-0.005183140022908317,-0.0,0.0,0.0
2017-07-03,0.00013236141741170638,1.2578044794681874e-06,0.0001311036129322382,115.61646261842269,0.0016221172229486935,0.0,0.0,0.0
2017-07-04,-8.095030593215007e-06,1.2952602208246013e-07,-8.224556615297466e-06,115.61551172428022,-0.0001,0.0,-0.0,-0.0
2017-07-05,0.0,1.7969392163572075e-09,-1.7969392163572075e-09,115.61551151652615,-0.0,-0.0,-0.0,-0.0
2017-07-06,0.0,1.9153649381686108e-06,-1.9153649381686108e-06,115.6152900706291,-0.0,0.0,-0.0,-0.0
2017-07-07,0.0,2.7700861705975964e-10,-2.7700861705975964e-10,115.61529003860267,0.0,-0.0,0.0,-0.0
2017-07-10,0.0,0.0,0.0,115.61529003860267,-0.0,0.0,-0.0,0.0
2017-07-12,0.0,0.0,0.0,115.61529003860267,0.0,-0.0,-0.0,0.0
2017-07-13,0.00037598448035462673,0.0,0.00037598448035462673,115.65875959334888,0.004695927622542106,-0.0,0.0,0.0
2017-07-14,-6.798557845671231e-07,6.954680970457777e-05,-7.02266654891449e-05,115.65063726432803,-0.0001,0.0,0.0,0.0
2017-07-17,0.0,0.00016819665132558162,-0.00016819665132558162,115.63118521441649,0.0,-0.0,0.0,0.0
2017-07-18,-1.6324032884331054e-06,0.0,-1.6324032884331054e-06,115.6309964576895,-8.167827658234122e-06,0.0,-0.0,-0.0
2017-07-19,-1.998578931530528e-05,3.768391949598993e-11,-1.9985826999224777e-05,115.62868547659855,-0.0001,-0.0,-0.0,0.0
2017-07-20,0.00034970321018286155,1.1973377297859744e-07,0.00034958347640988294,115.66910735444016,0.0017445336119830013,-0.0,-0.0,0.0
2017-07-21,-1.9917964996029874e-05,2.553824115294173e-07,-2.0173347407559292e-05,115.66677392135318,-0.0001,0.0,-0.0,-0.0
2017-07-24,-0.0009273462142345301,4.049247195103689e-10,-0.0009273466191592496,115.55951072960815,-0.0046558754411640925,-0.0,0.0,-0.0
2017-07-25,0.0007023060596927308,1.523835183653663e-06,0.0007007822245090771,115.64049278060043,0.003666275551012843,0.0,0.0,0.0
2017-07-26,-1.9899487756121866e-05,1.4872856285571612e-06,-2.1386773384679026e-05,115.63801960358724,-0.0001,0.0,-0.0,0.0
2017-07-27,0.0,2.4202040714942645e-07,-2.4202040714942645e-07,115.63799161682664,0.0,-0.0,0.0,0.0
2017-07-28,0.0,9.87950060091225e-10,-9.87950060091225e-10,115.63799150258207,-0.0,-0.0,-0.0,-0.0
2017-07-31,0.0,0.0,0.0,115.63799150258207,0.0,-0.0,0.0,0.0
2017-08-01,0.0,0.0,0.0,115.63799150258207,0.0,-0.0,0.0,0.0
2017-08-02,0.00019753227024381443,0.0,0.00019753227024381443,115.66083373757002,0.0009866257920078004,0.0,0.0,-0.0
2017-08-03,-1.998327817910283e-05,7.54275112476055e-08,-2.0058705690350434e-05,115.65851373094618,-0.0001,0.0,0.0,-0.0
2017-08-04,-0.0005899472912159405,1.233885502829879e-09,-0.0005899485251014433,115.5902811613552,-0.0029522959141334956,-0.0,-0.0,0.0
2017-08-07,0.0017674370601948484,5.27908093193602e-07,0.0017669091521016547,115.7945186870332,0.0089632501927569,0.0,-0.0,-0.0
2017-08-08,-1.7249461665163167e-05,4.938491049182892e-06,-2.218795271434606e-05,115.79194944372799,-0.0001,-0.0,-0.0,-0.0
2017-08-09,0.0,1.5011203889775394e-09,-1.5011203889775394e-09,115.79194926991035,-0.0,-0.0,-0.0,-0.0
2017-08-10,0.0005922862942714965,0.0,0.0005922862942714965,115.86053125444991,0.0,-0.0,0.0020473180234723445,-0.0009443073924893075
2017-08-11,-0.0012314051263765651,1.962109483116678e-06,-0.0012333672358596818,115.71763267127137,0.0,-0.0,-0.0001,-0.0031702632419706722
2017-08-14,0.0017065665985758463,3.237437285497266e-06,0.001703329161290349,115.91473788947584,0.0,0.0,0.0,0.004766124036364561
2017-08-15,-3.2676477007648526e-05,6.259391175683663e-06,-3.893586818333219e-05,115.91022464852085,-0.0,0.0,-0.0,-0.0001
2017-08-16,-0.0011833917719016969,8.133120293740692e-10,-0.0011833925852137261,115.77305734812133,-0.0,0.0,-0.0,-0.0036215853349774838
2017-08-17,0.005075982086468452,3.484744297557743e-06,0.0050724973421708945,116.36031587381468,0.0,-0.0,0.0018079738464722328,0.013563911682515029
2017-08-18,-7.593532959904841e-05,1.8502784788233714e-05,-9.443811438728212e-05,116.34932702499405,-0.0,-0.0,-0.0001,-0.0001
2017-08-21,0.0008135888997326587,2.3331481067659367e-08,0.000813565568251591,116.44398483135083,0.003379765051245698,-0.0,0.0,0.0
2017-08-22,-2.41024555885413e-05,6.02095545369774e-08,-2.4162665143078277e-05,116.44117123433743,-0.0001,-0.0,0.0,0.0
2017-08-23,0.0,0.0,0.0,116.44117123433743,-0.0,0.0,-0.0,-0.0
2017-08-24,0.0,8.249892182688873e-07,-8.249892182688873e-07,116.44107517162661,0.0,-0.0,-0.0,-0.0
2017-08-25,0.0,1.9272103823359783e-06,-1.9272103823359783e-06,116.4408507651776,-0.0,0.0,0.0,-0.0
2017-08-28,0.0,2.0294922609520596e-09,-2.0294922609520596e-09,116.4408505288618,0.0,-0.0,0.0,0.0
2017-08-29,-0.0002615732640301627,2.6533894968083783e-08,-0.0002615997979251308,116.4103896258932,-0.001104992546837169,-0.0,0.0,-0.0
2017-08-30,-0.00012976498084264656,2.4700319058419683e-07,-0.00013001198403323077,116.39525488017586,-0.0005506166238591348,0.0,-0.0,0.0
2017-08-31,-2.3540920887482228e-05,5.257996957210576e-08,-2.3593500857054333e-05,116.39250870863009,-0.0001,0.0,-0.0,-0.0
2017-09-01,0.0,3.874426245320528e-09,-3.874426245320528e-09,116.39250825767591,0.0,-0.0,0.0,0.0
2017-09-04,0.0,0.0,0.0,116.39250825767591,-0.0,-0.0,0.0,0.0
2017-09-05,0.0,2.53825499946736e-07,-2.53825499946736e-07,116.39247871428931,0.0,0.0,-0.0,-0.0
2017-09-06,0.0,3.450257194531625e-09,-3.450257194531625e-09,116.39247831270532,0.0,-0.0,0.0,0.0
2017-09-07,0.0,1.5334847833028604e-06,-1.5334847833028604e-06,116.39229982661095,0.0,0.0,0.0,0.0
2017-09-08,0.0,3.3873240369963753e-09,-3.3873240369963753e-09,116.3922994323525,0.0,-0.0,0.0,0.0
2017-09-11,0.00019788612963030284,5.396044907722747e-07,0.00019734652513953057,116.41526904819845,0.0008493881946254223,-0.0,0.0,-0.0
2017-09-12,-2.3276303848136083e-05,4.412045626709382e-08,-2.3320424304403177e-05,116.41255419472873,-0.0001,0.0,-0.0,-0.0
2017-09-13,0.0,4.149332198254636e-05,-4.149332198254636e-05,116.40772385113472,0.0,0.0,0.0,-0.0
2017-09-14,0.0,5.688105389596021e-08,-5.688105389596021e-08,116.4077172297407,-0.0,0.0,-0.0,-0.0
2017-09-15,0.0,0.0,0.0,116.4077172297407,0.0,-0.0,0.0,0.0
2017-09-18,0.0,1.4378659736268175e-06,-1.4378659736268175e-06,116.40754985104502,0.0,0.0,0.0,-0.0
2017-09-19,-0.0006972384705724615,1.7308649702452162e-09,-0.0006972402014374317,116.32638582753805,0.0,-0.002788953882289846,-0.0,-0.0
2017-09-20,-0.0003063459464990414,5.830742254411948e-05,-0.0003646533690431609,116.28396701903742,0.0,-0.0007354589474588558,-0.0,0.0
2017-09-21,-4.093563271170738e-05,1.4361571207047342e-06,-4.237178983241212e-05,116.279039859226,-0.0,-0.0001,-0.0,0.0
2017-09-22,0.0004920432540694763,4.011266060825747e-09,0.0004920392428034155,116.33625370995225,0.006087738169028289,-0.0,0.0,-0.0
2017-09-25,0.00032074802854149684,1.1229221257114482e-06,0.0003196251064157854,116.3734376974243,-0.0001,-0.0,-0.0,0.004232926854473617
2017-09-26,-7.513748856171838e-06,4.82767813332645e-07,-7.996516669504483e-06,116.37250711528986,-0.0,-0.0,-0.0,-0.0001
2017-09-27,-0.0010180963211261441,1.5940177940237944e-09,-0.0010180979151439382,116.2540285084157,-0.005969543380414122,0.0,-0.0,-0.0075600967769140605
2017-09-28,-0.00045865003002795626,1.8537984118898109e-06,-0.0004605038284398461,116.20049308321603,-0.0030901611562736964,0.0,-0.0,-0.00341506435695782
2017-09-29,0.00016920848500610254,5.074692245766982e-07,0.00016870101578152585,116.22009622443348,0.0027333756006684418,-0.0,0.0,-0.0005649401384387742
2017-10-02,-1.326418152222649e-05,1.2214087481615677e-07,-1.3386322397042646e-05,116.21854046475642,-0.0001,0.0,-0.0,-8.629683711458558e-05
2017-10-03,-0.0001566259083888614,3.0393960673419375e-10,-0.00015662621232846814,116.20033759496107,-0.0,0.0,-0.0,-0.0023481451036373446
2017-10-04,-0.0011120404385106819,1.0917177538186246e-07,-0.0011121496102860636,116.07110543478973,0.0,0.0,-0.002695182430522258,0.0011675455241473287
2017-10-05,-0.00023430093259424966,1.6878516182806706e-05,-0.00025117944877705634,116.04195075850767,0.0,-0.0,-0.0006352462835256256,-0.0001
2017-10-06,-3.536763298696042e-05,6.385527155136947e-07,-3.600618570247412e-05,116.0377725304794,-0.0,-0.0,-0.0001,-0.0
2017-10-09,-0.0009255409941259264,1.6402414900928975e-08,-0.0009255573965408273,115.93037291183568,0.0,-0.0,-0.002284964310916193,-0.0015392017407217628
2017-10-10,0.0014644790441555992,6.519856393116966e-06,0.0014579591877624822,116.09939466416324,-0.0,0.0,0.004587229520372604,-0.0001
2017-10-11,-2.4785503015477125e-05,1.4628001134948682e-05,-3.94135041504258e-05,116.0948187801898,0.0,-0.0,-0.0001,0.0
2017-10-12,-0.00046015989322626717,8.493979850385247e-09,-0.00046016838720611754,116.04139561466873,-0.004383504773412661,0.0,0.0,0.0
2017-10-13,0.00028707436563804334,7.757508014620801e-07,0.00028629861483658127,116.07461810549692,0.0028396050152019736,-0.0,0.0,0.0
2017-10-16,-9.976246631735848e-06,2.668234443926443e-07,-1.0243070076128492e-05,116.07342914504962,-0.0001,-0.0,0.0,0.0
2017-10-17,0.0,0.0,0.0,116.07342914504962,-0.0,0.0,-0.0,-0.0
2017-10-18,0.0,9.374161562647616e-08,-9.374161562647616e-08,116.07341826413884,-0.0,0.0,-0.0,0.0
2017-10-19,0.0,1.008951221864729e-09,-1.008951221864729e-09,116.0734181470264,0.0,0.0,0.0,-0.0
2017-10-20,0.0,8.632012225114866e-07,-8.632012225114866e-07,116.07331795230998,0.0,-0.0,-0.0,0.0
2017-10-23,0.0,5.199614735257457e-07,-5.199614735257457e-07,116.07325759865653,-0.0,0.0,0.0,-0.0
2017-10-24,0.0,1.392717001656718e-09,-1.392717001656718e-09,116.07325743699933,0.0,-0.0,0.0,0.0
2017-10-25,0.0,0.0,0.0,116.07325743699933,-0.0,0.0,-0.0,-0.0
2017-10-26,0.0026397231007798862,0.0,0.0026397231007798862,116.37965869603855,0.0,-0.0,0.010678147949781714,-0.0
2017-10-27,-0.0006477444954723992,2.0258365808894242e-05,-0.0006680028612812935,116.30191675103465,-0.0,0.0,-0.0001,-0.006350293367939697
2017-10-30,-0.0003650380634517544,1.0040163209363961e-06,-0.0003660420797726908,116.25934535554556,-0.0029083304001997876,-0.0,0.0,-0.0001
2017-10-31,0.0004991765762172622,3.857819520959413e-07,0.0004987907942651663,116.31733444675618,0.004148392956145219,-0.0,0.0,0.0
2017-11-01,-1.1668357563264854e-05,7.293066556067901e-07,-1.2397664218871645e-05,116.31589238350087,-0.0001,0.0,0.0,-0.0
2017-11-02,0.0,4.1139625226282315e-07,-4.1139625226282315e-07,116.31584453157866,-0.0,0.0,-0.0,0.0
2017-11-03,0.0,4.6082370191134735e-06,-4.6082370191134735e-06,116.315308520598,0.0,-0.0,-0.0,0.0
2017-11-06,0.0002839841909778794,1.0945784464103104e-09,0.00028398309639943295,116.34834010207034,-0.0,0.0,0.001979745210435302,-0.0
2017-11-07,-1.422387280985669e-05,2.412179379191304e-07,-1.446509074777582e-05,116.3466571127724,-0.0,-0.0,-0.0001,0.0
2017-11-08,0.0,2.542010294071112e-07,-2.542010294071112e-07,116.34662753733241,-0.0,-0.0,-0.0,-0.0
2017-11-09,0.0,2.2545632014456113e-07,-2.2545632014456113e-07,116.3466013062499,-0.0,0.0,-0.0,0.0
2017-11-10,0.0,5.859891939821824e-07,-5.859891939821824e-07,116.34653312839878,0.0,-0.0,0.0,0.0
2017-11-13,0.0,3.265677930450184e-10,-3.265677930450184e-10,116.34653309040375,0.0,0.0,-0.0,-0.0
2017-11-14,0.0,3.372806018966154e-07,-3.372806018966154e-07,116.34649384897504,0.0,-0.0,0.0,-0.0
2017-11-15,0.0,9.34317147555573e-06,-9.34317147555573e-06,116.34540680373242,0.0,-0.0,0.0,0.0
2017-11-17,0.0001610245063392624,4.70142760415071e-09,0.00016101980491165825,116.36414071843832,0.0012072429264124885,-0.0,0.0,-0.0
2017-11-20,0.00053127438684193,7.69027840832659e-07,0.0005305053590010973,116.42587251868501,0.0038714957745442646,-0.0,0.0,-0.0
2017-11-21,0.0026136574544770325,1.1226528572225391e-06,0.00261253480161981,116.73003916244902,-0.0001,0.004478807896060244,0.0,0.0
2017-11-22,-4.314207745318308e-05,3.101575638439119e-05,-7.415783383757428e-05,116.72138271560095,-0.0,-0.0001,0.0,0.0
2017-11-23,0.0,1.0848954577366565e-08,-1.0848954577366565e-08,116.72138144929596,0.0,-0.0,0.0,0.0
2017-11-24,0.0,0.0,0.0,116.72138144929596,0.0,-0.0,-0.0,0.0
2017-11-27,-0.001125407237788348,0.0,-0.001125407237788348,116.59002236180827,-0.0062182712240825945,0.0,0.0,-0.0
2017-11-28,0.0003003772908595094,2.997794040819754e-06,0.0002973794968186896,116.6246938439923,0.0018095565656849333,-0.0,-0.0,-0.0
2017-11-29,-1.6494749669934327e-05,2.0949499450451936e-07,-1.6704244664438846e-05,116.62274571657241,-0.0001,0.0,0.0,-0.0
2017-11-30,0.0,0.0,0.0,116.62274571657241,0.0,0.0,0.0,-0.0
2017-12-01,0.0,0.0,0.0,116.62274571657241,0.0,0.0,0.0,-0.0
2017-12-04,0.0,0.0,0.0,116.62274571657241,-0.0,0.0,-0.0,0.0
2017-12-05,0.0,0.0,0.0,116.62274571657241,0.0,-0.0,-0.0,0.0
2017-12-06,0.0,0.0,0.0,116.62274571657241,-0.0,-0.0,-0.0,0.0
2017-12-07,0.0,0.0,0.0,116.62274571657241,-0.0,-0.0,-0.0,-0.0
2017-12-08,-0.00046505443559677394,0.0,-0.00046505443559677394,116.56850979138544,-0.0028194088719300067,0.0,0.0,-0.0
2017-12-11,-3.060886248703621e-05,4.699325357464063e-07,-3.107879502278262e-05,116.56488698256354,-0.000188248894405052,0.0,-0.0,-0.0
2017-12-12,0.00010531163334236543,1.0306122574771371e-09,0.00010531060273010795,116.57716250106883,0.0006477021765125546,-0.0,-0.0,0.0
2017-12-13,-1.6243506114507095e-05,3.152396285058534e-08,-1.627503007735768e-05,116.57526520424277,-0.0001,0.0,-0.0,0.0
2017-12-14,0.001280800631754187,5.520644164869193e-11,0.0012808005765477454,116.72457487112757,0.0,-0.0,0.006671834474144533,0.0
2017-12-15,-1.737536500472922e-05,3.643526824031482e-06,-2.10188918287607e-05,116.72212144991461,-0.0,-0.0,-0.0001,0.0
2017-12-18,0.00035821281760321826,5.001245535413146e-09,0.0003582078163576828,116.76393222615982,-0.0,0.0,-0.0,0.0017133322965064868
2017-12-19,-1.912421749957469e-05,8.474175270345852e-06,-2.7598392769920543e-05,116.76070972929689,0.0,-0.0,0.0,-0.0001
2017-12-20,0.00028604715862766194,7.83472327907278e-07,0.00028526368629975467,116.79401731976924,0.0,0.0,0.0,0.0015072582666771806
2017-12-21,-0.0005108144971668188,3.41997065901023e-07,-0.0005111564942327199,116.73431729932871,-0.0032120812336458135,0.0,-0.0,-0.0001
2017-12-22,0.00028619501519246593,1.981982900709012e-06,0.0002842130322917569,116.76749471362085,0.0017548935748271655,0.0,0.0,0.0
2017-12-25,-1.5928358328061187e-05,2.4844879476959766e-06,-1.8412846275757163e-05,116.76534469169067,-0.0001,-0.0,-0.0,0.0
2017-12-26,0.0,6.7146076312696315e-09,-6.7146076312696315e-09,116.76534390765718,0.0,-0.0,0.0,0.0
2017-12-27,0.0,1.0269953276176266e-05,-1.0269953276176266e-05,116.76414473303099,-0.0,-0.0,-0.0,0.0
2017-12-28,0.0,3.271557803183531e-06,-3.271557803183531e-06,116.76376273238213,0.0,0.0,0.0,0.0
2017-12-29,0.0,7.610692893803422e-07,-7.610692893803422e-07,116.7636738670682,0.0,-0.0,0.0,0.0
2018-01-01,-0.0009000951751441472,3.4872809457936475e-09,-0.000900098662425093,116.65857504040062,-0.0053942646846840804,-0.0,0.0,0.0
2018-01-02,-8.39604424435038e-05,2.9797122383720094e-06,-8.694015468187582e-05,116.64843272584164,-0.0005525059930118204,0.0,-0.0,-0.0
2018-01-03,-0.0006510060339505436,9.070377748477327e-07,-0.0006519130717253914,116.57238808775139,-0.004318758861985739,-0.0,0.0,0.0
2018-01-04,0.0006347058599354416,1.2702854507099266e-06,0.0006334355744847317,116.64622918536882,0.004395843731925475,0.0,-0.0,-0.0
2018-01-05,-1.3762600969647193e-05,1.3523423339833473e-06,-1.511494330363054e-05,116.6444660842281,-0.0001,0.0,0.0,0.0
2018-01-08,0.0,1.0708119686034078e-06,-1.0708119686034078e-06,116.64434117993774,-0.0,0.0,0.0,-0.0
2018-01-09,0.0,1.3737381044057307e-06,-1.3737381044057307e-06,116.64418094116161,-0.0,-0.0,-0.0,-0.0
2018-01-10,0.0,5.787853907332497e-09,-5.787853907332497e-09,116.64418026604213,-0.0,-0.0,-0.0,-0.0
2018-01-11,0.0,1.1366060279348612e-06,-1.1366060279348612e-06,116.64404768756371,0.0,-0.0,-0.0,0.0
2018-01-12,0.0,6.021145937846418e-07,-6.021145937846418e-07,116.64397745448032,0.0,-0.0,0.0,0.0
2018-01-15,0.0,1.1988800108331255e-09,-1.1988800108331255e-09,116.64397731463818,0.0,-0.0,0.0,0.0
2018-01-16,-0.000913224203788664,0.0,-0.000913224203788664,116.53745521132828,-0.006344646858903913,-0.0,0.0,0.0
2018-01-17,-3.079317716799522e-05,2.3672076583652114e-06,-3.3160384826360435e-05,116.5335907844668,-0.00023310480835259106,-0.0,0.0,0.0
2018-01-18,0.0009400495992865615,3.027101918640085e-09,0.0009400465721846429,116.64313778702811,0.007115374172313782,0.0,0.0,0.0
2018-01-19,-1.1970073337063934e-05,2.4829078700543252e-06,-1.445298120711826e-05,116.64145194594973,-0.0001,-0.0,0.0,0.0
2018-01-22,0.0,6.022161025132089e-10,-6.022161025132089e-10,116.64145187570638,0.0,-0.0,-0.0,-0.0
2018-01-23,0.0,0.0,0.0,116.64145187570638,0.0,0.0,0.0,0.0
2018-01-24,0.0,0.0,0.0,116.64145187570638,0.0,-0.0,0.0,-0.0
2018-01-25,0.0,1.9054232556375386e-05,-1.9054232556375386e-05,116.63922936235664,0.0,-0.0,0.0,0.0
2018-01-26,-1.403609674185944e-05,5.0072475512865294e-05,-6.410857225472473e-05,116.63175178789334,-0.00019918784301454763,0.0,-0.0,-0.0
2018-01-29,-0.0002058546333871297,1.8586822252875809e-07,-0.00020604050160965846,116.60772092325134,-0.0028832806660603616,-0.0,-0.0,0.0
2018-01-30,0.0002750933323869061,2.9046319699848055e-07,0.00027480286918990765,116.63976505953073,0.0037762496543304325,0.0,-0.0,-0.0
2018-01-31,-7.079732917059401e-06,4.1019229594903007e-07,-7.4899252130084305e-06,116.63889143641357,-0.0001,-0.0,0.0,0.0
2018-02-01,0.0,4.2446223816050567e-10,-4.2446223816050567e-10,116.63889138690477,0.0,0.0,0.0,-0.0
2018-02-02,0.0,0.0,0.0,116.63889138690477,0.0,0.0,0.0,-0.0
2018-02-05,0.000347600649774581,1.0613679652467249e-06,0.00034653928180933426,116.67931134455705,0.004941091441751022,0.0,-0.0,-0.0
2018-02-06,-0.002084469416296208,5.973085262761954e-07,-0.002085066724822484,116.43602719499731,-0.0001,-0.0,-0.0,-0.004116066981893829
2018-02-07,0.0010301659158125788,3.5341055247176685e-05,0.000994824860565402,116.55186064951634,0.0,0.0,0.0009748221375400657,0.0024470445970075083
2018-02-08,-0.004305602269040811,5.034077541623089e-06,-0.004310636346582434,116.04944796273872,-0.0,-0.0,-0.005690475277493112,-0.009693459025583051
2018-02-09,0.00013497968823661963,2.5058771617386945e-05,0.00010992091661923268,116.06220422443197,-0.0007008013016098879,-0.0,0.0040132240133117225,-0.0038236735171894853
2018-02-12,0.0006616143673234284,3.5655857089898063e-06,0.0006580487816144386,116.13857881651333,-0.0006494849380261902,0.0,-0.0001,0.004199384183187105
2018-02-13,-2.9870236467922734e-05,1.9221378726937593e-06,-3.179237434061649e-05,116.13488649534021,-0.0001,-0.0,0.0,-0.0001
2018-02-14,0.0,1.4043551362363795e-09,-1.4043551362363795e-09,116.13488633224559,0.0,-0.0,0.0,0.0
2018-02-15,0.0,6.487209871457733e-08,-6.487209871457733e-08,116.13487879833177,0.0,-0.0,0.0,0.0
2018-02-16,0.0,6.470367591401682e-07,-6.470367591401682e-07,116.13480365479619,0.0,-0.0,0.0,0.0
2018-02-19,4.2766761214823654e-05,9.956871606945593e-05,-5.680195485463228e-05,116.12820697092194,0.007235460305377905,0.0,-0.0,-0.0
2018-02-20,-2.321840519293229e-05,0.00017024998477746606,-0.00019346838997039837,116.10573983368913,-0.0001,0.0,-0.0,-0.0
2018-02-21,0.0,4.6028121655772307e-11,-4.6028121655772307e-11,116.105739828345,-0.0,0.0,0.0,-0.0
2018-02-22,0.0,0.0,0.0,116.105739828345,-0.0,0.0,-0.0,-0.0
2018-02-23,0.0,2.319407297676121e-06,-2.319407297676121e-06,116.10547053184474,0.0,-0.0,0.0,0.0
2018-02-26,0.0,2.0541162483139476e-07,-2.0541162483139476e-07,116.10544668243139,-0.0,0.0,0.0,-0.0
2018-02-27,0.0,9.774692656228102e-10,-9.774692656228102e-10,116.10544656894189,0.0,-0.0,-0.0,0.0
2018-02-28,0.0,0.0,0.0,116.10544656894189,-0.0,0.0,-0.0,-0.0
2018-03-01,0.0,0.0,0.0,116.10544656894189,-0.0,-0.0,-0.0,-0.0
2018-03-02,0.0006119713793910044,0.0,0.0006119713793910044,116.1764997792335,0.0,-0.0,0.0014429192340457031,-0.0
2018-03-05,0.0005993355299255639,4.6175125754405193e-07,0.0005988737786680199,116.24607483864871,0.0,-0.0,0.0014208608050541027,-0.0
2018-03-06,-4.197037591253811e-05,4.2156259639066495e-07,-4.2391938508928776e-05,116.24114694219223,0.0,0.0,-0.0001,0.0
2018-03-07,0.0,9.36124472159794e-09,-9.36124472159794e-09,116.2411458540304,0.0,-0.0,0.0,0.0
2018-03-08,1.531547714179928e-05,5.546465997628758e-07,1.4760830542036407e-05,116.24286166988638,6.138874583759843e-05,0.0,0.0,0.0
2018-03-09,-2.4950666675949834e-05,4.639966712133293e-09,-2.4955306642661967e-05,116.23996079362837,-0.0001,0.0,-0.0,-0.0
2018-03-12,0.0,2.1223374521397997e-08,-2.1223374521397997e-08,116.23995832662415,0.0,0.0,0.0,0.0
2018-03-13,0.0,1.5513190732785454e-09,-1.5513190732785454e-09,116.23995814629889,0.0,-0.0,0.0,0.0
2018-03-14,0.0,1.4701246620324047e-05,-1.4701246620324047e-05,116.23824927400703,0.0,0.0,0.0,-0.0
2018-03-15,0.0,7.505385870806846e-09,-7.505385870806846e-09,116.23824840159412,-0.0,-0.0,-0.0,0.0
2018-03-16,0.0,4.6592325173661635e-07,-4.6592325173661635e-07,116.23819424349145,-0.0,0.0,-0.0,-0.0
2018-03-19,0.0,2.8837388595270852e-09,-2.8837388595270852e-09,116.23819390829084,-0.0,-0.0,0.0,-0.0
2018-03-20,0.0,3.8686701961964664e-07,-3.8686701961964664e-07,116.23814893956718,0.0,0.0,0.0,-0.0
2018-03-21,0.0,6.991758633830586e-07,-6.991758633830586e-07,116.23806766865903,-0.0,0.0,-0.0,-0.0
2018-03-22,0.0017065621167866145,1.8070509278153013e-07,0.001706381411693833,116.43641414666004,0.007716095488087704,-0.0,0.0,0.0
2018-03-23,-2.044154754992462e-05,3.3507306588196645e-06,-2.3792278208744286e-05,116.43364385910104,-0.0001,-0.0,-0.0,-0.0
2018-03-26,0.0,2.678384731857886e-09,-2.678384731857886e-09,116.43364354724694,0.0,-0.0,0.0,0.0
2018-03-27,0.0,0.0,0.0,116.43364354724694,0.0,0.0,0.0,0.0
2018-03-28,0.0007936787318154605,0.0,0.0007936787318154605,116.52605445379818,0.0038829287741676158,-0.0,-0.0,-0.0
2018-03-29,-2.0108572299258105e-05,6.632721166011768e-07,-2.0771844415859283e-05,116.52363399272467,-0.0001,0.0,-0.0,-0.0
2018-03-30,0.0,1.6929367473400042e-06,-1.6929367473400042e-06,116.52343672558277,-0.0,-0.0,-0.0,0.0
2018-04-02,0.0,3.930400741283535e-08,-3.930400741283535e-08,116.52343214574475,0.0,-0.0,0.0,-0.0
2018-04-03,0.0,1.3017281646459906e-06,-1.3017281646459906e-06,116.52328046391129,-0.0,-0.0,0.0,-0.0
2018-04-04,0.0,1.0192088735666433e-06,-1.0192088735666433e-06,116.52316170234987,-0.0,0.0,0.0,0.0
2018-04-05,0.0,5.5259488756148615e-09,-5.5259488756148615e-09,116.52316105844882,0.0,0.0,0.0,0.0
2018-04-06,0.0,0.0,0.0,116.52316105844882,-0.0,0.0,-0.0,-0.0
2018-04-09,0.0,0.0,0.0,116.52316105844882,0.0,-0.0,0.0,0.0
2018-04-10,0.0,0.0,0.0,116.52316105844882,0.0,-0.0,0.0,0.0
2018-04-11,0.0,0.0,0.0,116.52316105844882,0.0,0.0,0.0,0.0
2018-04-12,-0.0002502757732598321,0.0,-0.0002502757732598321,116.49399813421223,-0.0007928037696238843,-0.0,0.0,-0.0002553072907904962
2018-04-13,0.0010447523548005762,8.088418614027315e-08,0.001044671470614436,116.61569609056086,0.003390605609685071,0.0,0.0,0.0010085346641477422
2018-04-16,-5.218427748350201e-05,2.783434903801788e-06,-5.49677123873038e-05,116.6092859925183,-0.0001,0.0,0.0,-0.0001
2018-04-17,2.9272901981245113e-05,1.3496452329550547e-08,2.925940552891556e-05,116.61269791090558,0.0,-0.0,0.0,0.00010201773938088862
2018-04-18,-2.791858434155977e-05,4.1206953488738185e-06,-3.203927969043359e-05,116.60896172406177,-0.0,-0.0,-0.0,-0.0001
2018-04-19,0.0,8.464951572700885e-09,-8.464951572700885e-09,116.60896073697256,0.0,0.0,-0.0,0.0
2018-04-20,0.0,0.0,0.0,116.60896073697256,-0.0,0.0,-0.0,-0.0
2018-04-23,0.0,0.0,0.0,116.60896073697256,-0.0,0.0,-0.0,-0.0
2018-04-24,-0.0035213471841157714,0.0,-0.0035213471841157714,116.19834010143875,-0.00534987383052844,0.0,-0.004629920496940787,-0.0
2018-04-25,0.002294720358412472,6.37531061695259e-06,0.0022883450477955195,116.46424199757193,0.0026564143873653023,-0.00048616614670439197,0.003988281472502964,0.0
2018-04-26,-0.004598463851449296,0.00015308211491374567,-0.004751545966363042,115.91085679828284,-0.0001,-0.0051560802738821465,-0.0001,-0.0
2018-04-27,-0.0005523853126834233,9.17967092676995e-05,-0.0006441820219511228,115.83618910818443,-0.005198069250610404,0.0005851593052259574,-0.0,-0.0
2018-04-30,0.00012012471482292219,1.0198261419520183e-06,0.00011910488868097017,115.8499857645934,0.0010909323947758676,-0.0001,-0.0,0.0
2018-05-01,-1.9042869426622972e-05,3.237395344214966e-08,-1.907524338006512e-05,115.84777589791938,-0.0001,0.0,-1.7416976143780265e-05,-0.0
2018-05-02,-2.3457704684059724e-05,3.6801017870929933e-09,-2.3461384785846816e-05,115.84505794867243,-0.0,0.0,-0.0001,-0.0
2018-05-03,-0.0011555185028021657,2.697902584514189e-09,-0.0011555212007047502,115.7111965282159,-0.0034820619593035726,-0.0,-0.0027060907648717267,0.0
2018-05-04,0.0004666488920826322,1.5112738816931288e-06,0.0004651376182009391,115.76501815856821,0.003201024774800665,-0.0,-0.00010854882602595595,0.0
2018-05-07,-3.7449460976615346e-05,1.849743062069126e-06,-3.929920403868447e-05,115.76046868549905,-0.0001,0.0,-0.0001,-0.0
2018-05-08,0.0,7.545038628880924e-07,-7.545038628880924e-07,115.76038134377826,-0.0,-0.0,0.0,-0.0
2018-05-09,0.0,2.2587497023992844e-05,-2.2587497023992844e-05,115.75776660650916,-0.0,0.0,-0.0,-0.0
2018-05-10,-0.00019362915530083508,1.1551902916822664e-05,-0.00020518105821765774,115.73401530545992,-0.0018415490223751107,0.0,-0.0,0.0
2018-05-11,-4.9246284447121596e-06,6.700351261379478e-05,-7.192814105850694e-05,115.72569077288178,-0.0001,-0.0,-0.0,0.0
2018-05-14,0.0,2.2437274131559548e-07,-2.2437274131559548e-07,115.72566480719131,0.0,-0.0,0.0,0.0
2018-05-15,0.0,0.0,0.0,115.72566480719131,-0.0,0.0,0.0,-0.0
2018-05-16,0.0,0.0,0.0,115.72566480719131,-0.0,0.0,-0.0,-0.0
2018-05-17,-2.1139388810912782e-05,0.0,-2.1139388810912782e-05,115.72321843736755,-0.00043087668404485625,0.0,0.0,0.0
2018-05-18,-5.525052771025625e-06,1.2378369307786776e-06,-6.7628897018043026e-06,115.72243581400532,-0.0001,0.0,-0.0,-0.0
2018-05-21,0.0,0.0,0.0,115.72243581400532,-0.0,0.0,-0.0,0.0
2018-05-22,0.00011566637267919221,0.0,0.00011566637267919221,115.73582100839353,0.0020934890121912966,0.0,-0.0,0.0
2018-05-23,0.00026868801865307133,1.1779516926289577e-07,0.00026857022348380843,115.76690420370682,-0.0001,-0.0,0.0,0.0003926276042663824
2018-05-24,0.0010629582110864553,2.6012750640369863e-06,0.0010603569360224184,115.88965844354104,-0.0,-0.0,-0.0,0.0015512008751654704
2018-05-25,2.0206507839280844e-05,2.4434909850343166e-05,-4.228402011062322e-06,115.8891684154762,0.0009667618428479297,-0.0,0.0,-0.0001
2018-05-28,-7.910901294093885e-06,1.1351343981587104e-07,-8.024414733909756e-06,115.88823847272567,-0.0001,0.0,-0.0,-0.0
2018-05-29,0.0,1.28420381249883e-09,-1.28420381249883e-09,115.88823832390153,-0.0,-0.0,0.0,-0.0
2018-05-30,-0.0006039654500585487,0.0,-0.0006039654500585487,115.81824583188573,-0.007635216942765155,-0.0,-0.0,-0.0
2018-05-31,0.0007667818640679632,1.9845435118391083e-06,0.0007647973205561242,115.90682331596949,0.011083886334456894,0.0,0.0,0.0
2018-06-01,-5.691739573518807e-06,2.4524957254985533e-06,-8.14423529901736e-06,115.90587934352763,-0.0001,0.0,0.0,-0.0
2018-06-04,0.0,1.132662919549332e-09,-1.132662919549332e-09,115.90587921224534,-0.0,0.0,0.0,0.0
2018-06-05,0.0,0.0,0.0,115.90587921224534,0.0,0.0,-0.0,0.0
2018-06-06,0.0021394396871486704,2.3867072001873545e-10,0.0021394394484779504,116.15385282254253,0.0,-0.0,0.0,0.0037428220597470643
2018-06-07,-0.0003327651063223673,3.8442624046952746e-05,-0.00037120773036932006,116.11073561446261,0.0,0.0,-0.001254293704035192,-0.0001
2018-06-08,0.002475922014327324,5.387757534855944e-07,0.002475383238573838,116.39815418322112,-0.0009256799721879649,-0.0,0.00017444103151498247,0.006600706444086268
2018-06-11,-6.309758448161276e-05,2.6286533188201844e-05,-8.93841176698146e-05,116.38775003691106,-0.0001,-0.0,-0.0001,-0.0001
2018-06-12,0.0,1.6599473890931138e-08,-1.6599473890931138e-08,116.38774810493564,-0.0,0.0,-0.0,0.0
2018-06-13,0.0,0.0,0.0,116.38774810493564,-0.0,0.0,-0.0,-0.0
2018-06-14,0.0,0.0,0.0,116.38774810493564,0.0,-0.0,0.0,-0.0
2018-06-15,0.0,0.0,0.0,116.38774810493564,-0.0,0.0,-0.0,-0.0
2018-06-18,0.00024452099294424036,0.0,0.00024452099294424036,116.4162073526688,0.002439486751588216,-0.0,0.0,-0.0
2018-06-19,0.00029887453262643685,1.266187060358734e-07,0.000298747913920401,116.45098645176195,0.0030007027580272183,-0.0,-0.0,-0.0
2018-06-20,-1.0621935554791662e-05,1.3235686519730977e-06,-1.194550420676476e-05,116.4495953860134,-0.0001,-0.0,-0.0,-0.0
2018-06-21,0.0,0.0,0.0,116.4495953860134,-0.0,0.0,0.0,-0.0
2018-06-22,0.0,0.0,0.0,116.4495953860134,0.0,-0.0,0.0,0.0
2018-06-25,0.0,0.0,0.0,116.4495953860134,0.0,-0.0,0.0,0.0
2018-06-26,0.0,4.4490573319058703e-07,-4.4490573319058703e-07,116.44954357692079,0.0,-0.0,0.0,-0.0
2018-06-27,0.0,6.323551676859496e-10,-6.323551676859496e-10,116.44954350328331,-0.0,0.0,-0.0,-0.0
2018-06-28,0.0,0.0,0.0,116.44954350328331,-0.0,0.0,-0.0,-0.0
2018-06-29,0.0,0.0,0.0,116.44954350328331,-0.0,0.0,-0.0,0.0
2018-07-02,0.0,0.0,0.0,116.44954350328331,0.0,0.0,0.0,0.0
2018-07-03,0.0,0.0,0.0,116.44954350328331,-0.0,0.0,-0.0,-0.0
2018-07-04,0.0,0.0,0.0,116.44954350328331,0.0,-0.0,0.0,0.0
2018-07-05,0.0,0.0,0.0,116.44954350328331,0.0,0.0,0.0,0.0
2018-07-06,0.0,0.0,0.0,116.44954350328331,0.0,0.0,-0.0,0.0
2018-07-09,0.0,0.0,0.0,116.44954350328331,0.0,-0.0,0.0,0.0
2018-07-10,-0.0012126739813678507,0.0,-0.0012126739813678507,116.30832817173473,-0.0004997560686643809,0.0,-0.0,-0.0046943899869229646
2018-07-11,0.0016289365364285054,5.976819642876484e-06,0.0016229597167856289,116.49709190308415,-0.0001,-0.0,0.0,0.007562270588080455
2018-07-12,-1.7677873059998998e-05,8.023236172325053e-06,-2.570110923232405e-05,116.49409779859991,-0.0,0.0,-0.0,-0.0001
2018-07-13,0.0,3.646871026330434e-10,-3.646871026330434e-10,116.49409775611603,-0.0,0.0,-0.0,0.0
2018-07-16,0.0,3.983084611922094e-09,-3.983084611922094e-09,116.49409729211018,0.0,-0.0,0.0,0.0
2018-07-17,0.0,6.066371410136384e-09,-6.066371410136384e-09,116.49409658541371,0.0,-0.0,0.0,-0.0
2018-07-18,0.0,0.0,0.0,116.49409658541371,-0.0,0.0,-0.0,-0.0
2018-07-19,0.0,0.0,0.0,116.49409658541371,-0.0,-0.0,-0.0,0.0
2018-07-20,0.0,0.0,0.0,116.49409658541371,0.0,-0.0,-0.0,-0.0
2018-07-23,0.0,1.3254366855230624e-05,-1.3254366855230624e-05,116.49255252992113,0.0,-0.0,0.0,0.0
2018-07-24,0.0,2.5511885546924364e-05,-2.5511885546924364e-05,116.48958058525392,-0.0,0.0,-0.0,-0.0
2018-07-25,0.0,9.83840816782689e-05,-9.83840816782689e-05,116.47811986484295,-0.0,-0.0,0.0,0.0
2018-07-26,0.0,3.540938563312481e-05,-3.540938563312481e-05,116.47399544617882,0.0,-0.0,0.0,0.0
2018-07-27,0.0018390152903696934,0.0001657076670548676,0.0016733076233148257,116.66889227067685,-0.0,0.0,-0.0,0.010534688528781911
2018-07-30,-1.3726727569263523e-05,7.4600648074173305e-06,-2.1186792376680854e-05,116.66642043107949,0.0,-0.0,0.0,-0.0001
2018-07-31,0.0,4.422367821194096e-09,-4.422367821194096e-09,116.66641991513767,0.0,0.0,0.0,0.0
2018-08-01,0.0,2.6857494617794066e-05,-2.6857494617794066e-05,116.66328654739272,-0.0,0.0,-0.0,0.0
2018-08-02,0.0,2.7871512760307835e-07,-2.7871512760307835e-07,116.66325403156989,-0.0,-0.0,0.0,-0.0
2018-08-03,0.0,4.633924813952362e-08,-4.633924813952362e-08,116.66324862548242,-0.0,0.0,-0.0,-0.0
2018-08-06,-0.00016161187308083238,0.0,-0.00016161187308083238,116.64439445935237,-0.002146496735071179,-0.0,-0.0,0.0
2018-08-07,-2.7533811760414698e-05,1.6805159402495802e-07,-2.7701863354439655e-05,116.641163192276,-0.0003698259168478657,0.0,-0.0,-0.0
2018-08-08,-7.5037081502892295e-06,1.1726906855457908e-07,-7.620977218843809e-06,116.64027427262853,-0.0001,0.0,0.0,0.0
2018-08-09,0.0,0.0,0.0,116.64027427262853,0.0,-0.0,-0.0,0.0
2018-08-10,0.0,0.0,0.0,116.64027427262853,-0.0,0.0,-0.0,-0.0
2018-08-13,-0.0008488501638433778,0.0,-0.0008488501638433778,116.54126415670147,-0.011312409102833498,-0.0,-0.0,-0.0
2018-08-14,4.098756174348748e-05,3.026290736208273e-06,3.7961271007279204e-05,116.54568821121364,0.0006842021899073902,0.0,0.0,-0.0
2018-08-15,-0.00029820136160916064,7.10595330351907e-09,-0.00029820846756246417,116.51093330013119,-0.004980806300560192,0.0,-0.0,-0.0
2018-08-16,-7.235223851851184e-06,3.812469907409237e-07,-7.616470842592108e-06,116.51004589800486,-0.00012482300979776983,-0.0,-0.0,-0.0
2018-08-17,-5.796519697559186e-06,2.667747926371478e-10,-5.796786472351823e-06,116.50937051414691,-0.0001,0.0,0.0,0.0
2018-08-20,0.0,7.72766190522696e-08,-7.72766190522696e-08,116.50936151069666,0.0,-0.0,0.0,0.0
2018-08-21,0.0,4.3766903221699465e-09,-4.3766903221699465e-09,116.50936100077128,0.0,-0.0,0.0,0.0
2018-08-22,0.00039793775688523326,3.360635352182284e-08,0.0003979041505317114,116.55572055908927,0.0,0.001591751027540933,0.0,0.0
2018-08-23,-5.926102401005718e-05,5.704169578238626e-05,-0.00011630271979244343,116.54216481178088,0.0,-0.0001,-3.5525384062717796e-05,-0.0
2018-08-24,0.0038672957217533005,1.4511754425670308e-07,0.0038671506042090437,116.99285091484856,0.00347839830788842,0.0,0.0072893345458052705,-0.0
2018-08-27,-2.127615342060123e-05,7.208006406574452e-05,-9.335621748634575e-05,116.98192890481423,-0.0001,-0.0,-0.0001,0.0
2018-08-28,-0.0001970728457269576,9.821671206006542e-07,-0.00019805501284755826,116.95876004738206,-0.003079387538046829,-0.0,0.0,0.0
2018-08-29,-7.975624852087763e-06,3.1517664762895247e-06,-1.1127391328377287e-05,116.95745860148973,-0.0001,0.0,-0.0,-0.0
2018-08-30,0.0,0.0,0.0,116.95745860148973,0.0,0.0,0.0,-0.0
2018-08-31,0.00027237181396784396,0.0,0.00027237181396784396,116.98931451664609,-0.0,-0.0,0.001812606458748245,-0.0
2018-09-03,-1.4697879450471855e-05,6.572967585775691e-07,-1.5355176209049425e-05,116.9875181251071,-0.0,0.0,-0.0001,-0.0
2018-09-04,0.0,3.3127939415537185e-07,-3.3127939415537185e-07,116.98747936955299,0.0,-0.0,-0.0,0.0
2018-09-05,0.0,4.266164457006644e-07,-4.266164457006644e-07,116.98742946077034,-0.0,0.0,-0.0,-0.0
2018-09-06,0.0,1.3718663301329274e-06,-1.3718663301329274e-06,116.9872689696548,0.0,-0.0,0.0,0.0
2018-09-07,0.0,9.865954738674799e-09,-9.865954738674799e-09,116.98726781546371,-0.0,-0.0,0.0,-0.0
2018-09-10,0.0,0.0,0.0,116.98726781546371,-0.0,0.0,0.0,-0.0
2018-09-11,0.0002308870596901358,0.0,0.0002308870596901358,117.01427866175081,0.002914905215417807,0.0,0.0,-0.0
2018-09-12,-7.744550337752707e-06,3.5272213704470314e-07,-8.09727247479741e-06,117.01333116525305,-0.0001,0.0,-0.0,0.0
2018-09-13,0.0,8.435484174812436e-10,-8.435484174812436e-10,117.01333106654663,0.0,-0.0,0.0,0.0
2018-09-14,0.0,2.497692423654996e-07,-2.497692423654996e-07,117.01330184021559,0.0,0.0,0.0,0.0
2018-09-17,0.0008388169705381379,4.026468405897793e-07,0.000838414323697548,117.11140746854156,0.005272562806159275,-0.0,0.0028021959949695477,-0.0
2018-09-18,-2.1694662819617262e-05,2.248396768772519e-06,-2.3943059588389782e-05,117.10860346313406,-0.0001,-0.0,-0.0001,0.0
2018-09-19,-0.00025171883029935515,9.257569585470471e-09,-0.00025172808786894064,117.07912393831128,0.0,0.0,-0.0017855399749002853,0.0
2018-09-20,-1.3742860119987466e-05,7.095410073586661e-07,-1.4452401127346132e-05,117.07743186384849,-0.0,0.0,-0.0001,0.0
2018-09-21,-0.00031113118778735346,7.345728826291254e-09,-0.0003111385335161797,117.04100456339053,0.0,0.0,0.0,-0.003816090367501312
2018-09-24,0.0022040250169686674,6.004585930724088e-07,0.002203424558375595,117.29889558718244,0.002015127565657682,0.0,0.014249268721051912,0.0010918035224836142
2018-09-25,0.00027765288328724595,1.2679986290196783e-05,0.00026497289699704916,117.32997661536074,-0.0001,0.0,-0.0001,0.003481506594668282
2018-09-26,-8.226493922784827e-06,3.9203116043788763e-07,-8.618525083222716e-06,117.32896540401426,0.0,0.0,0.0,-0.0001
2018-09-27,0.0,1.901362240118443e-09,-1.901362240118443e-09,117.32896518092939,-0.0,-0.0,-0.0,0.0
2018-09-28,0.0,0.0,0.0,117.32896518092939,-0.0,0.0,-0.0,-0.0
2018-10-01,0.0,0.0,0.0,117.32896518092939,-0.0,0.0,-0.0,0.0
2018-10-02,-0.00020350489600535067,0.0,-0.00020350489600535067,117.30508816207181,-0.0024966412508881206,0.0,0.0,0.0
2018-10-03,-0.00017969131851019418,1.8226131027338084e-07,-0.00017987357982046756,117.28398807593294,-0.0022294163309379833,-0.0,-0.0,-0.0
2018-10-04,-0.0005219774970236784,1.3304746732681756e-07,-0.0005221105444910052,117.22275286905854,-0.0065300304727187175,0.0,-0.0,-0.0
2018-10-05,0.00027047797112157376,1.12454626250606e-06,0.0002693534248590677,117.25432721901524,0.0036397522018474238,-0.0,0.0,-0.0
2018-10-08,-7.204067894986527e-06,9.768242955118148e-07,-8.180892190498343e-06,117.25336797400539,-0.0001,-0.0,0.0,-0.0
2018-10-09,0.0,2.83294696319351e-06,-2.83294696319351e-06,117.25303580143265,-0.0,-0.0,-0.0,0.0
2018-10-10,0.0,3.012292958069762e-09,-3.012292958069762e-09,117.25303544823215,0.0,-0.0,0.0,0.0
2018-10-11,0.0,0.0,0.0,117.25303544823215,0.0,-0.0,0.0,-0.0
2018-10-12,-0.00016066261604528813,0.0,-0.00016066261604528813,117.23419726881778,0.0,-0.0,-0.002177698598126565,0.0
2018-10-15,0.0007180513911032736,1.6220078652257055e-07,0.0007178891903167511,117.31835843177254,-0.0,0.0,0.009840994406042691,-0.0
2018-10-16,-6.38757403617531e-06,1.8179176581281293e-06,-8.20549169430344e-06,117.31739577695683,0.0,-0.0,-0.0001,0.0
2018-10-17,0.0,1.8422656460737042e-09,-1.8422656460737042e-09,117.31739556082704,-0.0,0.0,0.0,0.0
2018-10-18,0.0,0.0,0.0,117.31739556082704,-0.0,0.0,-0.0,-0.0
2018-10-19,0.0,0.0,0.0,117.31739556082704,-0.0,-0.0,-0.0,-0.0
2018-10-22,0.00030220727995088916,0.0,0.00030220727995088916,117.35284973183037,0.004216082180734426,0.0,0.0,0.0
2018-10-23,-6.947890075870375e-06,4.401491302755634e-07,-7.388039206145938e-06,117.35198272437559,-0.0001,0.0,-0.0,-0.0
2018-10-24,0.0,5.933115058143202e-10,-5.933115058143202e-10,117.3519826547493,0.0,-0.0,0.0,0.0
2018-10-25,0.0,2.0008738400069298e-05,-2.0008738400069298e-05,117.34963458962764,-0.0,-0.0,-0.0,-0.0
2018-10-26,-0.00012205008937744988,6.929783260855444e-09,-0.00012205701916071074,117.33531124303002,-0.001977250156367971,0.0,-0.0,0.0
2018-10-29,0.00011273562425941364,5.88440978992931e-08,0.00011267678016151435,117.34853220810015,0.0018350998067984126,-0.0,0.0,0.0
2018-10-30,-6.1047691463462434e-06,7.705493147625379e-08,-6.181824077822498e-06,117.34780678011825,-0.0001,0.0,-0.0,-0.0
2018-10-31,0.0,5.280442807953368e-10,-5.280442807953368e-10,117.34780671815341,-0.0,0.0,-0.0,0.0
2018-11-01,0.0,0.0,0.0,117.34780671815341,-0.0,-0.0,0.0,-0.0
2018-11-02,0.0004637435562897209,7.187082853420818e-08,0.0004636716854611867,117.40221757347959,0.007551635381950905,-0.0,0.0,0.0
2018-11-05,0.00016820330182979208,9.69369554100695e-07,0.00016723393227569138,117.4218512079823,-0.0001,0.0,0.0,0.0008501826657098977
2018-11-06,-0.0004119114879683566,3.983262467110664e-07,-0.00041230981421506763,117.37343702632594,0.0,0.0,0.0,-0.0020340794633242343
2018-11-07,-0.0008152386269091609,2.155160011612467e-06,-0.0008173937869207734,117.27749670815109,0.0,0.0,0.0,-0.004252029186001094
2018-11-08,-0.000795205095444376,6.262054282920654e-06,-0.0008014671497272967,117.18350264713726,-0.0,0.0,-0.0013209559312186258,-0.004460065618145492
2018-11-09,0.000166545156903947,4.463007801941776e-06,0.0001620821491020052,117.2024960010856,-0.0,0.0,-0.0001,0.001249862987753314
2018-11-12,0.0007477329532640719,3.2171008866111116e-07,0.0007474112431754108,117.29009446432504,-0.0,-0.0,-0.0,0.005478079684007486
2018-11-13,-1.160610213418239e-05,4.086885792226231e-06,-1.569298792640862e-05,117.28825383228872,-0.0,-0.0,-0.0,-0.0001
2018-11-14,0.0005546445117598205,2.5006732137469733e-09,0.0005546420110866067,117.35330682527109,0.006822533588078705,0.0,0.0,0.0
2018-11-15,-7.458617850103307e-06,1.3419590578514122e-06,-8.800576907954719e-06,117.35227404846897,-0.0001,-0.0,-0.0,0.0
2018-11-16,0.0,2.062273435254891e-09,-2.062273435254891e-09,117.3522738064565,0.0,-0.0,-0.0,0.0
2018-11-19,0.0,0.0,0.0,117.3522738064565,0.0,-0.0,0.0,0.0
2018-11-20,0.0,4.6588212855917735e-05,-4.6588212855917735e-05,117.34680657374528,0.0,-0.0,0.0,-0.0
2018-11-21,0.0,0.00017082799039835363,-0.00017082799039835363,117.32676045459863,-0.0,0.0,-0.0,-0.0
2018-11-22,0.0,2.3368230305322036e-06,-2.3368230305322036e-06,117.32648628272268,0.0,0.0,-0.0,0.0
2018-11-23,0.0,6.5442166823304065e-09,-6.5442166823304065e-09,117.32648551491273,0.0,-0.0,0.0,-0.0
2018-11-26,0.0,9.994380480212394e-07,-9.994380480212394e-07,117.32636825435907,-0.0,-0.0,-0.0,-0.0
2018-11-27,0.0,6.745633923893602e-09,-6.745633923893602e-09,117.32636746291834,-0.0,0.0,0.0,-0.0
2018-11-28,0.0,0.0,0.0,117.32636746291834,-0.0,0.0,-0.0,0.0
2018-11-29,0.0,1.237075680076416e-07,-1.237075680076416e-07,117.32635294875875,0.0,-0.0,0.0,0.0
2018-11-30,0.0,4.7157726310143034e-09,-4.7157726310143034e-09,117.32635239547433,0.0,-0.0,-0.0,0.0
2018-12-03,-0.0031671527027054775,0.0,-0.0031671527027054775,116.95476192138644,-0.0,0.0,-0.0,-0.007097110322791267
2018-12-04,0.000876640777664179,9.545408039706933e-06,0.000867095369624472,117.056172853904,0.0,-0.0,-0.0,0.002199672369269434
2018-12-05,0.0005879976266217637,8.458393456692748e-07,0.0005871517872760944,117.12490259500687,-0.0,-0.0,-0.0,0.0014912320642602728
2018-12-06,-3.923807674943022e-05,3.8449344054672934e-07,-3.9622570189976954e-05,117.12026180533282,0.0,0.0,0.0,-0.0001
2018-12-07,0.0,1.3872723758079353e-09,-1.3872723758079353e-09,117.12026164285511,0.0,-0.0,0.0,-0.0
2018-12-10,0.0,6.587439205129775e-07,-6.587439205129775e-07,117.12018449059478,0.0,-0.0,-0.0,-0.0
2018-12-11,0.0012523353018020816,6.462028130649334e-09,0.001252328839773951,117.266857475352,0.003795309912609113,0.0,-0.0,0.0
2018-12-12,-3.241610841601483e-05,1.161619278242293e-06,-3.357772769425712e-05,117.26291992074411,-0.0001,0.0,-0.0,0.0
2018-12-13,0.0014089762490366166,7.1974316505907246e-09,0.001408969051604966,117.42813974581327,0.0043470137365770765,-0.0,0.0,0.0
2018-12-14,-3.271599443658303e-05,6.786476507379402e-07,-3.339464208732097e-05,117.42421827511549,-0.0001,0.0,0.0,0.0
2018-12-17,0.0,4.547205770205621e-09,-4.547205770205621e-09,117.4242177411634,-0.0,-0.0,-0.0,-0.0
2018-12-18,0.0012346841981931722,2.877078591068949e-07,0.0012343964903340653,117.56916578342332,0.0037816471916522934,-0.0,0.0,0.0
2018-12-19,-3.209964908734032e-05,1.0994531693710342e-06,-3.319910225671135e-05,117.56526259266622,-0.0001,-0.0,0.0,0.0
2018-12-20,0.0,2.2200943656494387e-06,-2.2200943656494387e-06,117.56500158668915,0.0,-0.0,-0.0,-0.0
2018-12-21,0.0,2.36266712150013e-05,-2.36266712150013e-05,117.56222391705026,0.0,-0.0,0.0,0.0
2018-12-24,0.0015885070710946222,2.073416284843066e-06,0.0015864336548097793,117.74872858560654,0.007235466024604886,-0.0011524036632019174,-0.0,-0.0
2018-12-25,-0.0052295288426577775,0.0001311687733909877,-0.005360697616048765,117.11751325698492,-0.0001,-0.006690473458838997,0.0,0.0
2018-12-26,-3.7751412424003855e-05,8.066594854297995e-05,-0.0001184173609669838,117.10364451014202,0.0,-0.0001,-0.0,-0.0
2018-12-27,0.0,7.844459133379833e-09,-7.844459133379833e-09,117.10364359152727,-0.0,0.0,-0.0,0.0
2018-12-28,0.0,0.0,0.0,117.10364359152727,0.0,-0.0,-0.0,-0.0
2018-12-31,0.0,4.002924227540339e-07,-4.002924227540339e-07,117.10359671582606,0.0,-0.0,0.0,0.0
2019-01-01,0.0,3.510548031160965e-07,-3.510548031160965e-07,117.10355560604597,0.0,-0.0,0.0,-0.0
2019-01-02,0.00010694942707508657,2.837408888243681e-06,0.00010411201818684288,117.11574749355698,0.002627909868198375,0.0,-0.001375379733834292,0.0
2019-01-03,0.004400421747054008,4.7619971550360854e-07,0.004399945547338504,117.63105040526447,-0.0001,-0.0,0.01821942891687911,-0.0
2019-01-04,0.001222870254187221,2.1160204900280574e-05,0.0012017100492869403,117.77240882064466,0.006347331224281871,0.0,-0.0001,0.0
2019-01-07,-1.8406428127868812e-05,2.149545048774451e-06,-2.0555973176643263e-05,117.769987894168,-0.0001,0.0,0.0,0.0
2019-01-08,0.0,9.577656077427999e-09,-9.577656077427999e-09,117.76998676620755,0.0,0.0,0.0,0.0
2019-01-09,0.0,0.0,0.0,117.76998676620755,-0.0,0.0,-0.0,0.0
2019-01-10,-0.0004558814658040323,1.7985594577305254e-07,-0.0004560613217498053,117.71627643038049,0.0,-0.0,0.0,-0.0018221577220887241
2019-01-11,0.0002988037766725262,3.103417762067809e-06,0.0002957003589104584,117.75108517557055,0.0037788840682248972,0.0,-0.0,-0.0015811429084058304
2019-01-14,-0.0006310897412100772,5.724973387788268e-07,-0.000631662238548856,117.67670626151701,-0.0001,0.0,0.0,-0.002521771186191124
2019-01-15,0.00018973558980268045,7.156154897648787e-07,0.00018901997431291557,117.69894950951179,0.0,-0.0,0.0,0.0007919291884764812
2019-01-16,-2.3898609362159043e-05,1.2009321810320108e-07,-2.4018702580262245e-05,117.6961225334495,-0.0,0.0,-0.0,-0.0001
2019-01-17,0.0,3.5711804617921675e-09,-3.5711804617921675e-09,117.6961221131354,-0.0,0.0,0.0,-0.0
2019-01-18,0.0,6.926953254245361e-07,-6.926953254245361e-07,117.69604058558178,-0.0,0.0,0.0,0.0
2019-01-21,0.0015511919034446704,9.547943438001361e-09,0.0015511823555012323,117.87860860705051,-0.0,0.0,0.009951369155553492,-0.0
2019-01-22,-1.4036087641738885e-05,3.1032716162889136e-06,-1.71393592580278e-05,117.87658824322875,0.0,0.0,-0.0001,-0.0
2019-01-23,0.0,2.5600287996557782e-09,-2.5600287996557782e-09,117.8765879414613,-0.0,-0.0,0.0,-0.0
2019-01-24,0.0,4.386324705666467e-07,-4.386324705666467e-07,117.87653623696231,0.0,0.0,0.0,0.0
2019-01-25,0.0,4.4473740967659884e-08,-4.4473740967659884e-08,117.87653099455177,-0.0,0.0,0.0,-0.0
2019-01-28,0.0016453223755730827,1.0153574873858485e-08,0.0016453122219982088,118.07047469168386,0.00869947829654837,-0.0,0.0,0.0
2019-01-29,-1.716711562739173e-05,3.491539888892728e-06,-2.0658655516284457e-05,118.06803551442056,-0.0001,-0.0,-0.0,-0.0
2019-01-30,0.0,8.767268724435562e-09,-8.767268724435562e-09,118.06803447928635,0.0,0.0,-0.0,-0.0
2019-01-31,0.0,2.4212483471339336e-06,-2.4212483471339336e-06,118.06774860725302,0.0,-0.0,0.0,0.0
2019-02-01,-4.182551484089767e-06,1.3463674086941214e-07,-4.317188224959179e-06,118.06723888655898,0.0032203826269594396,-0.0,-0.0,-0.0024414845598732635
2019-02-04,0.0007402066642662916,3.8933707609312974e-07,0.0007398173271901985,118.15458707566077,-0.0001,0.0,-0.0,0.0031170908267053044
2019-02-05,-2.473801978867013e-05,8.131992879592071e-07,-2.5551219076629335e-05,118.15156808192148,-0.0,0.0,-0.0,-0.0001
2019-02-06,0.0,2.871243582111682e-06,-2.871243582111682e-06,118.15122883998993,-0.0,-0.0,-0.0,0.0
2019-02-07,0.0,2.725894981278454e-07,-2.725894981278454e-07,118.15119663320574,-0.0,0.0,-0.0,-0.0
2019-02-08,0.0,6.248959407577185e-06,-6.248959407577185e-06,118.15045831117403,-0.0,-0.0,0.0,-0.0
2019-02-11,-0.00023428096174496076,3.93368392081761e-09,-0.00023428489542888156,118.12277744340373,-0.001379588983948976,0.0,-0.0,0.0
2019-02-12,-0.0007176795657751061,1.9843448967191454e-06,-0.0007196639106718252,118.0377687434494,-0.003992851395924202,0.0,-0.0,-0.0
2019-02-13,0.0003950502340555662,1.3013071554552143e-06,0.000393748926900111,118.08424598822582,0.004930589046378886,-0.001141647302356008,0.0,0.0
2019-02-14,-0.0015009024853009508,8.974962110123053e-07,-0.0015017999815119631,117.90690706978384,-0.0001,-0.003691780605356243,-0.0,-0.0
2019-02-15,0.0012974891104654766,5.630030743904055e-06,0.0012918590797215725,118.05922617824382,0.0,0.003470826779937042,-0.0,0.0
2019-02-18,-3.5021435249012784e-05,4.72254954342127e-06,-3.974398479243406e-05,118.05453403415397,0.0,-0.0001,0.0,0.0
2019-02-19,0.0,6.2529721434279045e-09,-6.2529721434279045e-09,118.05453329596227,0.0,0.0,0.0,-0.0
2019-02-20,0.0,0.0,0.0,118.05453329596227,0.0,-0.0,0.0,0.0
2019-02-21,0.0,0.0,0.0,118.05453329596227,0.0,0.0,-0.0,0.0
2019-02-22,0.0,0.0,0.0,118.05453329596227,-0.0,-0.0,-0.0,-0.0
2019-02-25,0.0,0.0,0.0,118.05453329596227,-0.0,0.0,0.0,0.0
2019-02-26,0.0,0.0,0.0,118.05453329596227,0.0,0.0,0.0,0.0
2019-02-27,0.0,0.0,0.0,118.05453329596227,0.0,-0.0,0.0,0.0
2019-02-28,0.002194466269675878,0.0,0.002194466269675878,118.31359998726259,0.0010379817523226032,0.0,0.0,0.006226357211832611
2019-03-01,-5.165416037334062e-05,3.0478106322727877e-06,-5.470197100561341e-05,118.3071280001465,-0.0001,0.0,-0.0,-0.0001
2019-03-04,0.0,1.4257225272346324e-06,-1.4257225272346324e-06,118.30695932700898,0.0,0.0,-0.0,-0.0
2019-03-05,0.0,7.033893921277374e-07,-7.033893921277374e-07,118.30687611114878,-0.0,-0.0,-0.0,-0.0
2019-03-06,0.0,4.891682342766935e-09,-4.891682342766935e-09,118.30687553242912,-0.0,0.0,-0.0,-0.0
2019-03-07,9.019335037603245e-05,0.0,9.019335037603245e-05,118.31754602590591,0.0005109592703660293,-0.0,0.0,-0.0
2019-03-08,-1.7664199077090325e-05,2.4860041868179918e-08,-1.7689059118958504e-05,118.31545309983946,-0.0001,0.0,-0.0,-0.0
2019-03-11,0.0005277887190007124,5.266297522399627e-07,0.0005272620892484725,118.37783635283125,0.00294401510649055,-0.0,-0.0,0.0
2019-03-12,0.0027456247627422672,2.6890955061847635e-07,0.002745355853191649,118.70282563875065,-0.0001,0.0,0.019931796823401394,0.0
2019-03-13,-1.0436195668966454e-05,6.856346280701781e-06,-1.7292541949668234e-05,118.70077296515875,0.0,-0.0,-0.0001,-0.0
2019-03-14,0.0,8.752931172051338e-09,-8.752931172051338e-09,118.70077192617904,0.0,-0.0,0.0,0.0
2019-03-15,0.0,0.0,0.0,118.70077192617904,-0.0,0.0,-0.0,-0.0
2019-03-18,0.0,6.414768017987682e-07,-6.414768017987682e-07,118.70069578238751,0.0,-0.0,0.0,0.0
2019-03-19,0.0,8.05749226757413e-09,-8.05749226757413e-09,118.70069482595757,0.0,-0.0,-0.0,0.0
2019-03-20,0.0,0.0,0.0,118.70069482595757,0.0,0.0,0.0,-0.0
2019-03-21,0.0,0.0,0.0,118.70069482595757,0.0,-0.0,-0.0,0.0
2019-03-22,0.002251591884283347,3.3596975506972076e-06,0.0022482321867326495,118.96756154865284,0.004529667781540836,0.0,-0.0,0.003738307896649407
2019-03-25,-4.4291189338829026e-05,2.6003383821931003e-05,-7.029457316076003e-05,118.9591987746938,-0.0001,-0.0,0.0,-0.0001
2019-03-26,0.0,1.4224572405971415e-08,-1.4224572405971415e-08,118.95919708255008,0.0,-0.0,0.0,0.0
2019-03-27,0.0,0.0,0.0,118.95919708255008,-0.0,0.0,-0.0,0.0
2019-03-28,0.001970865340000722,0.0,0.001970865340000722,119.1936496409544,-0.0,-0.0,-0.0,0.007253750535540215
2019-03-29,-2.263510427965299e-05,9.07037926059054e-06,-3.1705483540243526e-05,119.18987054865762,-0.0,0.0,-0.0,-0.0001
2019-04-01,-0.000246405288618511,6.5367207905439595e-09,-0.0002464118253393015,119.16050075509376,-0.0,0.0,-0.0026785622885493574,0.0
2019-04-02,0.00032385595760060077,3.3523401725765597e-07,0.0003235207235833431,119.19905164652063,-0.0,0.0,0.0035418050994779904,-0.0
2019-04-03,-1.129823182073873e-05,4.308842018913739e-06,-1.560707383965247e-05,119.19719129811996,-0.0,-0.0,-0.0001,-0.0
2019-04-04,0.0,2.921574446432372e-06,-2.921574446432372e-06,119.19684305465177,0.0,0.0,0.0,0.0
2019-04-05,0.0,8.019781804553816e-09,-8.019781804553816e-09,119.1968420987191,-0.0,0.0,-0.0,-0.0
2019-04-08,0.0,0.0,0.0,119.1968420987191,-0.0,0.0,-0.0,-0.0
2019-04-09,0.0,0.0,0.0,119.1968420987191,0.0,-0.0,0.0,0.0
2019-04-10,0.0,5.375797049849224e-07,-5.375797049849224e-07,119.19677802091589,0.0,-0.0,-0.0,0.0
2019-04-11,-0.0001876482672595798,1.1758147716264697e-06,-0.00018882408203120627,119.174270798725,-0.000945798832344924,-0.0,0.0,0.0
2019-04-12,0.0016502410757108744,1.150927715939705e-06,0.0016490901479949346,119.37079991459365,0.0013963867106357997,0.0,-0.0,0.006096559374296195
2019-04-15,-4.0584905649255096e-05,4.18525635372828e-06,-4.4770162002983375e-05,119.36545566454303,-0.0001,0.0,0.0,-0.0001
2019-04-16,-0.00012648922314175407,7.673003581885884e-09,-0.00012649689614533595,119.3503563048945,-8.871708869652153e-05,-0.0,0.0,-0.0005305143162837144
2019-04-17,0.00030069999378304997,7.135409863144593e-08,0.0003006286396844185,119.3862364401563,-0.0001,0.0,-0.0,0.0015690689343786923
2019-04-18,-2.0377737931614263e-05,1.3585694358215773e-07,-2.051359487519642e-05,119.38378739926827,0.0,0.0,-0.0,-0.0001
2019-04-19,0.0,2.0718133154480414e-06,-2.0718133154480414e-06,119.38354005834788,-0.0,-0.0,-0.0,-0.0
2019-04-22,-1.859087402424098e-05,1.9687627657236084e-09,-1.85928427870067e-05,119.38132037895622,0.0,-0.0,-0.0001519241045729979,0.0
2019-04-23,-0.00011595564570855346,3.1939599693803223e-09,-0.00011595883966852284,119.36747705956697,0.0,0.0,-0.0009477099867990502,-0.0
2019-04-24,-1.221579031137712e-05,3.912187563366726e-08,-1.2254912187010787e-05,119.3660142216176,-0.0,-0.0,-0.0001,-0.0
2019-04-25,-0.0012756249228086584,1.8672371681752175e-09,-0.0012756267900458267,119.21374773605552,-0.0064128812195926145,0.0,-0.0,-0.0
2019-04-26,-0.000321796165501272,3.3421754715828925e-06,-0.00032513834097285487,119.17498677589549,-0.0014923747591043535,-0.0,-0.0,0.0
2019-04-29,0.00025777603744074216,3.165249624462893e-07,0.0002574595124782959,119.2056695098904,0.0012043116734206105,0.0,0.0,0.0
2019-04-30,-2.1320614179632932e-05,1.6762970130246302e-07,-2.1488243880935397e-05,119.20310798939198,-0.0001,0.0,0.0,0.0
2019-05-01,0.0,3.1685514825713358e-09,-3.1685514825713358e-09,119.2031076116908,0.0,-0.0,0.0,-0.0
2019-05-02,0.0,1.6421752354210145e-06,-1.6421752354210145e-06,119.20291185929948,-0.0,0.0,0.0,-0.0
2019-05-03,0.0,8.314967380005076e-07,-8.314967380005076e-07,119.20281274246712,-0.0,0.0,-0.0,-0.0
2019-05-06,0.0,1.0212829438428772e-08,-1.0212829438428772e-08,119.20281152506911,0.0,-0.0,0.0,-0.0
2019-05-07,0.0,0.0,0.0,119.20281152506911,0.0,0.0,-0.0,0.0
2019-05-08,0.0,0.0,0.0,119.20281152506911,-0.0,-0.0,-0.0,0.0
2019-05-09,0.0,0.0,0.0,119.20281152506911,0.0,-0.0,-0.0,-0.0
2019-05-10,0.0,2.8549612198335434e-07,-2.8549612198335434e-07,119.20277749312869,0.0,-0.0,-0.0,-0.0
2019-05-13,0.0,2.6316426757087716e-06,-2.6316426757087716e-06,119.20246379401237,0.0,-0.0,0.0,-0.0
2019-05-14,6.302334258064028e-05,4.3307425111942675e-06,5.869260006944602e-05,119.20946009654713,0.0002481922963568529,-0.0,-0.0,-0.0
2019-05-15,-0.00042953680434460297,1.9221906669111552e-05,-0.00044875871101371454,119.15596381289357,-0.0001,0.0,-0.004462419008147933,-0.0
2019-05-16,-4.646438068680182e-07,8.738309180572779e-05,-8.784773561259581e-05,119.14549623128788,0.0,-0.0,-0.0001,-0.0
2019-05-17,0.0,0.00017022242796824403,-0.00017022242796824403,119.1252149956379,-0.0,0.0,-0.0,-0.0
2019-05-20,-0.0003835707910994996,0.0,-0.0003835707910994996,119.07952204268213,-0.0008370057657791751,0.0,-0.0,0.0
2019-05-21,0.00013274163491295424,2.3554818527600775e-07,0.00013250608672767824,119.0953008041574,0.0002904073849743227,-0.0,-0.0,0.0
2019-05-23,-4.5697610337563224e-05,2.2313300251625145e-08,-4.571992363781485e-05,119.089855776099,-0.0001,0.0,-0.0,-0.0
2019-05-24,0.0,4.667639102520771e-09,-4.667639102520771e-09,119.08985522023055,0.0,-0.0,0.0,0.0
2019-05-27,0.0,0.0,0.0,119.08985522023055,0.0,-0.0,0.0,0.0
2019-05-28,0.0,0.0,0.0,119.08985522023055,-0.0,0.0,-0.0,-0.0
2019-05-29,0.0,0.0,0.0,119.08985522023055,-0.0,-0.0,-0.0,0.0
2019-05-30,0.0,6.579734348087432e-06,-6.579734348087432e-06,119.08907164061966,-0.0,0.0,-0.0,-0.0
2019-05-31,-0.0002854306748598334,1.289170432823561e-08,-0.00028544356656416166,119.05507843127174,-0.0006565852978207664,-0.0,-0.0,-0.0
2019-06-03,0.0016732082325884802,1.3680958131948585e-07,0.0016730714230071607,119.25426608075898,0.0038550003250341636,-0.0,0.0,0.0
2019-06-04,-4.131545100099118e-05,4.176262278796369e-06,-4.5491713279787545e-05,119.24884099987902,-0.0001,-0.0,0.0,0.0
2019-06-05,-0.0014624971017096432,5.659066659446932e-09,-0.0014625027607763027,119.07443924069732,-0.000786552412982211,0.0,0.0,-0.0028755488390073245
2019-06-06,0.0020531775136564713,2.098977038346464e-06,0.002051078536618125,119.31867026728375,0.0022233824627768684,0.0,-0.0,0.002906916273104354
2019-06-07,-8.007550175826915e-05,8.603247007148402e-07,-8.0935826458984e-05,119.3090131120937,-0.0001,0.0,0.0,-0.0001
2019-06-10,-0.001706883502497902,2.1786948636206063e-06,-0.0017090621973615226,119.10510658797931,-0.0039714871766896144,-0.0,0.0,0.0
2019-06-11,0.0013411591600944405,5.1822529154126244e-05,0.0012893366309403142,119.25867316483523,0.00018112820970772603,-0.0,-0.0,0.004870281572325596
2019-06-12,-5.358431758014264e-05,3.063250142077165e-06,-5.66475677222198e-05,119.25191745107067,-0.0001,0.0,0.0,-0.0001
2019-06-13,0.0,1.0742766511839807e-08,-1.0742766511839807e-08,119.25191616997515,-0.0,0.0,-0.0,-0.0
2019-06-14,0.0,0.0,0.0,119.25191616997515,-0.0,-0.0,-0.0,-0.0
2019-06-17,0.0,0.0,0.0,119.25191616997515,-0.0,0.0,-0.0,-0.0
2019-06-18,0.00016411195114138333,0.0,0.00016411195114138333,119.27148683461515,0.0005733588790275302,-0.0,-0.0,-0.0
2019-06-19,-2.8587902658802958e-05,6.9999062273024e-08,-2.8657901721075982e-05,119.26806876406731,-0.0001,0.0,0.0,0.0
2019-06-20,0.0,9.229772708257978e-10,-9.229772708257978e-10,119.26806865398558,0.0,-0.0,0.0,0.0
2019-06-21,0.0,3.9763883646064674e-06,-3.9763883646064674e-06,119.26759439782512,0.0,-0.0,0.0,0.0
2019-06-24,0.0,1.1075519223149865e-08,-1.1075519223149865e-08,119.2675930768746,0.0,0.0,0.0,0.0
2019-06-25,-0.00044878068472446373,0.0,-0.00044878068472446373,119.21406808478811,-0.0014679296106814399,0.0,-0.0,0.0
2019-06-26,0.0008073550205228414,4.525917457801232e-07,0.0008069024287770612,119.31026220587013,0.002660493599308089,-0.0,-0.0,-0.0
2019-06-27,-2.7539603802615632e-05,1.0390969207726957e-05,-3.793057301034259e-05,119.30573669925863,-0.0001,0.0,0.0,0.0
2019-06-28,0.0,1.2100523711400247e-08,-1.2100523711400247e-08,119.30573525559673,-0.0,0.0,-0.0,0.0
2019-07-01,0.0,4.598596722296311e-06,-4.598596722296311e-06,119.30518661663363,-0.0,0.0,0.0,0.0
2019-07-02,0.002126930309648061,1.2323064136882016e-05,0.002114607245511179,119.55747022868022,-0.0,-0.0,-0.0,0.008236728715958142
2019-07-03,-2.0538581695042014e-05,1.056786178908131e-05,-3.110644348412332e-05,119.55375122098944,0.0,-0.0,-0.0,-0.0001
2019-07-04,0.0,8.3814419519046e-09,-8.3814419519046e-09,119.5537502189566,-0.0,-0.0,-0.0,0.0
2019-07-05,0.0,0.0,0.0,119.5537502189566,-0.0,0.0,0.0,-0.0
2019-07-08,0.0,0.0,0.0,119.5537502189566,-0.0,0.0,-0.0,-0.0
2019-07-09,-0.00027941272933871994,0.0,-0.00027941272933871994,119.52034537930525,-0.0011094279101561244,0.0,-0.0,-0.0
2019-07-10,-0.00017429760200983043,2.0499031804872282e-07,-0.00017450259232787915,119.49948876920064,-0.0006948888470127423,0.0,-0.0,-0.0
2019-07-11,-2.511869600303037e-05,7.178559026678744e-08,-2.5190481593297157e-05,119.49647851952841,-0.0001,-0.0,0.0,0.0
2019-07-12,0.0,4.50216227239805e-06,-4.50216227239805e-06,119.49594052699113,-0.0,0.0,0.0,0.0
2019-07-15,0.0,9.529533801577728e-09,-9.529533801577728e-09,119.49593938825052,0.0,-0.0,0.0,0.0
2019-07-16,0.0,8.540893128371197e-08,-8.540893128371197e-08,119.49592918223004,-0.0,0.0,-0.0,0.0
2019-07-17,0.0007435490324702322,2.9709777659832074e-07,0.0007432519346936338,119.58474476278276,-0.0,0.0,-0.0,0.003232854127074958
2019-07-18,-2.2290729194788924e-05,1.4180827739441378e-06,-2.370881196873306e-05,119.58190955055483,0.0,-0.0,0.0,-0.0001
2019-07-19,0.0,9.191000478872558e-09,-9.191000478872558e-09,119.58190845147745,0.0,-0.0,0.0,0.0
2019-07-22,0.000737457113570064,5.322246146732823e-09,0.0007374517913239173,119.67009434407491,-0.0,0.0,-0.0,0.0033088530320304235
2019-07-23,-2.1418529539676398e-05,1.8174734507985875e-06,-2.3236002990474986e-05,119.66731368940486,-0.0,0.0,-0.0,-0.0001
2019-07-24,0.0,6.920988104497373e-09,-6.920988104497373e-09,119.66731286118882,-0.0,0.0,-0.0,-0.0
2019-07-25,-0.00027094142406413566,1.1344554978607409e-05,-0.00028228597904274305,119.63353245661837,-0.000891075725082191,-0.0,0.0,-0.0
2019-07-26,0.00010263371950878673,5.837794426454518e-07,0.00010204994006614128,119.64574105143546,0.0003343336238734729,0.0,-0.0,-0.0
2019-07-29,-3.098403349423369e-05,5.720767678558697e-07,-3.155611026208956e-05,119.64196549723844,-0.0001,-0.0,-0.0,-0.0
2019-07-30,0.0,0.0,0.0,119.64196549723844,0.0,0.0,-0.0,-0.0
2019-07-31,0.0,0.0,0.0,119.64196549723844,0.0,-0.0,-0.0,-0.0
2019-08-01,0.0,0.0,0.0,119.64196549723844,-0.0,0.0,-0.0,-0.0
2019-08-02,0.00016811116514596738,0.0,0.00016811116514596738,119.66207864745853,0.0005425735328399184,-0.0,-0.0,-0.0
2019-08-05,-3.09185155176656e-05,1.310359531361799e-07,-3.1049551470801784e-05,119.65836319358844,-0.0001,-0.0,0.0,-0.0
2019-08-06,0.0,3.647861184249979e-09,-3.647861184249979e-09,119.65836275709134,0.0,-0.0,0.0,-0.0
2019-08-07,0.0009808277255424023,0.0,0.0009808277255424023,119.77572699687649,0.003172486042951939,0.0,0.0,-0.0
2019-08-08,-2.901448190639685e-05,3.804419361353259e-06,-3.281890126775011e-05,119.7717960891179,-0.0001,-0.0,-0.0,-0.0
2019-08-09,0.0,6.2791891391050795e-09,-6.2791891391050795e-09,119.77179533704813,-0.0,-0.0,0.0,0.0
2019-08-12,0.0,0.0,0.0,119.77179533704813,0.0,-0.0,-0.0,-0.0
2019-08-13,0.0,1.4532192411403911e-08,-1.4532192411403911e-08,119.77179359650137,0.0,-0.0,0.0,-0.0
2019-08-14,0.0,9.417736078415187e-05,-9.417736078415187e-05,119.76051380508406,-0.0,0.0,-0.0,0.0
2019-08-15,0.0,0.00017074825583352293,-0.00017074825583352293,119.74006490623412,-0.0,-0.0,-0.0,-0.0
2019-08-16,0.0,0.0,0.0,119.74006490623412,-0.0,0.0,0.0,0.0
2019-08-19,0.0,3.148132744319021e-07,-3.148132744319021e-07,119.7400272104722,-0.0,0.0,0.0,0.0
2019-08-20,-0.000629320547811402,2.2727568280128676e-08,-0.0006293432753796821,119.66466962955352,-0.001064196016010388,0.0,-0.0,-0.0
2019-08-21,0.0007777491708358284,4.851031600282552e-07,0.0007772640676758002,119.75768067742685,0.0013206089644373087,-0.0,0.0,0.0
2019-08-22,-5.85698161733675e-05,6.468119043405718e-07,-5.921662807770807e-05,119.75058903139073,-0.0001,0.0,-0.0,0.0
2019-08-23,0.0,7.978116928281098e-09,-7.978116928281098e-09,119.75058807600654,-0.0,-0.0,0.0,-0.0
2019-08-26,-0.00023959210764185334,0.0,-0.00023959210764185334,119.72189678021805,0.0,-0.0,-0.0009583684305674133,-0.0
2019-08-27,0.0027359600775559126,0.00014081731565400443,0.0025951427619019083,120.03259219408842,-0.0,0.0,0.0032999690855746167,0.0
2019-08-28,-5.739396672583103e-05,5.102938220234237e-05,-0.0001084233489281734,120.0195778584622,-0.0,-0.0,-0.0001,-0.0
2019-08-29,0.0,1.7444351002692815e-07,-1.7444351002692815e-07,120.01955692182575,-0.0,0.0,-0.0,-0.0
2019-08-30,0.0,5.265612632483452e-06,-5.265612632483452e-06,120.01892494533068,-0.0,0.0,-0.0,-0.0
2019-09-02,-0.001782894229933202,4.368232556725693e-09,-0.0017828985981657587,119.8049433722923,-0.006442304929374376,-0.0,-0.0,-0.0
2019-09-03,-0.00045993156096241856,1.1896159153725874e-05,-0.0004718277201161444,119.74841607900231,-0.0021168948030496626,0.0,-0.0,-0.0
2019-09-04,0.00011936481725388283,8.99414632631479e-07,0.00011846540262125135,119.76260212332635,0.0005487410040276863,-0.0,0.0,0.0
2019-09-05,-2.1702854059382745e-05,9.926649685859379e-08,-2.180212055624134e-05,119.75999104463672,-0.0001,0.0,0.0,0.0
2019-09-06,-0.00035146781479699393,3.301268634955365e-06,-0.0003547690834319493,119.717503902382,0.0,0.0,0.0,-0.0018438003663261537
2019-09-09,-0.0010459145767020414,2.7212495698382497e-06,-0.0010486358262718797,119.59196383875812,-0.0,-0.0,-0.0,-0.005121317150129867
2019-09-10,-0.0004982017304447635,4.19522095020651e-06,-0.00050239695139497,119.53188120071418,0.0,0.0,0.0,-0.002718676802093034
2019-09-11,0.00017623793817022224,9.625390590981665e-07,0.00017527539911112408,119.55283219889814,0.0,0.0,0.0,0.0009876657255075694
2019-09-12,-0.0013995349992560109,9.385884374572551e-08,-0.0013996288580997566,119.385502604885,-0.0,-0.004012688243435936,-0.0,-0.0022271389750536663
2019-09-13,-0.0003139677358674092,4.212116004888515e-05,-0.00035608889591629434,119.34299075307402,0.0,-0.0014348948255855642,-0.0,0.0014414274736440635
2019-09-16,0.001217574420263261,2.4090041546355193e-06,0.0012151654161086255,119.48801222809212,0.0,0.003799392686780867,0.0,-0.0001
2019-09-17,0.0035376696230832467,1.2573552781176034e-05,0.0035250960703020707,119.90921895044558,0.006888703977614419,-0.0001,0.0054057780145087995,-0.0
2019-09-18,-4.8820852206639374e-05,2.5061056948249972e-05,-7.388190915488935e-05,119.90035982842424,-0.0001,-0.0,-0.0001,0.0
2019-09-19,0.0007622176604968306,1.7542843274637178e-08,0.0007622001176535559,119.99174789679216,-0.0,0.0,0.002468843518890418,-0.0
2019-09-20,-2.95417382329502e-05,2.663463319039633e-06,-3.2205201551989834e-05,119.98788353836657,0.0,-0.0,-0.0001,-0.0
2019-09-23,0.0,2.887400100166776e-07,-2.887400100166776e-07,119.98784889306388,-0.0,-0.0,-0.0,-0.0
2019-09-24,0.0,9.382143925651593e-07,-9.382143925651593e-07,119.98773631873712,-0.0,-0.0,-0.0,0.0
2019-09-25,0.0,1.2816744343280284e-09,-1.2816744343280284e-09,119.98773616495191,0.0,-0.0,0.0,0.0
2019-09-26,0.0,0.0,0.0,119.98773616495191,-0.0,0.0,-0.0,-0.0
2019-09-27,-0.0005391430769981887,0.0,-0.0005391430769981887,119.92304560767388,-0.0028526237867139257,0.0,-0.0,-0.0
2019-09-30,0.0003129393490788598,1.1422475998885685e-05,0.00030151687307997414,119.95920442939574,0.0018274149347297097,0.0,-0.0,0.0
2019-10-01,-1.6919775452471575e-05,4.0985169448851666e-07,-1.7329627146960092e-05,119.95712558111013,-0.0001,0.0,-0.0,-0.0
2019-10-02,0.0005307284290786282,6.865593393051706e-10,0.0005307277425192888,120.0207901555689,0.003136798112715489,-0.0,0.0,-0.0
2019-10-03,-1.6378762946140717e-05,1.081338453322417e-06,-1.7460101399463135e-05,120.01869458040275,-0.0001,-0.0,0.0,0.0
2019-10-04,0.0,1.6270414625679798e-09,-1.6270414625679798e-09,120.01869438512736,0.0,-0.0,0.0,0.0
2019-10-07,0.0,1.3795148097249243e-07,-1.3795148097249243e-07,120.01867782837073,0.0,-0.0,-0.0,0.0
2019-10-08,0.0,5.873189359721087e-08,-5.873189359721087e-08,120.0186707794465,-0.0,0.0,-0.0,-0.0
2019-10-09,0.0,2.2692132953305854e-09,-2.2692132953305854e-09,120.01867050709853,-0.0,-0.0,-0.0,-0.0
2019-10-10,0.0,0.0,0.0,120.01867050709853,0.0,0.0,-0.0,-0.0
2019-10-11,0.0,0.0,0.0,120.01867050709853,0.0,0.0,0.0,0.0
2019-10-14,-0.004471613027048398,0.0,-0.004471613027048398,119.48199345656998,-0.0018229052205089968,0.0,-0.015045971600333729,0.0
2019-10-15,0.0009718395229061838,2.8967956037302275e-05,0.0009428715668688816,119.59464963095299,9.046068807616603e-05,-0.0,0.0005725712577731024,0.0029881973120676644
2019-10-16,-0.0016443832728837934,3.1982786987078823e-06,-0.0016475815515825012,119.39760769255305,-0.0001,0.0,-0.011803558970202799,-0.0001
2019-10-17,-1.1346117132171175e-05,4.369678935959126e-06,-1.57157960681303e-05,119.39573126409952,0.0,-0.0,-0.0001,0.0
2019-10-18,-0.0009328047418420039,4.063184669943043e-06,-0.000936867926511947,119.28387323291577,-0.00481791789460152,-0.0,0.0,0.0
2019-10-21,-0.0015070777194050537,2.4465407204251336e-06,-0.0015095242601254788,119.10381133242893,-0.0025658447178631416,-0.0,0.0,-0.0033594714827027802
2019-10-22,-0.0009109422661900122,3.5352597805536348e-06,-0.0009144775259705658,118.994893573708,0.0003568028922085187,0.0,0.0,-0.003339145487931905
2019-10-23,0.00035647820797590665,2.9621104864822405e-06,0.0003535160974894244,119.03696018410534,-0.0001,-0.0,-0.0,0.001351704226537298
2019-10-24,0.00043983090429368767,6.395726070724278e-07,0.00043919133168661526,119.08924018516853,0.0,0.0,0.0,0.0016029398465809974
2019-10-25,-2.703745216278275e-05,8.031255932525128e-07,-2.7840577756035262e-05,119.08592467191725,-0.0,-0.0,-0.0,-0.0001
2019-10-28,0.0,5.811619086734665e-09,-5.811619086734665e-09,119.08592397983521,-0.0,0.0,-0.0,0.0
2019-10-29,0.0,0.0,0.0,119.08592397983521,0.0,0.0,0.0,0.0
2019-10-30,0.0,0.0,0.0,119.08592397983521,0.0,-0.0,0.0,0.0
2019-10-31,0.0,3.621453281952153e-08,-3.621453281952153e-08,119.0859196671941,0.0,-0.0,0.0,0.0
2019-11-01,0.0001648950926978333,6.183619258678941e-10,0.00016489447433590742,119.10555627731844,0.0,-0.0,0.0,0.0006099449671675861
2019-11-04,-2.6963606200578944e-05,1.4163038758089607e-07,-2.710523658815984e-05,119.10232789303659,0.0,0.0,-0.0,-0.0001
2019-11-05,0.0010465228232752033,1.0719166050885076e-06,0.0010454509066701147,119.22684352971888,-0.0,0.0,-0.0,0.003906729347776128
2019-11-06,-2.5004846167080943e-05,3.565701818541714e-06,-2.8570547985622658e-05,119.22343715346464,-0.0,0.0,-0.0,-0.0001
2019-11-07,0.0,1.875930862361985e-09,-1.875930862361985e-09,119.22343692980972,-0.0,-0.0,-0.0,-0.0
2019-11-08,0.0,0.0,0.0,119.22343692980972,-0.0,0.0,-0.0,-0.0
2019-11-11,0.00017308934783004804,0.0,0.00017308934783004804,119.24407323675395,0.00014913478938515255,-0.0,0.0011835060609750481,-0.0
2019-11-12,-3.2062972057549795e-05,5.081924614339095e-08,-3.2113791303693187e-05,119.24024385747181,-0.0001,-0.0,-0.0001,-0.0
2019-11-13,0.0,2.1961392725991513e-09,-2.1961392725991513e-09,119.24024359560363,-0.0,-0.0,-0.0,-0.0
2019-11-14,0.0,0.0,0.0,119.24024359560363,0.0,-0.0,0.0,-0.0
2019-11-15,0.0,0.0,0.0,119.24024359560363,0.0,-0.0,0.0,-0.0
2019-11-18,0.0,9.344402098144939e-08,-9.344402098144939e-08,119.24023245331581,0.0,0.0,0.0,0.0
2019-11-19,0.0,2.2393349559630544e-07,-2.2393349559630544e-07,119.24020575143372,0.0,-0.0,0.0,-0.0
2019-11-20,0.0,1.8096278648419007e-09,-1.8096278648419007e-09,119.24020553565333,0.0,-0.0,-0.0,0.0
2019-11-21,0.0,0.0,0.0,119.24020553565333,-0.0,0.0,-0.0,-0.0
2019-11-22,0.0,1.2016878315235236e-08,-1.2016878315235236e-08,119.24020410275831,-0.0,0.0,-0.0,-0.0
2019-11-25,0.0,3.3207197857128837e-07,-3.3207197857128837e-07,119.2401645064278,-0.0,0.0,-0.0,0.0
2019-11-26,0.0,1.2436580475075344e-09,-1.2436580475075344e-09,119.24016435813381,-0.0,0.0,0.0,-0.0
2019-11-27,0.0,0.0,0.0,119.24016435813381,0.0,0.0,-0.0,0.0
2019-11-28,0.0,0.0,0.0,119.24016435813381,-0.0,0.0,0.0,-0.0
2019-11-29,0.0,5.405237984863351e-06,-5.405237984863351e-06,119.2395198366681,0.0,0.0,-0.0,0.0
2019-12-02,0.0,7.490477927135684e-07,-7.490477927135684e-07,119.23943052056896,0.0,0.0,0.0,-0.0
2019-12-03,0.0,5.255530183774504e-08,-5.255530183774504e-08,119.23942425390467,0.0,-0.0,0.0,0.0
2019-12-04,0.0,1.60109172127193e-09,-1.60109172127193e-09,119.23942406299142,0.0,-0.0,0.0,0.0
2019-12-05,-5.615448050118987e-05,5.991567185044442e-07,-5.675363721969431e-05,119.23265679197586,-0.0,0.0,0.0,-0.00023159026134590412
2019-12-06,0.0006634747621005663,6.255201913639112e-06,0.0006572195601869272,119.31101882623258,0.0,-0.0,0.0,0.002423657233675325
2019-12-09,0.0008750768183234818,6.118074917360411e-07,0.0008744650108317458,119.4153521376028,0.004091322504694672,-0.0,-0.0,-0.0001
2019-12-10,-2.0768299071744747e-05,2.5937613203620133e-06,-2.336206039210676e-05,119.4125623489344,-0.0001,-0.0,0.0,-0.0
2019-12-11,0.0,1.5775196591946817e-05,-1.5775196591946817e-05,119.4106785922878,0.0,0.0,-0.0,-0.0
2019-12-12,0.0,3.2082953262052853e-06,-3.2082953262052853e-06,119.41029548756576,0.0,-0.0,0.0,0.0
2019-12-13,-0.00014767019620423602,9.643486497983569e-05,-0.0002441050611840717,119.38114683007977,-0.0046079802522824955,0.0,0.0,-0.00834315775483364
2019-12-16,0.0023057679702065143,0.0001696978567516011,0.0021360701134549133,119.63615332993346,0.005506554292647348,-0.0,-0.0,-0.0001
2019-12-17,-3.899767169005309e-05,7.064255608301124e-06,-4.606192729835422e-05,119.63064265813652,-0.0001,0.0,-0.0,-0.0
2019-12-18,0.0,3.8851645002569715e-07,-3.8851645002569715e-07,119.63059617966391,0.0,-0.0,-0.0,-0.0
2019-12-19,0.0,3.4726523763933815e-09,-3.4726523763933815e-09,119.63059576422843,-0.0,0.0,-0.0,0.0
2019-12-20,0.0,0.0,0.0,119.63059576422843,0.0,-0.0,-0.0,0.0
2019-12-23,0.0,0.0,0.0,119.63059576422843,-0.0,0.0,-0.0,0.0
2019-12-24,0.0,0.0,0.0,119.63059576422843,0.0,-0.0,-0.0,0.0
2019-12-25,0.0,0.0,0.0,119.63059576422843,-0.0,0.0,-0.0,-0.0
2019-12-26,0.0,1.6197951621941043e-06,-1.6197951621941043e-06,119.63040198716817,0.0,-0.0,0.0,0.0
2019-12-27,0.0,7.111123743122755e-07,-7.111123743122755e-07,119.63031691650896,0.0,0.0,0.0,0.0
2019-12-30,0.0,1.379180535091007e-09,-1.379180535091007e-09,119.63031675151716,0.0,-0.0,0.0,0.0
2019-12-31,-0.0007780456938587207,2.292363831422359e-06,-0.000780338057690143,119.53696466250243,-0.0018878774213926363,-0.0,0.0,0.0
2020-01-01,-0.0006753202923968527,7.668443364173438e-07,-0.00067608713673327,119.45614725832998,-0.0016540089524841317,-0.0,0.0,0.0
2020-01-02,0.0,5.421962851633794e-07,-5.421962851633794e-07,119.4560824896507,-0.0,0.0,-0.0,0.0
2020-01-03,-4.055820277399431e-05,0.0,-4.055820277399431e-05,119.4512375656345,-0.0001,-0.0,-0.0,-0.0
2020-01-06,0.0,3.263869686767618e-09,-3.263869686767618e-09,119.45123717576121,-0.0,-0.0,-0.0,-0.0
2020-01-07,0.0,0.0,0.0,119.45123717576121,0.0,0.0,0.0,-0.0
2020-01-08,0.0,0.0,0.0,119.45123717576121,-0.0,-0.0,-0.0,-0.0
2020-01-09,0.0,0.0,0.0,119.45123717576121,-0.0,0.0,-0.0,0.0
2020-01-10,0.0,1.7999926547287992e-05,-1.7999926547287992e-05,119.44908706226607,-0.0,0.0,-0.0,-0.0
2020-01-13,0.00014259717590428496,1.655452458962531e-06,0.00014094172344532242,119.4659224224606,0.0004001783132465576,0.0,-0.0,0.0
2020-01-14,-9.47376757214946e-06,0.00010152752613190164,-0.0001110012937040511,119.45266155051814,-0.0001,0.0,-0.0,-0.0
2020-01-15,0.0020773766663829446,1.4177004325833105e-07,0.0020772348963396864,119.70079278755152,-0.0,-0.0,0.0025435283439527614,-0.0
2020-01-16,-6.401049612499215e-05,3.5325067668860923e-05,-9.933556379385309e-05,119.68890224181341,0.0,0.0,-0.0001,0.0
2020-01-17,0.0,2.1555453776173046e-06,-2.1555453776173046e-06,119.68864424695343,-0.0,0.0,0.0,-0.0
2020-01-20,0.0,1.560166177473102e-06,-1.560166177473102e-06,119.68845751277884,-0.0,0.0,-0.0,-0.0
2020-01-21,0.0,2.80056674527554e-07,-2.80056674527554e-07,119.68842399322746,0.0,-0.0,-0.0,-0.0
2020-01-22,0.0,4.196361254530268e-07,-4.196361254530268e-07,119.68837376764097,-0.0,-0.0,0.0,-0.0
2020-01-23,0.0,5.48530956903659e-10,-5.48530956903659e-10,119.6883737019882,0.0,-0.0,0.0,-0.0
2020-01-24,0.0,0.0,0.0,119.6883737019882,-0.0,-0.0,-0.0,-0.0
2020-01-27,-0.0005575656421925785,0.0,-0.0005575656421925785,119.62163957704206,-0.002801160722729412,-0.0,-0.0,-0.0
2020-01-28,-9.691872133802834e-05,1.5683110688733515e-06,-9.848703240690169e-05,119.60985839674846,-0.0005068798012614062,0.0,-0.0,-0.0
2020-01-29,4.8408368402104946e-05,4.3307399403660906e-08,4.8365061002701285e-05,119.61564333484635,0.0002534602516883755,0.0,-0.0,0.0
2020-01-30,-1.9083765818993896e-05,7.167675600232294e-08,-1.915544257499622e-05,119.61335204425939,-0.0001,-0.0,-0.0,-0.0
2020-01-31,0.0,9.793351403497575e-10,-9.793351403497575e-10,119.61335192711782,0.0,-0.0,0.0,-0.0
2020-02-03,0.0,2.9459443983991837e-06,-2.9459443983991837e-06,119.61299955283373,0.0,-0.0,0.0,-0.0
2020-02-04,0.0,2.181236268616882e-09,-2.181236268616882e-09,119.61299929192953,-0.0,0.0,-0.0,-0.0
2020-02-05,0.0,0.0,0.0,119.61299929192953,-0.0,0.0,0.0,0.0
2020-02-06,0.0,0.0,0.0,119.61299929192953,-0.0,0.0,-0.0,0.0
2020-02-07,0.0,4.293130501339257e-06,-4.293130501339257e-06,119.6124857777139,-0.0,0.0,-0.0,-0.0
2020-02-10,-0.0025291520903904913,6.30442780868018e-08,-0.002529215134668578,119.30996006838959,-0.0031657140611913823,-0.0,-0.003090867992466617,-0.0
2020-02-11,0.00037528114693062846,2.0968321850202444e-05,0.00035431282508042604,119.35223311740167,-0.0032740540687078434,0.0,0.0020669038045473265,0.0
2020-02-12,7.258876884600924e-05,4.665491509141234e-06,6.792327733686801e-05,119.36033991223248,0.0005459388777842022,0.0,-0.0001,0.0
2020-02-13,-2.2586876016226874e-05,6.574597987871745e-08,-2.265262199610559e-05,119.35763608757111,-0.0001,0.0,0.0,-0.0
2020-02-14,-0.0006448654832127037,2.423241961224676e-09,-0.0006448679064546649,119.28066617866793,-0.00285489189509992,-0.0,0.0,0.0
2020-02-17,-2.1993682179325813e-05,1.188810915763361e-06,-2.3182493095089174e-05,119.27790095544786,-0.0001,0.0,0.0,0.0
2020-02-18,0.0,3.6783119449601557e-09,-3.6783119449601557e-09,119.27790051670652,-0.0,0.0,-0.0,-0.0
2020-02-19,0.0,0.0,0.0,119.27790051670652,-0.0,0.0,-0.0,-0.0
2020-02-20,0.0,0.0,0.0,119.27790051670652,0.0,0.0,-0.0,-0.0
2020-02-21,0.0,0.0,0.0,119.27790051670652,-0.0,0.0,-0.0,-0.0
2020-02-24,0.0,0.0,0.0,119.27790051670652,0.0,-0.0,0.0,-0.0
2020-02-25,0.0,0.0,0.0,119.27790051670652,0.0,-0.0,-0.0,0.0
2020-02-26,0.0,0.0,0.0,119.27790051670652,0.0,-0.0,0.0,-0.0
2020-02-27,0.0,0.0,0.0,119.27790051670652,0.0,0.0,-0.0,-0.0
2020-02-28,0.0,0.0,0.0,119.27790051670652,0.0,-0.0,-0.0,0.0
2020-03-02,-0.0011037052615190928,0.0,-0.0011037052615190928,119.1462528703233,-0.00501786361275226,-0.0,-0.0,-0.0
2020-03-03,-0.003395764108910384,3.1712987974318625e-06,-0.003398935407707816,118.74128245274665,-0.008391445909351924,0.0,-0.0032151418493947645,0.0
2020-03-04,0.0014348047815231585,8.43180943613505e-06,0.0014263729720870235,118.9106518087082,-0.003287119964528573,-0.0,0.004205188786710945,0.0
2020-03-05,0.0007308573646774426,1.2334464322408944e-05,0.0007185229003550336,118.9960918351289,0.0037204257922510697,0.0,-0.0001,0.0
2020-03-06,-2.093393867235133e-05,2.644486677511354e-07,-2.1198387340102466e-05,118.99356930988223,-0.0001,-0.0,0.0,-0.0
2020-03-09,0.0,0.0,0.0,118.99356930988223,0.0,-0.0,0.0,-0.0
2020-03-10,-0.00024045864952521642,0.0,-0.00024045864952521642,118.96495627690378,-0.0011486546000194608,-0.0,-0.0,-0.0
2020-03-11,-2.0922254221216504e-05,2.3368902269654826e-08,-2.094562312348616e-05,118.96246448176471,-0.0001,0.0,-0.0,-0.0
2020-03-12,0.0,0.0001236030144586571,-0.0001236030144586571,118.94776036254733,-0.0,-0.0,-0.0,-0.0
2020-03-13,0.0,0.00017078172561730407,-0.00017078172561730407,118.9274462587743,-0.0,0.0,-0.0,-0.0
2020-03-16,0.0,1.2903922303258987e-08,-1.2903922303258987e-08,118.92744472414378,-0.0,0.0,-0.0,-0.0
2020-03-17,0.0,0.0,0.0,118.92744472414378,0.0,-0.0,-0.0,-0.0
2020-03-18,0.0,0.0,0.0,118.92744472414378,-0.0,0.0,-0.0,-0.0
2020-03-19,-0.0018043835702374544,0.0,-0.0018043835702374544,118.7128539968332,-0.004999848914922123,0.0,-0.0,-0.0
2020-03-20,-0.009623905137801137,2.82035814913314e-06,-0.00962672549595027,117.57003793856487,-0.027751725571960928,0.0,-0.0,-0.0
2020-03-23,0.0006539918521259829,3.172509842886072e-05,0.0006222667536971222,117.64319786440494,0.0034757157946581074,-0.0,0.0,0.0
2020-03-24,0.0012251946937550662,3.1507609050827333e-07,0.0012248796176645579,117.78729661962592,0.006566417369906263,0.0,-0.0,0.0
2020-03-25,-1.8222641272189578e-05,8.717085859777208e-07,-1.90943498581673e-05,117.78504754777543,-0.0001,0.0,0.0,0.0
2020-03-26,0.0,2.403351754948213e-09,-2.403351754948213e-09,117.78504726469654,0.0,-0.0,0.0,-0.0
2020-03-27,0.0,0.0,0.0,117.78504726469654,0.0,-0.0,0.0,0.0
2020-03-30,0.0,7.2004334979003385e-09,-7.2004334979003385e-09,117.78504641659315,0.0,-0.0,0.0,0.0
2020-03-31,0.005272899153334209,1.8023776926973102e-09,0.005272897350956517,118.40611487582551,-0.0,0.0,0.006448321379402533,-0.0
2020-04-01,-7.679021461449266e-05,9.962882063690005e-06,-8.675309667818266e-05,118.39584277869439,-0.0,-0.0,-0.0001,-0.0
2020-04-02,0.0,4.8259004305967195e-09,-4.8259004305967195e-09,118.39584220732785,-0.0,-0.0,-0.0,-0.0
2020-04-03,0.0,0.0,0.0,118.39584220732785,-0.0,0.0,0.0,-0.0
2020-04-06,0.0,0.0,0.0,118.39584220732785,-0.0,0.0,-0.0,-0.0
2020-04-07,0.0,0.0,0.0,118.39584220732785,-0.0,0.0,0.0,0.0
2020-04-08,0.0,0.0,0.0,118.39584220732785,0.0,-0.0,0.0,0.0
2020-04-09,0.0,0.0,0.0,118.39584220732785,-0.0,0.0,0.0,0.0
2020-04-10,0.0,1.4398674123614065e-08,-1.4398674123614065e-08,118.39584050258469,0.0,-0.0,0.0,0.0
2020-04-13,-0.0001279475616416975,2.6897734407810292e-09,-0.0001279502514151383,118.38069172502588,0.0,-0.0,0.0,-0.00051179024656679
2020-04-14,-0.009702656120295413,0.00016155687756341732,-0.009864212997858831,117.21295936701637,-0.0,-0.0,0.0,-0.010401820878457979
2020-04-15,-0.0059071256076165014,0.00010543306588789654,-0.006012558673504398,116.5082095715271,0.0,-0.0,-0.008269256524839685,-0.005185452945888125
2020-04-16,0.011857492462861441,1.105165153258085e-05,0.01184644081132886,117.88841718025009,-0.0,0.0,0.00833900051899239,0.01948890602857145
2020-04-17,-7.762898986954917e-05,2.561640527147143e-05,-0.0001032453951410206,117.87624574403577,-0.0,0.0,-0.0001,-0.0001
2020-04-20,0.0,2.7481630631487343e-09,-2.7481630631487343e-09,117.87624542009263,0.0,-0.0,-0.0,-0.0
2020-04-21,0.0,0.0,0.0,117.87624542009263,-0.0,-0.0,-0.0,0.0
2020-04-22,0.0,0.0,0.0,117.87624542009263,-0.0,0.0,-0.0,-0.0
2020-04-23,0.0,0.0,0.0,117.87624542009263,-0.0,0.0,0.0,0.0
2020-04-24,-0.0006984701538016088,6.441707187584134e-08,-0.0006985345708734847,117.79390478758194,-0.0031176057328222814,-0.0,0.0,0.0
2020-04-27,0.000967861450961018,9.859661390208275e-08,0.0009677628543471159,117.90790135310387,0.004329554527432444,-0.0,0.0,0.0
2020-04-28,-2.213734780533426e-05,4.3482103029586496e-07,-2.2572168835630125e-05,117.90523991604749,-0.0001,-0.0,0.0,0.0
2020-04-29,0.0,0.0,0.0,117.90523991604749,0.0,-0.0,0.0,0.0
2020-04-30,-0.002509404788380557,0.0,-0.002509404788380557,117.609367942427,0.0,-0.0,0.0,-0.008144936812763081
2020-05-01,0.002681583249986003,2.5452577253884445e-06,0.0026790379922606144,117.92444790739052,0.0,0.0,0.0,0.009078801366166678
2020-05-04,0.00454244722678015,2.7252861515396106e-06,0.004539721940628611,118.45979211089221,-0.0013933299570614399,-0.0,0.010012849056357121,-0.0001
2020-05-05,0.001218392789275797,9.034820555125031e-06,0.0012093579687206721,118.60305240445453,0.005048729550992004,-0.0,-0.0001,0.0
2020-05-06,-2.471209831038784e-05,5.971308925974362e-07,-2.5309229202985274e-05,118.60005065261706,-0.0001,-0.0,-0.0,0.0
2020-05-07,0.0,2.19165500281171e-09,-2.19165500281171e-09,118.60005039268667,-0.0,-0.0,-0.0,-0.0
2020-05-08,0.0,8.289619608592925e-07,-8.289619608592925e-07,118.59995207775633,0.0,0.0,0.0,0.0
2020-05-11,0.0,1.89497154531601e-07,-1.89497154531601e-07,118.59992960340288,0.0,0.0,0.0,0.0
2020-05-12,0.0,1.4235208200610861e-08,-1.4235208200610861e-08,118.59992791510818,-0.0,0.0,-0.0,-0.0
2020-05-13,0.0,1.8722229049139562e-09,-1.8722229049139562e-09,118.59992769306267,0.0,-0.0,-0.0,-0.0
2020-05-14,0.0,9.278348712835061e-08,-9.278348712835061e-08,118.5999166889478,-0.0,-0.0,-0.0,-0.0
2020-05-15,0.0,1.7115563930386603e-09,-1.7115563930386603e-09,118.59991648595735,-0.0,0.0,-0.0,0.0
2020-05-18,0.0,0.0,0.0,118.59991648595735,0.0,-0.0,-0.0,-0.0
2020-05-19,0.0,0.0,0.0,118.59991648595735,0.0,0.0,0.0,0.0
2020-05-20,-0.0003098901565897847,0.0,-0.0003098901565897847,118.56316353926599,-0.0012583319408448034,0.0,0.0,0.0
2020-05-21,-0.001244063208891819,4.79639572467383e-09,-0.0012440680052875437,118.41566290090111,-0.00505210281016133,-0.0,-0.0,0.0
2020-05-22,0.0018132414365147793,3.573512778497351e-07,0.0018128840852369296,118.63033677161694,0.002738140153006774,0.0,-0.0,0.003754052686580123
2020-05-25,-5.4722192265019534e-05,3.884516923675974e-07,-5.511064395738713e-05,118.62379897736457,-0.0001,0.0,-0.0,-0.0001
2020-05-26,0.0,2.2336915571408158e-09,-2.2336915571408158e-09,118.62379871239558,-0.0,-0.0,0.0,0.0
2020-05-27,0.0,0.0,0.0,118.62379871239558,0.0,-0.0,0.0,0.0
2020-05-28,0.0036813670774104024,0.0,0.0036813670774104024,119.06049645957278,0.0,0.0,0.005590821353148467,0.0037956850996546557
2020-05-29,-7.483695566709353e-05,2.1124832109995607e-06,-7.694943887809309e-05,119.05133482117766,0.0,-0.0,-0.0001,-0.0001
2020-06-01,-0.0009345207391057933,1.02053882246953e-06,-0.0009355412779282628,118.93995738326,-0.0036579530369995725,0.0,0.0,0.0
2020-06-02,-0.0052738929785122275,1.1813199114537432e-06,-0.005275074298423681,118.31254027101197,-0.0006675319779554378,-0.0,-0.01136078246808082,0.0
2020-06-03,-0.004620128030149532,9.176751583862026e-06,-0.004629304781733394,117.76483546259635,-0.005706559007063072,0.0,-0.007561509942059619,0.0
2020-06-04,-0.0009638554764217563,2.6981384226255346e-06,-0.0009665536148443819,117.65100943517841,-0.0041573002584596175,0.0,0.0005030273548720654,0.0
2020-06-05,-0.003573508935711375,2.5531846857469453e-07,-0.0035737642541799498,117.23055246319079,-0.009070276259834698,0.0,-0.002698414007522576,0.0
2020-06-08,0.00040046188871325236,1.2205266885223665e-06,0.00039924136202473,117.2773557486271,0.0016186702973103317,0.0,-0.0001,0.0
2020-06-09,-2.7118790142547284e-05,9.382135605836006e-08,-2.7212611498605644e-05,117.27416432550753,-0.0001,-0.0,0.0,0.0
2020-06-10,0.0,2.3900864030146354e-09,-2.3900864030146354e-09,117.27416404521213,0.0,-0.0,-0.0,-0.0
2020-06-11,0.0,0.0,0.0,117.27416404521213,0.0,-0.0,-0.0,0.0
2020-06-12,0.0,0.0,0.0,117.27416404521213,-0.0,-0.0,-0.0,-0.0
2020-06-15,0.0,0.0,0.0,117.27416404521213,-0.0,0.0,-0.0,-0.0
2020-06-16,0.0,0.0,0.0,117.27416404521213,0.0,0.0,0.0,0.0
2020-06-17,0.0,3.4857167967604633e-07,-3.4857167967604633e-07,117.27412316675981,-0.0,-0.0,-0.0,-0.0
2020-06-18,0.0,2.833060936598807e-05,-2.833060936598807e-05,117.27080071938762,-0.0,-0.0,-0.0,-0.0
2020-06-19,-0.0012347043890379005,1.1461775956054855e-06,-0.001235850566633506,117.125871533869,-0.002937487793214688,0.0,-0.0,-0.0
2020-06-22,-0.0013108630490469557,3.815843699013455e-06,-0.0013146788927459693,116.97188862276894,-0.0029832625318875206,-0.0,-0.0,-0.0
2020-06-23,0.003984079966002892,6.691934750302719e-07,0.003983410772527862,117.43783570399182,0.009136542940247905,0.0,0.0,0.0
2020-06-24,-3.981341840375568e-05,7.58514242923899e-06,-4.739856083299467e-05,117.4322693195921,-0.0001,-0.0,0.0,0.0
2020-06-25,0.0,3.2747328070403815e-09,-3.2747328070403815e-09,117.4322689350328,-0.0,0.0,-0.0,-0.0
2020-06-26,0.0,0.0,0.0,117.4322689350328,-0.0,0.0,0.0,0.0
2020-06-29,0.0,1.9246876584303574e-06,-1.9246876584303574e-06,117.43204291459408,0.0,0.0,-0.0,-0.0
2020-06-30,0.0,4.188529898530025e-10,-4.188529898530025e-10,117.43204286540731,0.0,0.0,-0.0,0.0
2020-07-01,0.0,0.0,0.0,117.43204286540731,-0.0,0.0,0.0,0.0
2020-07-02,0.0,0.0,0.0,117.43204286540731,0.0,-0.0,0.0,0.0
2020-07-03,0.0,0.0,0.0,117.43204286540731,-0.0,0.0,0.0,0.0
2020-07-06,0.0,0.0,0.0,117.43204286540731,0.0,0.0,0.0,0.0
2020-07-07,0.0,0.0,0.0,117.43204286540731,0.0,-0.0,0.0,0.0
2020-07-08,0.0012662053950099666,0.0,0.0012662053950099666,117.58073595163052,0.0032261636145835995,0.0,0.0,-0.0
2020-07-09,-0.001968931924220624,8.404303969259619e-07,-0.0019697723546175496,117.34912866851741,-0.0001,-0.0,-0.0057382711291413925,0.0
2020-07-10,0.0019528665172194593,1.4623342466929868e-06,0.0019514041829727662,117.57812424906935,0.004415257193776656,-0.0,0.0006680849965913227,-0.0
2020-07-13,-6.996546368689128e-05,4.380199719878675e-06,-7.434566340676996e-05,117.56938282541994,-0.0001,-0.0,-0.0001,-0.0
2020-07-14,0.0,2.6509623253327397e-06,-2.6509623253327397e-06,117.56907115341546,0.0,0.0,-0.0,-0.0
2020-07-15,0.0,2.3724042460929512e-05,-2.3724042460929512e-05,117.56628193977932,0.0,-0.0,0.0,0.0
2020-07-16,-0.00019313915956253814,5.8030015792964745e-09,-0.00019314496256411744,117.54357460465525,-0.0006686381091167814,-0.0,0.0,0.0
2020-07-17,0.0006343067971243513,1.2469503538109495e-08,0.0006342943276208132,117.61813182727525,0.0021964124845104127,0.0,-0.0,-0.0
2020-07-20,-2.8727233482452483e-05,3.039733642794085e-07,-2.9031206846731892e-05,117.61471723096125,-0.0001,-0.0,0.0,0.0
2020-07-21,-0.000423743066979454,9.661644004843596e-10,-0.0004237440331438545,117.56487869632473,-0.001475032190692238,0.0,0.0,0.0
2020-07-22,-0.0016620189612412842,9.447019152590275e-08,-0.00166211343143281,117.3694725323788,-0.0001,-0.0,-0.0055487857541849485,0.0
2020-07-23,-0.000937506384478128,1.7753917997392677e-06,-0.0009392817762778672,117.25922952573778,-0.003107821244755515,0.0,-0.0001,0.0
2020-07-24,-0.000699800137601083,6.700064445143761e-07,-0.0007004701440455973,117.1770929363412,-0.00236559286041671,-0.0,0.0,-0.0
2020-07-27,-0.001434603003500491,2.5898451767223386e-07,-0.0014348619880181631,117.00895997982037,-0.004870829620063688,-0.0,0.0,-0.0
2020-07-28,-0.0028919465813165555,1.1574642883326158e-06,-0.002893104045604888,116.67044088433074,-0.01001567077740706,-0.0,0.0,0.0
2020-07-29,0.0010185617434669897,1.505844653338635e-05,0.0010035032969336033,116.78752005641286,0.004289165041998277,-0.0,0.0,0.0
2020-07-30,-1.572392387985835e-05,3.299919196146396e-05,-4.872311584132231e-05,116.78182980454433,-0.0001,-0.0,0.0,0.0
2020-07-31,0.0,5.005950564503984e-06,-5.005950564503984e-06,116.78124520047749,0.0,-0.0,0.0,0.0
2020-08-03,0.0011706801398139797,8.223184860479377e-07,0.0011698578213279317,116.91786265355968,0.00747603370321358,0.0,-0.0,-0.0
2020-08-04,-1.4842371348926889e-05,1.6334719140135429e-06,-1.6475843262940433e-05,116.91593633317996,-0.0001,0.0,-0.0,-0.0
2020-08-05,0.0,1.570611881790418e-09,-1.570611881790418e-09,116.9159361495504,0.0,-0.0,0.0,0.0
2020-08-06,0.0,0.0,0.0,116.9159361495504,0.0,-0.0,0.0,0.0
2020-08-07,0.0,0.0,0.0,116.9159361495504,0.0,0.0,0.0,0.0
2020-08-10,0.0,0.0,0.0,116.9159361495504,-0.0,0.0,-0.0,-0.0
2020-08-11,0.0,0.0,0.0,116.9159361495504,-0.0,0.0,0.0,0.0
2020-08-12,0.0,0.0,0.0,116.9159361495504,-0.0,0.0,-0.0,-0.0
2020-08-13,0.0,0.0,0.0,116.9159361495504,0.0,0.0,-0.0,0.0
2020-08-14,0.0,0.0,0.0,116.9159361495504,0.0,0.0,0.0,-0.0
2020-08-17,0.0,0.0,0.0,116.9159361495504,0.0,-0.0,0.0,0.0
2020-08-18,0.0,1.581610961883251e-08,-1.581610961883251e-08,116.91593430039514,0.0,-0.0,0.0,0.0
2020-08-19,0.0,5.528331483090787e-07,-5.528331483090787e-07,116.91586966539109,0.0,-0.0,0.0,0.0
2020-08-20,0.001049508735515506,1.424223549971485e-05,0.001035266500015791,117.03690874857588,0.008634567738023059,0.0,-0.0,-0.0
2020-08-21,-1.1379101499176176e-05,1.5512648837259558e-06,-1.2930366382902131e-05,117.03539541846544,-0.0001,-0.0,0.0,0.0
2020-08-24,0.0,4.687958375312884e-10,-4.687958375312884e-10,117.03539536359972,-0.0,0.0,-0.0,-0.0
2020-08-25,0.0,0.0,0.0,117.03539536359972,-0.0,0.0,-0.0,0.0
2020-08-26,0.0,5.334648178067664e-05,-5.334648178067664e-05,117.02915193701327,0.0,0.0,0.0,0.0
2020-08-27,0.0,0.00017291659600769235,-0.00017291659600769235,117.00891565442663,0.0,-0.0,0.0,0.0
2020-08-28,0.0,5.163067112534003e-07,-5.163067112534003e-07,117.0088552419382,-0.0,0.0,-0.0,0.0
2020-08-31,0.0,1.5616272292237942e-05,-1.5616272292237942e-05,117.00702799979415,0.0,-0.0,0.0,0.0
2020-09-01,0.0,1.0570633169772271e-05,-1.0570633169772271e-05,117.00579116142286,0.0,0.0,0.0,0.0
2020-09-02,0.0,5.199064434041723e-07,-5.199064434041723e-07,117.00573032935813,-0.0,-0.0,0.0,-0.0
2020-09-03,0.0,1.6815078883772928e-06,-1.6815078883772928e-06,117.0055335832996,-0.0,0.0,-0.0,-0.0
2020-09-04,0.0,1.0473420980335324e-07,-1.0473420980335324e-07,117.0055213288175,-0.0,-0.0,-0.0,-0.0
2020-09-07,0.0,1.9819381559926796e-09,-1.9819381559926796e-09,117.0055210969198,-0.0,0.0,-0.0,0.0
2020-09-08,0.0,0.0,0.0,117.0055210969198,-0.0,-0.0,-0.0,-0.0
2020-09-09,0.0,0.0,0.0,117.0055210969198,-0.0,-0.0,-0.0,-0.0
2020-09-10,0.002460727849202274,0.0,0.002460727849202274,117.29343984119342,0.0029697019536038985,0.0,0.002265803807512723,0.0
2020-09-11,-0.01053984742929315,1.4414268733856207e-06,-0.010541288856166535,116.057015810894,-0.0001,-0.0,-0.014683398364637057,-0.0
2020-09-14,-7.542374723307267e-05,3.201101350822943e-05,-0.0001074347607413021,116.04454725316802,0.0,0.0,-0.00013569888696196575,0.0
2020-09-15,-5.558536167769548e-05,7.324860880425499e-09,-5.559268653857591e-05,116.03809602502805,0.0,-0.0,-0.0001,0.0
2020-09-16,0.0,5.751716116558781e-09,-5.751716116558781e-09,116.03809535760988,-0.0,-0.0,0.0,0.0
2020-09-17,0.0,5.764291293014312e-07,-5.764291293014312e-07,116.03802846987159,-0.0,-0.0,0.0,-0.0
2020-09-18,0.0,6.252902787734771e-07,-6.252902787734771e-07,116.03795591242041,0.0,-0.0,0.0,0.0
2020-09-21,0.0,5.31267088788257e-06,-5.31267088788257e-06,116.03733944095013,-0.0,-0.0,-0.0,-0.0
2020-09-22,0.0,3.093888504068776e-09,-3.093888504068776e-09,116.03733908194356,-0.0,0.0,-0.0,-0.0
2020-09-23,-0.0024632810554989547,0.0,-0.0024632810554989547,115.7515065028525,-0.005167306447492315,0.0,-0.0,-0.0
2020-09-24,-0.0068501609677425685,2.0060618699598965e-06,-0.006852167029612529,114.95835784636566,-0.004255377205412136,0.0,-0.0021856868674689054,-0.014794407631069328
2020-09-25,-0.0003086480125564949,5.09901662375162e-05,-0.00035963817879401113,114.91701443191265,0.001260749603063438,0.0,-0.0001,-0.0016747308727218524
2020-09-28,-0.0008481544755800952,1.7383824577070772e-07,-0.0008483283138258659,114.81952707482972,-0.0001,0.0,0.0,-0.0021618327233365875
2020-09-29,0.0028547202105204212,3.718788218207758e-07,0.0028543483316986005,115.14726200038217,0.0,-0.0,0.0,0.007567740879360629
2020-09-30,-3.490957820834739e-05,5.625292753229916e-06,-4.053487096157731e-05,115.1425945209754,0.0,0.0,-0.0,-0.0001
2020-10-01,0.0,2.039415921273324e-09,-2.039415921273324e-09,115.14259428615175,-0.0,-0.0,0.0,0.0
2020-10-02,0.0,0.0,0.0,115.14259428615175,0.0,0.0,-0.0,0.0
2020-10-05,0.0,0.0,0.0,115.14259428615175,-0.0,-0.0,0.0,-0.0
2020-10-06,0.0,5.837683355062685e-07,-5.837683355062685e-07,115.14252706955112,0.0,0.0,0.0,0.0
2020-10-07,0.001352538240460419,2.4898752311056704e-06,0.0013500483652293133,115.29797504998976,0.004548194991886067,-0.0,-0.0,-0.0
2020-10-08,-2.968531883961324e-05,1.1581871032379509e-07,-2.9801137549937035e-05,115.29453903917606,-0.0001,0.0,0.0,0.0
2020-10-09,0.0,5.13824442596178e-09,-5.13824442596178e-09,115.29453844676453,-0.0,0.0,0.0,0.0
2020-10-12,0.0,0.0,0.0,115.29453844676453,0.0,-0.0,0.0,0.0
2020-10-13,-1.213697976971176e-05,0.0,-1.213697976971176e-05,115.29313911928385,-4.0883815209291546e-05,-0.0,0.0,-0.0
2020-10-14,0.0018586819497289114,2.3878287821293978e-08,0.0018586580714410903,115.50742964288968,0.006258514217526101,0.0,-0.0,-0.0
2020-10-15,-2.8787116949480974e-05,1.8226735818561158e-06,-3.060979053133709e-05,115.50389398466348,-0.0001,-0.0,0.0,-0.0
2020-10-16,0.0,0.0,0.0,115.50389398466348,-0.0,0.0,-0.0,-0.0
2020-10-19,0.0,1.2013023898813648e-07,-1.2013023898813648e-07,115.50388010915309,0.0,0.0,0.0,0.0
2020-10-20,0.0,2.74585205377349e-06,-2.74585205377349e-06,115.50356295258668,0.0,0.0,0.0,-0.0
2020-10-21,-0.0003276431942195415,5.277383931903634e-07,-0.00032817093261273186,115.46565804061244,0.0,0.0,0.0,-0.0009741976455370893
2020-10-22,0.0026446776204080077,3.4951944391404814e-07,0.002644328100964094,115.77098712486553,0.0,-0.0,0.0,0.007887175572067306
2020-10-23,0.0009356264389565146,5.134666716274317e-06,0.0009304917722402404,115.87871107584932,0.003184551955978321,0.0,-0.0,-0.0001
2020-10-26,-3.386169232169211e-05,7.018426216088542e-06,-4.0880118537780653e-05,115.87397394040455,-0.0001,-0.0,-0.0,0.0
2020-10-27,0.0,1.3053778356436508e-06,-1.3053778356436508e-06,115.87382268108723,-0.0,0.0,-0.0,-0.0
2020-10-28,0.0,7.937577994271416e-09,-7.937577994271416e-09,115.87382176132972,-0.0,-0.0,0.0,0.0
2020-10-29,0.0,0.0,0.0,115.87382176132972,-0.0,-0.0,-0.0,-0.0
2020-10-30,0.0,5.33511646045839e-06,-5.33511646045839e-06,115.8732035609959,-0.0,0.0,-0.0,-0.0
2020-11-02,-0.0012018727102343933,7.549735073103526e-09,-0.0012018802599694663,115.73393784497652,-0.003231736893679515,0.0,-0.0,-0.0
2020-11-03,0.001825958934667181,1.3872472312574213e-06,0.0018245716874359236,115.94510271124392,5.826265274877507e-05,0.0,-0.0,0.006392196504654712
2020-11-04,-6.41783806852066e-05,2.243992356858993e-06,-6.64223730420656e-05,115.93740136237922,-0.0001,-0.0,0.0,-0.0001
2020-11-05,0.0,5.547684142231946e-09,-5.547684142231946e-09,115.93740071919514,-0.0,-0.0,-0.0,-0.0
2020-11-06,0.0,0.0,0.0,115.93740071919514,0.0,-0.0,0.0,0.0
2020-11-09,0.0,0.0,0.0,115.93740071919514,0.0,-0.0,0.0,0.0
2020-11-10,0.002010149264202194,0.0,0.002010149264202194,116.17045219994435,0.005423335652097172,0.0,-0.0,-0.0
2020-11-11,-3.566772736347162e-05,2.7941729838137422e-06,-3.8461900347285364e-05,116.16598406358854,-0.0001,0.0,0.0,-0.0
2020-11-12,0.0,6.860476829195772e-09,-6.860476829195772e-09,116.1659832666345,-0.0,0.0,-0.0,0.0
2020-11-13,0.0,0.0,0.0,116.1659832666345,0.0,-0.0,-0.0,-0.0
2020-11-16,0.0,0.0,0.0,116.1659832666345,0.0,-0.0,0.0,0.0
2020-11-17,0.0,0.0,0.0,116.1659832666345,0.0,-0.0,0.0,0.0
2020-11-18,0.0,8.427263527412471e-06,-8.427263527412471e-06,116.16500430528059,0.0,-0.0,0.0,-0.0
2020-11-19,0.0,6.242508253623269e-09,-6.242508253623269e-09,116.16500358011959,-0.0,-0.0,-0.0,0.0
2020-11-20,0.0,0.0,0.0,116.16500358011959,0.0,-0.0,-0.0,-0.0
2020-11-23,0.0,0.0,0.0,116.16500358011959,0.0,-0.0,0.0,0.0
2020-11-24,0.0,0.0,0.0,116.16500358011959,-0.0,0.0,0.0,-0.0
2020-11-25,0.0,0.0,0.0,116.16500358011959,0.0,-0.0,0.0,0.0
2020-11-26,-0.0006930549108503299,0.0,-0.0006930549108503299,116.08449485391942,-0.0017378050687411161,-0.0,0.0,-0.0
2020-11-27,0.00013314842953004758,5.132408232328412e-07,0.00013263518870681475,116.09989174280031,0.00033602610922867093,-0.0,-0.0,-0.0
2020-11-30,-3.9623018864362787e-05,2.8217338217451095e-09,-3.962584059818453e-05,116.09529118699665,-0.0001,-0.0,-0.0,0.0
2020-12-01,0.001062461263818962,5.4587344949064145e-09,0.001062455805084467,116.21863730306123,0.0026816090374511717,0.0,0.0,-0.0
2020-12-02,-3.917650076845809e-05,8.875774573144701e-07,-4.006407822577256e-05,116.21398111048504,-0.0001,0.0,0.0,0.0
2020-12-03,-0.0013441999273997806,6.363571784195887e-09,-0.0013442062909715647,116.05776554597749,-0.003431417000938863,0.0,-0.0,0.0
2020-12-04,-0.0009822179159009877,1.6936186521770314e-06,-0.0009839115345531648,115.94357497178234,-0.0025627638016210152,-0.0,0.0,0.0
2020-12-07,0.0007576930349018031,8.8364145530338e-07,0.0007568093934464997,116.03132215843075,0.001999998037004569,0.0,-0.0,-0.0
2020-12-08,-3.766825108742771e-05,4.3287568279616333e-07,-3.8101126770223876e-05,116.02690123431587,-0.0001,-0.0,-0.0,-0.0
2020-12-09,0.0,7.032594510372081e-07,-7.032594510372081e-07,116.02681963730102,-0.0,0.0,0.0,-0.0
2020-12-10,0.0,8.664008189152166e-05,-8.664008189152166e-05,116.01676706414604,-0.0,0.0,0.0,0.0
2020-12-11,0.0,2.7771478557594988e-08,-2.7771478557594988e-08,116.01676384218887,0.0,-0.0,-0.0,0.0
2020-12-14,0.0,9.15907236252872e-09,-9.15907236252872e-09,116.01676277958293,-0.0,-0.0,0.0,0.0
2020-12-15,0.0,0.0,0.0,116.01676277958293,0.0,0.0,0.0,-0.0
2020-12-16,0.0,0.0,0.0,116.01676277958293,0.0,-0.0,0.0,0.0
2020-12-17,0.0,0.0,0.0,116.01676277958293,0.0,-0.0,0.0,0.0
2020-12-18,-0.0006567928693993786,0.0,-0.0006567928693993786,115.9405637970585,-0.005274836135400485,-0.0,0.0,0.0
2020-12-21,0.0004450266902903366,1.4753178519884128e-06,0.0004435513724383482,115.99198939325197,0.003799173146871393,0.0,-0.0,-0.0
2020-12-22,-1.2045119364106263e-05,6.626836741969192e-07,-1.2707803038303183e-05,115.99051538989673,-0.0001,-0.0,0.0,-0.0
2020-12-23,0.0,3.8581153058576015e-05,-3.8581153058576015e-05,115.98604034206915,-0.0,0.0,-0.0,-0.0
2020-12-24,0.0,0.00017203463674839257,-0.00017203463674839257,115.96608672575101,0.0,0.0,0.0,0.0
2020-12-25,0.0,9.461574146278407e-07,-9.461574146278407e-07,115.96597700357822,-0.0,0.0,0.0,0.0
2020-12-28,0.0,1.0449698364284937e-05,-1.0449698364284937e-05,115.96476519409802,0.0,-0.0,0.0,0.0
2020-12-29,0.0,1.2418962007620937e-08,-1.2418962007620937e-08,115.96476375393601,0.0,0.0,-0.0,-0.0
2020-12-30,0.0,0.0,0.0,115.96476375393601,0.0,-0.0,0.0,0.0
2020-12-31,0.0,0.0,0.0,115.96476375393601,0.0,-0.0,0.0,0.0
2021-01-01,0.004107186089733754,0.0,0.004107186089733754,116.44105261852542,0.00962591227614994,0.0,0.0,0.0
2021-01-04,-3.795592950695139e-05,9.424179210964556e-06,-4.738010871791595e-05,116.43553562879312,-0.0001,0.0,0.0,0.0
2021-01-05,0.0,1.6231053697032373e-06,-1.6231053697032373e-06,116.43534664165003,0.0,-0.0,-0.0,-0.0
2021-01-06,0.0,5.751741638088115e-09,-5.751741638088115e-09,116.435345971944,0.0,-0.0,0.0,0.0
2021-01-07,0.0,0.0,0.0,116.435345971944,0.0,0.0,-0.0,0.0
2021-01-08,0.0021497525227175186,0.0,0.0021497525227175186,116.68565315068066,0.005544835359129851,0.0,-0.0,-0.0
2021-01-11,-3.755662064306758e-05,2.42747483910894e-06,-3.998409548217652e-05,116.68098758038367,-0.0001,0.0,-0.0,-0.0
2021-01-12,0.0,3.195278430863258e-06,-3.195278430863258e-06,116.68061475214077,-0.0,0.0,0.0,-0.0
2021-01-13,0.0015126363073434707,5.755270980212224e-09,0.0015126305520724904,116.85710941484946,0.0038629900042505996,-0.0,0.0,0.0
2021-01-14,-3.855201235262086e-05,1.2102502827369078e-06,-3.976226263535777e-05,116.8524629117741,-0.0001,0.0,-0.0,-0.0
2021-01-15,0.0,6.566909139110733e-09,-6.566909139110733e-09,116.85246214441459,-0.0,-0.0,0.0,0.0
2021-01-18,0.0,0.0,0.0,116.85246214441459,-0.0,0.0,-0.0,-0.0
2021-01-19,0.0002536681831875381,3.2213428422759316e-07,0.0002533460489033105,116.8820662540035,0.0006608065497719529,-0.0,0.0,-0.0
2021-01-20,-2.8340300222563664e-05,2.0094723066747682e-05,-4.843502328931135e-05,116.87640506840238,-0.0001,0.0,0.0,0.0
2021-01-21,0.0,6.463828871974498e-07,-6.463828871974498e-07,116.87632952149423,-0.0,-0.0,0.0,0.0
2021-01-22,0.0,5.171438349393931e-09,-5.171438349393931e-09,116.87632891707548,0.0,-0.0,0.0,0.0
2021-01-25,0.0,0.0,0.0,116.87632891707548,0.0,0.0,-0.0,-0.0
2021-01-26,0.0,0.0,0.0,116.87632891707548,-0.0,-0.0,-0.0,0.0
2021-01-27,0.0,0.0,0.0,116.87632891707548,0.0,-0.0,0.0,0.0
2021-01-28,0.0,0.0,0.0,116.87632891707548,-0.0,0.0,-0.0,-0.0
2021-01-29,0.0016600185725183369,1.0431787105415368e-06,0.0016589753938077952,117.07022387086752,0.0,0.0,0.0,0.0023442506356026074
2021-02-01,-8.685557633478466e-05,3.2086486150785024e-05,-0.00011894206248556968,117.05629929698466,0.0,0.0,-0.0,-0.0001
2021-02-02,0.0010894731964192343,3.539151363279869e-09,0.001089469657267871,117.18382858326079,-0.0,-0.001962710394848088,-0.0,0.0018193224385822826
2021-02-03,-0.000999612119761902,8.658986189965647e-05,-0.0010862019816615584,117.05654327643498,-0.002555957182741275,-0.0014016187722056817,-0.0,-0.0001
2021-02-04,0.001649350159948317,9.677362651605622e-06,0.0016396727972967113,117.24847770619094,0.0002769556190749256,0.00031417461425509163,-0.0,0.0035530352179575678
2021-02-05,-0.00010000000000000002,1.9681134008437065e-05,-0.00011968113400843709,117.23444527541831,-0.0001,-0.0001,0.0,-0.0001
2021-02-08,0.0015532410732099766,9.880356928481243e-07,0.0015522530375171285,117.4164227991987,0.006755858420775629,0.0015291921399572695,0.0,0.0
2021-02-09,-6.507866826960335e-05,7.691122041357227e-06,-7.276979031096058e-05,117.40787843073255,-0.0001,-0.0001,0.0,0.0
2021-02-10,0.0,1.2646607147627499e-08,-1.2646607147627499e-08,117.40787694592123,0.0,-0.0,0.0,0.0
2021-02-11,0.0,0.0,0.0,117.40787694592123,0.0,0.0,0.0,-0.0
2021-02-12,0.0,0.0,0.0,117.40787694592123,0.0,0.0,-0.0,0.0
2021-02-15,0.0,0.0,0.0,117.40787694592123,-0.0,0.0,0.0,0.0
2021-02-16,0.0,0.0,0.0,117.40787694592123,0.0,0.0,0.0,0.0
2021-02-17,0.0,0.0,0.0,117.40787694592123,-0.0,0.0,-0.0,-0.0
2021-02-18,0.0,0.0,0.0,117.40787694592123,-0.0,-0.0,-0.0,0.0
2021-02-19,0.0,0.0,0.0,117.40787694592123,0.0,-0.0,0.0,0.0
2021-02-22,0.0,0.0,0.0,117.40787694592123,0.0,-0.0,0.0,0.0
2021-02-23,0.0,0.0,0.0,117.40787694592123,0.0,-0.0,0.0,0.0
2021-02-24,0.00010924296588494151,1.4158596643151778e-07,0.00010910137991850999,117.42068630730935,0.0011042622122976354,0.0,0.0,-0.0
2021-02-25,-9.882567754764524e-06,2.055753843642344e-08,-9.903125293200948e-06,117.41952347554083,-0.0001,0.0,0.0,0.0
2021-02-26,0.0,0.0,0.0,117.41952347554083,-0.0,0.0,-0.0,-0.0
2021-03-01,0.0,1.9279643160680787e-07,-1.9279643160680787e-07,117.4195008374757,-0.0,0.0,-0.0,-0.0
2021-03-02,0.0,2.4975513291794483e-09,-2.4975513291794483e-09,117.41950054421449,-0.0,0.0,-0.0,0.0
2021-03-03,0.0,5.218545643232667e-07,-5.218545643232667e-07,117.41943926831217,0.0,-0.0,0.0,0.0
2021-03-04,0.0,3.3741568531366205e-07,-3.3741568531366205e-07,117.4193996491516,-0.0,0.0,-0.0,-0.0
2021-03-05,0.0,1.0199151767970594e-07,-1.0199151767970594e-07,117.41938767336883,-0.0,0.0,-0.0,-0.0
2021-03-08,-0.0003785445203741122,3.430983612663641e-09,-0.0003785479513577249,117.37493880471541,-0.003618086584833324,0.0,-0.0,-0.0
2021-03-09,-0.0006294943050820448,6.137919337491527e-07,-0.0006301080970157939,117.30097990538783,-0.006198454709617107,0.0,-0.0,-0.0
2021-03-10,0.003134769035434879,1.4046256891316653e-06,0.0031333644097457473,117.66852662105167,0.0038977317898649666,-0.0,0.0,0.00788792193756559
2021-03-11,-3.276371530760122e-05,2.7006912639035618e-05,-5.977062794663684e-05,117.66149349932597,-0.0001,-0.0,0.0,-0.0001
2021-03-12,0.0,1.2216537088384494e-08,-1.2216537088384494e-08,117.66149206190997,0.0,0.0,0.0,0.0
2021-03-15,0.0,0.0,0.0,117.66149206190997,-0.0,0.0,-0.0,-0.0
2021-03-16,0.0,0.0,0.0,117.66149206190997,-0.0,0.0,-0.0,-0.0
2021-03-17,0.0,0.0,0.0,117.66149206190997,-0.0,-0.0,0.0,-0.0
2021-03-18,0.0,1.125213555426953e-06,-1.125213555426953e-06,117.66135966760413,0.0,-0.0,0.0,0.0
2021-03-19,0.0,4.831114193418154e-07,-4.831114193418154e-07,117.66130282405767,-0.0,0.0,-0.0,-0.0
2021-03-22,0.0,2.8633804261449237e-09,-2.8633804261449237e-09,117.66130248714859,-0.0,-0.0,-0.0,-0.0
2021-03-23,0.0,0.0,0.0,117.66130248714859,0.0,-0.0,0.0,0.0
2021-03-24,0.0,0.0,0.0,117.66130248714859,-0.0,-0.0,-0.0,-0.0
2021-03-25,-0.001474614673764058,0.0,-0.001474614673764058,117.48779740396684,-0.0023918192834598948,0.0,-0.003125288704746498,-0.001901298766037407
2021-03-26,0.001509532027960594,5.162016563579227e-05,0.0014579118623248017,117.6590842574805,-0.0030854165403151335,0.0,0.004399696805660991,0.00039487766173373906
2021-03-29,0.0009403889388481801,2.39186198348768e-05,0.0009164703190133033,117.76691531596477,0.0009666010928697233,0.0,-0.0001,0.005711967369874227
2021-03-30,-2.2411721694124044e-05,3.7252189044193324e-06,-2.6136940598543377e-05,117.76383724909469,-0.0001,0.0,-0.0,-0.0001
2021-03-31,0.0,7.974145293945801e-09,-7.974145293945801e-09,117.76383631002874,-0.0,0.0,-0.0,-0.0
2021-04-01,0.0,3.497056408519682e-06,-3.497056408519682e-06,117.76342448325028,0.0,0.0,0.0,-0.0
2021-04-02,0.0,1.2370944675418882e-09,-1.2370944675418882e-09,117.7634243375658,0.0,-0.0,0.0,0.0
2021-04-05,0.0,0.0,0.0,117.7634243375658,-0.0,0.0,-0.0,0.0
2021-04-06,0.0,0.0,0.0,117.7634243375658,0.0,-0.0,0.0,0.0
2021-04-07,0.0,0.0,0.0,117.7634243375658,0.0,-0.0,-0.0,0.0
2021-04-08,-6.014489022236676e-06,1.7902888921954742e-06,-7.80477791443215e-06,117.76250522019241,-5.251397349116385e-05,0.0,-0.0,-0.0
2021-04-09,-0.0004053246749289784,3.730635819862438e-10,-0.0004053250479925604,117.71477312711231,-0.003538931154240421,-0.0,-0.0,0.0
2021-04-12,0.00014092162145044488,7.727955015063501e-07,0.00014014882594893854,117.73127071436294,0.0012733601511303316,0.0,-0.0,-0.0
2021-04-13,-1.1506582731145547e-05,8.793455331293387e-07,-1.2385928264274885e-05,117.7298125032894,-0.0001,-0.0,0.0,0.0
2021-04-14,0.0,0.0,0.0,117.7298125032894,0.0,-0.0,0.0,0.0
2021-04-15,0.0,0.0,0.0,117.7298125032894,0.0,-0.0,0.0,0.0
2021-04-16,0.0001262451201447154,0.0,0.0001262451201447154,117.7446753176135,0.0010971556290383267,-0.0,0.0,0.0
2021-04-19,-1.1477412373241491e-05,5.834071580811673e-08,-1.1535753089049607e-05,117.74331704411148,-0.0001,0.0,0.0,-0.0
2021-04-20,0.0,0.0,0.0,117.74331704411148,0.0,-0.0,0.0,0.0
2021-04-21,0.00011142603614954953,0.0,0.00011142603614954953,117.75643671521279,0.0009708288987623104,0.0,-0.0,-0.0
2021-04-22,-1.1439397333797581e-05,7.603007888780516e-08,-1.1515427412685386e-05,117.75508069951341,-0.0001,-0.0,-0.0,0.0
2021-04-23,0.0,5.702991832931548e-10,-5.702991832931548e-10,117.7550806323578,-0.0,-0.0,-0.0,-0.0
2021-04-26,0.0,0.0,0.0,117.7550806323578,0.0,-0.0,0.0,0.0
2021-04-27,6.596260508214391e-05,0.0,6.596260508214391e-05,117.76284806423796,0.0005766122021124587,0.0,0.0,0.0
2021-04-28,-1.1425224921415146e-05,2.8915123948165813e-08,-1.1454140045363312e-05,117.7614991920841,-0.0001,0.0,0.0,-0.0
2021-04-29,0.0,4.2681370829234654e-07,-4.2681370829234654e-07,117.76144892986193,0.0,-0.0,0.0,0.0
2021-04-30,7.153574404711725e-05,6.763760430464339e-09,7.152898028668678e-05,117.76987228622096,0.0006276763569032951,0.0,-0.0,-0.0
2021-05-03,-9.642387056000405e-06,1.531808513821786e-05,-2.4960472194218268e-05,117.76693269459844,-0.0001,0.0,-0.0,-0.0
2021-05-04,0.0010988849420656907,1.4223976770622241e-05,0.0010846609652950684,117.89466988949479,0.0,-0.0,0.005975883984317576,0.0
2021-05-05,-1.2957784210723672e-05,1.0861750045560342e-05,-2.3819534256284012e-05,117.89186169336674,-0.0,0.0,-0.0001,-0.0
2021-05-06,0.0,1.3562365606417105e-07,-1.3562365606417105e-07,117.89184570444145,-0.0,-0.0,0.0,0.0
2021-05-07,0.0,5.773469305123109e-05,-5.773469305123109e-05,117.88503925491645,0.0,-0.0,-0.0,0.0
2021-05-10,0.0,0.00016871843765489173,-0.00016871843765489173,117.86514987527048,0.0,-0.0,0.0,0.0
2021-05-11,0.0007276406238158035,0.0,0.0007276406238158035,117.95091334645184,0.0023767285752496095,0.0,0.0,-0.0
2021-05-12,-2.997417043510039e-05,1.2820942239188894e-06,-3.125626465901928e-05,117.94722664148752,-0.0001,-0.0,0.0,-0.0
2021-05-13,0.0,2.3199289488795573e-09,-2.3199289488795573e-09,117.94722636785832,-0.0,0.0,-0.0,-0.0
2021-05-14,0.0,0.0,0.0,117.94722636785832,-0.0,-0.0,-0.0,-0.0
2021-05-17,0.0,0.0,0.0,117.94722636785832,0.0,-0.0,0.0,0.0
2021-05-18,0.0,0.0,0.0,117.94722636785832,0.0,-0.0,0.0,-0.0
2021-05-19,0.0,0.0,0.0,117.94722636785832,0.0,-0.0,0.0,0.0
2021-05-20,0.0012241426033496885,0.0,0.0012241426033496885,118.09161059260217,0.004083833562572014,0.0,-0.0,-0.0
2021-05-21,-2.8413895547131353e-05,3.1228697048869494e-06,-3.15367652520183e-05,118.08788636520066,-0.0001,-0.0,0.0,0.0
2021-05-24,0.0,1.5151201849805673e-10,-1.5151201849805673e-10,118.08788634730894,-0.0,0.0,-0.0,-0.0
2021-05-25,0.0,2.224554011949098e-07,-2.224554011949098e-07,118.0878600780208,0.0,-0.0,0.0,0.0
2021-05-26,0.0,4.3196515306931365e-10,-4.3196515306931365e-10,118.08786002701095,0.0,-0.0,-0.0,0.0
2021-05-27,0.0,0.0,0.0,118.08786002701095,-0.0,0.0,-0.0,-0.0
2021-05-28,0.0,0.0,0.0,118.08786002701095,0.0,0.0,0.0,0.0
2021-05-31,0.0,0.0,0.0,118.08786002701095,-0.0,0.0,-0.0,-0.0
2021-06-01,0.0,0.0,0.0,118.08786002701095,0.0,-0.0,0.0,0.0
2021-06-02,0.0,0.0,0.0,118.08786002701095,-0.0,0.0,-0.0,0.0
2021-06-03,0.0,0.0,0.0,118.08786002701095,-0.0,0.0,0.0,-0.0
2021-06-04,0.0,2.2942929672732814e-06,-2.2942929672732814e-06,118.08758909886417,-0.0,0.0,-0.0,-0.0
2021-06-07,0.003945278915314619,9.600986695357834e-06,0.003935677928619262,118.55234381692443,0.002817987829320845,-0.0,0.0,0.010105013096927119
2021-06-08,-6.289304684609822e-05,7.803223933456522e-06,-7.069627077955473e-05,118.5439626083244,-0.0001,-0.0,0.0,-0.0001
2021-06-09,0.0,0.0,0.0,118.5439626083244,-0.0,0.0,-0.0,-0.0
2021-06-10,0.0,0.0,0.0,118.5439626083244,0.0,0.0,-0.0,-0.0
2021-06-11,0.0,0.0,0.0,118.5439626083244,-0.0,-0.0,0.0,0.0
2021-06-14,0.0,0.0,0.0,118.5439626083244,-0.0,0.0,-0.0,-0.0
2021-06-15,0.00033401480011235895,0.0,0.00033401480011235895,118.58355804629954,0.000893919050279235,0.0,-0.0,0.0
2021-06-16,-3.72456096148646e-05,2.3921637470772363e-07,-3.748482598957232e-05,118.57911296226095,-0.0001,0.0,-0.0,-0.0
2021-06-17,-0.004773374383976214,1.0245246247925223e-08,-0.004773384629222462,118.01308924710005,-0.0,0.0,-0.006549723152150089,-0.009140945278419698
2021-06-18,-0.006083063050546635,1.2227716662180194e-05,-0.006095290767208815,117.29376515380241,-0.0069501992571124995,-0.0,-0.00372154395378832,-0.007854760721062837
2021-06-21,-0.006225656218712062,9.585351791270723e-06,-0.006235241570503333,116.56241019335457,-0.0033365033317003245,-0.0,-0.008718605413124747,-0.007000425054539683
2021-06-22,0.0039265092198066875,8.18055178841027e-06,0.003918328668018277,117.01914002682847,0.003275888241700775,0.0,0.007837187219547292,-0.0001
2021-06-23,-7.328757126978422e-05,4.796826694008227e-06,-7.808439796379245e-05,117.01000265772925,-0.0001,0.0,-0.0001,0.0
2021-06-24,0.0,1.544134260178487e-06,-1.544134260178487e-06,117.00982197857537,-0.0,0.0,0.0,0.0
2021-06-25,0.0,2.0967991552268528e-06,-2.0967991552268528e-06,117.00957663247948,-0.0,-0.0,-0.0,0.0
2021-06-28,0.0,5.444386852881955e-09,-5.444386852881955e-09,117.00957599543409,0.0,-0.0,-0.0,0.0
2021-06-29,0.0,0.0,0.0,117.00957599543409,-0.0,-0.0,-0.0,-0.0
2021-06-30,0.0,0.0,0.0,117.00957599543409,-0.0,-0.0,-0.0,-0.0
2021-07-01,0.0,0.0,0.0,117.00957599543409,-0.0,0.0,-0.0,-0.0
2021-07-02,-0.00042016064035005026,0.0,-0.00042016064035005026,116.96041317705676,-0.0009884818090967306,0.0,-0.0,-0.0
2021-07-05,0.0019201220307416928,2.179742634615567e-07,0.0019199040564782312,117.18496594876275,0.0008417743052646642,-0.0,0.0051143785713698596,0.0
2021-07-06,-7.248192170387293e-05,2.2360194095081167e-06,-7.471794111338106e-05,117.17621012937762,-0.0001,-0.0,-0.0001,0.0
2021-07-07,0.0,1.942636852841906e-09,-1.942636852841906e-09,117.1762099017468,-0.0,-0.0,-0.0,-0.0
2021-07-08,0.0,2.8353663507903915e-06,-2.8353663507903915e-06,117.17587766426412,-0.0,0.0,-0.0,-0.0
2021-07-09,0.002020997977764275,3.224688419989796e-07,0.002020675508922276,117.41265209049676,0.004530133164594818,-0.0,-0.0,-0.0
2021-07-12,-4.2536134669981933e-05,4.1523915843264645e-06,-4.66885262543084e-05,117.40717026680704,-0.0001,0.0,0.0,0.0
2021-07-13,0.0,8.024618749352674e-09,-8.024618749352674e-09,117.40716932465926,-0.0,0.0,-0.0,-0.0
2021-07-14,0.0,0.0,0.0,117.40716932465926,-0.0,0.0,-0.0,-0.0
2021-07-15,0.0020553448087796255,1.7369590830762506e-07,0.002055171112871318,117.64846114749929,0.004822605505482513,-0.0,0.0,0.0
2021-07-16,-4.067565022415137e-05,3.886640181219414e-06,-4.456229040537078e-05,117.6432184626079,-0.0001,-0.0,-0.0,-0.0
2021-07-19,0.0,8.757075589815866e-09,-8.757075589815866e-09,117.64321743239734,0.0,0.0,-0.0,-0.0
2021-07-20,0.0,9.019316642624454e-08,-9.019316642624454e-08,117.64320682178307,-0.0,-0.0,-0.0,-0.0
2021-07-21,0.0,8.27991083922619e-09,-8.27991083922619e-09,117.6432058477078,-0.0,0.0,-0.0,-0.0
2021-07-22,0.0,0.0,0.0,117.6432058477078,0.0,0.0,0.0,0.0
2021-07-23,0.0,0.0,0.0,117.6432058477078,-0.0,-0.0,0.0,0.0
2021-07-26,0.0,1.7922240771361952e-08,-1.7922240771361952e-08,117.64320373927795,0.0,0.0,-0.0,-0.0
2021-07-27,0.0,8.03758803588628e-09,-8.03758803588628e-09,117.64320279371034,0.0,-0.0,0.0,0.0
2021-07-28,0.0,0.0,0.0,117.64320279371034,0.0,-0.0,0.0,-0.0
2021-07-29,0.0,2.654925946229403e-08,-2.654925946229403e-08,117.64319967037042,0.0,0.0,0.0,0.0
2021-07-30,-0.001658989398272888,7.770580242838498e-09,-0.0016589971688531309,117.44802993518246,-0.004071074884161263,-0.0,0.0,0.0
2021-08-02,0.0008380389723673633,4.781098498992886e-06,0.0008332578738683705,117.54589443089627,0.002182413613337264,0.0,-0.0,-0.0
2021-08-03,-3.8100773961407385e-05,5.977322178425282e-07,-3.869850617924991e-05,117.5413455803743,-0.0001,-0.0,-0.0,0.0
2021-08-04,0.0,5.741065696507342e-09,-5.741065696507342e-09,117.54134490556171,-0.0,-0.0,0.0,0.0
2021-08-05,0.001209051498326838,0.0,0.001209051498326838,117.68345844473514,-0.0,0.004836205993307352,-0.0,-0.0
2021-08-06,-5.0621713473698926e-05,7.624342694739787e-05,-0.0001268651404210968,117.66852851625428,-0.0,-0.0001,0.0,0.0
2021-08-09,0.0,4.794256975560019e-07,-4.794256975560019e-07,117.66847210293791,-0.0,0.0,-0.0,-0.0
2021-08-10,-0.00019796525615888567,3.150866754828008e-09,-0.00019796840702564049,117.64517746295854,-0.0010390033374948592,0.0,-0.0,-0.0
2021-08-11,-0.00041512288155423486,1.2371239267831291e-07,-0.00041524659394691317,117.59632570372278,-0.0012895376634771694,0.0,-0.0010409125672642516,0.0
2021-08-12,0.0006643973876125783,1.8295495056165068e-07,0.0006642144326620167,117.67443488048322,0.0015839553267043005,-0.0,0.00223253941708923,0.0
2021-08-13,-3.50430625357344e-05,4.1989008055560164e-07,-3.546295261629e-05,117.6702617975749,-0.0001,0.0,-0.0001,-0.0
2021-08-16,0.0005969338064605207,2.8901004561099344e-09,0.0005969309163600645,117.74050281477804,0.0,-0.0,0.003684828148121866,0.0
2021-08-17,-1.5796952737569802e-05,8.056411232424316e-07,-1.6602593860812232e-05,117.73854801702883,-0.0,-0.0,-0.0001,-0.0
2021-08-18,0.0,1.5804353678086776e-06,-1.5804353678086776e-06,117.7383619388634,-0.0,0.0,-0.0,-0.0
2021-08-19,0.0,1.8559894662595334e-09,-1.8559894662595334e-09,117.73836172034224,-0.0,0.0,0.0,-0.0
2021-08-20,0.0,0.0,0.0,117.73836172034224,-0.0,-0.0,-0.0,-0.0
2021-08-23,0.0003342197299474877,0.0,0.0003342197299474877,117.77771220380086,0.0016944800214149125,0.0,-0.0,-0.0
2021-08-24,-1.958442537891044e-05,2.79207138832277e-07,-1.9863632517742717e-05,117.77537271060687,-0.0001,-0.0,0.0,0.0
2021-08-25,0.0,2.365026543121873e-09,-2.365026543121873e-09,117.775372432065,0.0,0.0,0.0,0.0
2021-08-26,0.0,0.0,0.0,117.775372432065,0.0,0.0,0.0,0.0
2021-08-27,0.0,0.0,0.0,117.775372432065,-0.0,0.0,-0.0,-0.0
2021-08-30,0.0,0.0,0.0,117.775372432065,0.0,-0.0,0.0,0.0
2021-08-31,0.0,0.0,0.0,117.775372432065,-0.0,0.0,-0.0,-0.0
2021-09-01,0.0,0.0,0.0,117.775372432065,0.0,0.0,-0.0,0.0
2021-09-02,0.0,0.0,0.0,117.775372432065,0.0,0.0,0.0,0.0
2021-09-03,0.0,5.911393508587346e-06,-5.911393508587346e-06,117.77467621549293,0.0,-0.0,0.0,0.0
2021-09-06,-0.0012483697432315558,5.433953334499364e-09,-0.0012483751771848902,117.62764923320452,-0.0008963691029264642,-0.0,0.0,-0.00627868566913371
2021-09-07,0.00035663422632457913,2.3102628239842854e-06,0.0003543239635005948,117.6693275280981,0.0009143836244996928,0.0,-0.0,0.0011155527378077235
2021-09-08,0.0010528297701898727,1.76778771037181e-07,0.0010526529914188355,117.79319249771878,-0.0001,0.0,-0.0,0.00673886237064425
2021-09-09,-1.4575027566424809e-05,2.6748208663679082e-06,-1.7249848432792718e-05,117.79116058300178,-0.0,-0.0,-0.0,-0.0001
2021-09-10,0.0,2.8194431976852344e-09,-2.8194431976852344e-09,117.79116025089628,0.0,-0.0,0.0,0.0
2021-09-13,0.0,8.373987279732542e-08,-8.373987279732542e-08,117.7911503870795,-0.0,0.0,0.0,-0.0
2021-09-14,0.0,1.2291525553043137e-09,-1.2291525553043137e-09,117.79115024229621,0.0,0.0,-0.0,-0.0
2021-09-15,0.0,5.783011809509306e-06,-5.783011809509306e-06,117.79046905468329,-0.0,-0.0,-0.0,-0.0
2021-09-16,0.0,8.640467012628834e-06,-8.640467012628834e-06,117.789451290021,0.0,-0.0,0.0,0.0
2021-09-17,0.0011107879351270268,1.0757794850169037e-05,0.0011000301402768577,117.9190232366467,-0.0,0.0027888790154792955,-0.0,-0.0
2021-09-20,-0.0007145254368485041,1.6450947142716714e-05,-0.0007309763839912208,117.83282721543739,-0.00329046996268868,-0.0001,-0.0,-0.0
2021-09-21,4.579343694414692e-06,2.25564773478904e-06,2.3236959596256517e-06,117.83310102310192,2.337450871636726e-05,-0.0,-0.0,-0.0
2021-09-22,-0.00012172954361102505,4.787820570950619e-10,-0.00012173002239308214,117.81875719707573,-0.0006213408951152299,-0.0,-0.0,-0.0
2021-09-23,0.001996738234253207,8.376702078607412e-08,0.001996654467232421,118.05400054495705,-0.0001,0.0060658513426667835,-0.0,0.0
2021-09-24,0.0009355045077397941,1.5758034320445625e-05,0.0009197464734193485,118.16258029563133,0.004396572289238276,-0.0001,0.0,0.0
2021-09-27,-2.0264254809117072e-05,3.181244591707802e-06,-2.3445499400824873e-05,118.1598099149258,-0.0001,0.0,-0.0,-0.0
2021-09-28,0.0,5.358320791690185e-09,-5.358320791690185e-09,118.15980928178764,-0.0,0.0,0.0,0.0
2021-09-29,0.0,0.0,0.0,118.15980928178764,-0.0,0.0,-0.0,-0.0
2021-09-30,0.0,1.9011439091685402e-07,-1.9011439091685402e-07,118.15978681790746,-0.0,0.0,-0.0,-0.0
2021-10-01,-0.0004283056102183804,1.9015587161103213e-05,-0.0004473211973794836,118.10693144058597,-0.002438131769523355,-0.0,0.0,0.0
2021-10-04,0.0004852517260092074,8.672867004122037e-07,0.0004843844393087952,118.1641406003503,0.0028322114278427346,-0.0,0.0,0.0
2021-10-05,-1.6680828673034285e-05,9.049741093958036e-07,-1.758580278243009e-05,118.16206258907775,-0.0001,0.0,0.0,0.0
2021-10-06,0.0,4.337803479104174e-09,-4.337803479104174e-09,118.16206207651393,-0.0,0.0,0.0,0.0
2021-10-07,0.0,2.5977738286302318e-06,-2.5977738286302318e-06,118.16175511820155,-0.0,-0.0,-0.0,-0.0
2021-10-08,0.0,3.3693559450043155e-09,-3.3693559450043155e-09,118.16175472007255,0.0,0.0,0.0,0.0
2021-10-11,0.000556902341073135,0.0,0.000556902341073135,118.22755927790148,0.0,0.0,-0.0,0.002892371013926021
2021-10-12,-1.8564757284379743e-05,1.3788467992526755e-06,-1.994360408363242e-05,118.22520139426746,-0.0,0.0,-0.0,-0.0001
2021-10-13,0.00030978514520919127,4.110231949303253e-06,0.00030567491325988804,118.2613398724488,-0.0,0.0,-0.0,0.001711807269843202
2021-10-14,0.0011122168196231266,4.1013544664579294e-07,0.0011118066841764808,118.39282362059865,0.0055837713460531345,-0.0,0.0,-0.0001
2021-10-15,-0.0007297838141583868,5.234369514672044e-06,-0.0007350181836730588,118.30580274242111,-0.0001,0.0,-0.0,-0.003854346937874686
2021-10-18,-0.003143850714888607,2.1626896364125933e-06,-0.00314601340452502,117.93361110116037,0.0,0.0,-0.006884420740136188,-0.0014819558826886237
2021-10-19,0.0007360333958325589,2.7853251515323413e-05,0.0007081801443172354,118.01712934288983,0.0,-0.0,0.0018269132650188258,0.001048670497261539
2021-10-20,-4.9010880074247954e-05,9.41392108134162e-07,-4.9952272182382114e-05,118.0112341191227,0.0,0.0,-0.0001,-0.0001
2021-10-21,-0.0022043942968254142,3.133397199583943e-09,-0.002204397430222614,117.75109045789311,-0.0020814300628668844,-0.0,-0.0022605671560085414,-0.005196116265012052
2021-10-22,0.002589906143220179,2.845293907326005e-06,0.002587060849312853,118.05571969398063,0.002545992695255239,-0.0,0.0023003608618876736,0.006865880218073772
2021-10-25,-6.903565829806584e-05,3.820984783821649e-06,-7.285664308188749e-05,118.0471185505471,-0.0001,-0.0,-0.0001,-0.0001
2021-10-26,0.0,3.1003586581729306e-09,-3.1003586581729306e-09,118.04711818455871,-0.0,0.0,0.0,0.0
2021-10-27,0.0,0.0,0.0,118.04711818455871,-0.0,0.0,0.0,0.0
2021-10-28,0.0,2.931070508055786e-06,-2.931070508055786e-06,118.04677218013204,0.0,-0.0,-0.0,-0.0
2021-10-29,0.0,8.010656926204535e-07,-8.010656926204535e-07,118.04667761691272,0.0,-0.0,0.0,0.0
2021-11-01,0.002685311475969076,6.356250480316073e-09,0.0026853051197185955,118.3636689646832,0.010763366820322074,0.0,-0.0,-0.0
2021-11-02,0.0006468529060148291,1.3059650094624501e-05,0.0006337932559202046,118.43868705981899,0.0035119176436002376,-0.0,-0.0,0.0
2021-11-03,-1.6816437804376932e-05,9.531511119790393e-06,-2.6347948924167325e-05,118.4355664433417,-0.0001,-0.0,-0.0,-0.0
2021-11-04,0.0,2.2429297336021283e-08,-2.2429297336021283e-08,118.43556378691518,0.0,0.0,0.0,0.0
2021-11-05,0.0,0.0,0.0,118.43556378691518,-0.0,-0.0,-0.0,-0.0
2021-11-08,0.0,1.1640208677806686e-07,-1.1640208677806686e-07,118.4355500007684,0.0,-0.0,-0.0,-0.0
2021-11-09,0.0,3.2061300129462293e-07,-3.2061300129462293e-07,118.43551202879125,0.0,-0.0,0.0,0.0
2021-11-10,0.0,1.2821684146114066e-06,-1.2821684146114066e-06,118.43536017451856,0.0,-0.0,-0.0,-0.0
2021-11-11,0.0032276104945903345,5.001434884943645e-09,0.0032276054931554498,118.81762279360169,-0.0,0.008694425687933983,-0.0,-0.0
2021-11-12,-0.0006240516094042721,2.2932373448708555e-05,-0.0006469839828529806,118.74074969477356,-0.003157362865215407,-0.0001,-0.0,-0.0
2021-11-15,-0.00014842652948238944,8.39033951778681e-07,-0.00014926556343416812,118.72302578986775,-0.0008008833973945917,-0.0,0.0,0.0
2021-11-16,-0.001215115472733253,7.498777556202707e-08,-0.001215190460508815,118.57875470148518,-0.006569840434676122,0.0,-0.0,0.0
2021-11-17,-0.0006824458639074979,2.7403883580341934e-06,-0.0006851862522655321,118.49750616895295,-0.003985047341380721,0.0,0.0,-0.0
2021-11-18,0.0,8.598495783204569e-07,-8.598495783204569e-07,118.49740427892226,0.0,-0.0,0.0,-0.0
2021-11-19,-1.675611527192266e-05,1.2175356664499426e-07,-1.6877868838567655e-05,118.49540429527514,-0.0001,0.0,0.0,0.0
2021-11-22,0.0,0.0,0.0,118.49540429527514,-0.0,-0.0,-0.0,-0.0
2021-11-23,0.0,0.0,0.0,118.49540429527514,-0.0,0.0,-0.0,-0.0
2021-11-24,0.0,0.0,0.0,118.49540429527514,0.0,0.0,-0.0,-0.0
2021-11-25,0.0,0.0,0.0,118.49540429527514,-0.0,0.0,-0.0,-0.0
2021-11-26,0.0,0.0,0.0,118.49540429527514,0.0,-0.0,-0.0,-0.0
2021-11-29,0.0,0.0,0.0,118.49540429527514,0.0,-0.0,0.0,-0.0
2021-11-30,0.0,0.0,0.0,118.49540429527514,0.0,0.0,-0.0,0.0
2021-12-01,0.0,0.0,0.0,118.49540429527514,0.0,-0.0,-0.0,-0.0
2021-12-02,0.0,0.0,0.0,118.49540429527514,-0.0,-0.0,-0.0,-0.0
2021-12-03,0.0,4.070705704192679e-06,-4.070705704192679e-06,118.49492193535696,-0.0,0.0,0.0,-0.0
2021-12-06,0.0,1.0967902403227759e-07,-1.0967902403227759e-07,118.49490893894956,-0.0,0.0,-0.0,-0.0
2021-12-07,0.0,6.546940122600428e-06,-6.546940122600428e-06,118.49413315987591,-0.0,0.0,0.0,0.0
2021-12-08,0.0,2.757759483143496e-09,-2.757759483143496e-09,118.4941328330976,-0.0,0.0,-0.0,0.0
2021-12-09,0.0,0.0,0.0,118.4941328330976,0.0,0.0,-0.0,0.0
2021-12-10,0.0,0.0,0.0,118.4941328330976,-0.0,-0.0,0.0,-0.0
2021-12-13,0.0,0.0,0.0,118.4941328330976,0.0,0.0,0.0,0.0
2021-12-14,0.0,0.0,0.0,118.4941328330976,-0.0,0.0,-0.0,-0.0
2021-12-15,0.0,0.0,0.0,118.4941328330976,-0.0,0.0,0.0,-0.0
2021-12-16,0.0003917937994376105,1.0594804516918577e-06,0.00039073431898591863,118.54043255739397,0.0025193465162343,0.0,0.0,0.0
2021-12-17,-1.569418210447624e-05,2.8555267326665356e-07,-1.5979734777742893e-05,118.53853831272127,-0.0001,-0.0,0.0,0.0
2021-12-20,0.002341966822909289,2.6446497687099283e-09,0.00234196417825952,118.81615132319293,-0.0,-0.0,0.00697772008764973,-0.0
2021-12-21,0.0004749280524996788,1.2517625023221532e-05,0.0004624104274764573,118.87109315051738,0.002922341214965474,0.0,-0.0001,-0.0
2021-12-22,-1.607705286888454e-05,8.034119669066734e-06,-2.4111172537951276e-05,118.86822702908064,-0.0001,0.0,0.0,0.0
2021-12-23,0.0,8.611694617263799e-07,-8.611694617263799e-07,118.86812466339356,0.0,0.0,0.0,0.0
2021-12-24,-0.00180989543422111,2.3029673636376647e-09,-0.0018098977371884737,118.65298551354144,-0.0,0.0,-0.004189106450779756,-0.0027618846328276822
2021-12-27,0.00011213335173126249,2.7117992299736077e-06,0.00010942155250128888,118.66596870742525,-0.0,-0.0,0.00017303482543706838,0.00026468246015587393
2021-12-28,-0.00023232879920158467,1.3262165178482e-08,-0.00023234206136676314,118.63839761164168,0.0,0.0,-0.0001,-0.0007902187291153329
2021-12-29,0.0002559622498319171,1.0254872902671076e-07,0.00025585970110289036,118.66875239659392,-0.0,-0.0,0.0005984420556472859,0.0004145228445079363
2021-12-30,-5.069205960710528e-05,3.9121355796877536e-07,-5.1083273165074055e-05,118.66269040829908,0.0,0.0,-0.0001,-0.0001
2021-12-31,0.0002972290048380689,3.8750929484853705e-07,0.00029684149554322034,118.69791441878507,-0.0,0.0,-0.0,0.0011382752861684887
2022-01-03,-2.599862222185746e-05,2.2720573099841714e-07,-2.6225827952855876e-05,118.69480146770317,0.0,0.0,0.0,-0.0001
2022-01-04,0.0010726460868551327,1.5354783799742534e-09,0.0010726445513767526,118.82211879977424,0.006161458088877902,0.0,-0.0,-0.0
2022-01-05,-1.6490328831423265e-05,1.83727248882892e-06,-1.8327601320252186e-05,118.81994107535286,-0.0001,0.0,0.0,0.0
2022-01-06,0.00042002439609703393,3.019724722833073e-09,0.0004200213763723111,118.8698479905438,0.002547328567832119,-0.0,0.0,-0.0
2022-01-07,-1.6199978415344734e-05,1.6050671002614286e-06,-1.7805045515606163e-05,118.8677315074899,-0.0001,-0.0,-0.0,-0.0
2022-01-10,0.0,3.2791793188380326e-09,-3.2791793188380326e-09,118.86773111770128,0.0,-0.0,0.0,0.0
2022-01-11,0.0001913385461558253,6.037713842481529e-07,0.00019073477477157716,118.89040332762362,-0.0,-0.0,0.0007826477538219634,0.0
2022-01-12,-2.4197822375922537e-05,1.4155713189164892e-06,-2.5613393694839025e-05,118.88735814091665,0.0,0.0,-0.0001,0.0
2022-01-13,-0.001356520165389031,3.09710379007328e-06,-0.0013596172691791042,118.72571683570116,0.0,-0.0,-0.005727988918202709,0.0
2022-01-14,-0.00033164989246878973,2.0306809549689693e-06,-0.0003336805734237587,118.68610037042728,-0.0014518511765535646,-0.0,-0.0002673732624651759,-0.00010720277287102889
2022-01-17,0.0013507028352444514,6.034913341293857e-07,0.0013500993439103219,118.84633839666867,0.0040508067641774614,0.0,0.002926150556018192,-0.0001
2022-01-18,-4.017685864752117e-05,1.601818244994474e-06,-4.177867689251564e-05,118.84137315389694,-0.0001,0.0,-0.0001,-0.0
2022-01-19,0.0,7.991829619461366e-06,-7.991829619461366e-06,118.84042339389096,-0.0,-0.0,-0.0,-0.0
2022-01-20,0.0,4.2023148588586883e-05,-4.2023148588586883e-05,118.83542934512035,0.0,-0.0,0.0,0.0
2022-01-21,0.0,5.649830498251352e-09,-5.649830498251352e-09,118.83542867372032,-0.0,-0.0,-0.0,0.0
2022-01-24,0.0,0.0,0.0,118.83542867372032,0.0,-0.0,-0.0,-0.0
2022-01-25,0.0,0.0,0.0,118.83542867372032,-0.0,0.0,-0.0,-0.0
2022-01-26,0.0,0.0,0.0,118.83542867372032,-0.0,-0.0,0.0,0.0
2022-01-27,0.0,0.0,0.0,118.83542867372032,-0.0,0.0,-0.0,-0.0
2022-01-28,-0.0011250461260788763,5.441218251913683e-06,-0.00113048734433079,118.70108672554656,-0.008683232760032588,0.0,-0.0,-0.0
2022-01-31,5.3707447454215735e-05,3.5130742757070208e-06,5.019437317850871e-05,118.70704485219035,0.0004795308554150779,-0.0,0.0,-0.0
2022-02-01,0.0007754781237580729,1.5477119959790564e-08,0.0007754626466381132,118.799097731366,0.006928700232702534,-0.0,0.0,0.0
2022-02-02,-1.0245947691008397e-05,1.8926240145049498e-06,-1.2138571705513347e-05,118.79765567999965,-0.0001,-0.0,0.0,0.0
2022-02-03,0.0,3.725859108197338e-10,-3.725859108197338e-10,118.7976556357373,0.0,-0.0,0.0,-0.0
2022-02-04,0.0,0.0,0.0,118.7976556357373,0.0,0.0,0.0,0.0
2022-02-07,-0.0001839525159807533,0.0,-0.0001839525159807533,118.77580250809048,-0.0017954011306149486,0.0,-0.0,-0.0
2022-02-08,0.00010846303637283794,1.0718805371287554e-07,0.00010835584831912506,118.78867256093102,0.0010641802908315512,-0.0,0.0,0.0
2022-02-09,-5.706400127042435e-07,0.00015183761573115708,-0.00015240825574386132,118.77056818654388,-0.0001,0.0,0.0,0.0
2022-02-10,0.0,0.00016597702515555503,-0.00016597702515555503,118.75085500096026,0.0,0.0,-0.0,0.0
2022-02-11,0.0,3.032561553212576e-08,-3.032561553212576e-08,118.75085139976747,-0.0,0.0,0.0,-0.0
2022-02-14,0.0,2.137708271458158e-06,-2.137708271458158e-06,118.75059754509019,-0.0,-0.0,0.0,-0.0
2022-02-15,0.0,1.001606783469014e-06,-1.001606783469014e-06,118.75047860368615,-0.0,-0.0,-0.0,-0.0
2022-02-16,0.0,0.0,0.0,118.75047860368615,0.0,0.0,0.0,0.0
2022-02-17,0.0,3.315500751124856e-09,-3.315500751124856e-09,118.75047820996885,0.0,-0.0,0.0,0.0
2022-02-18,0.0,0.0,0.0,118.75047820996885,-0.0,-0.0,0.0,-0.0
2022-02-21,0.0003475842685190801,0.0,0.0003475842685190801,118.79175400807374,-0.0,0.0,0.0017622645504572377,-0.0
2022-02-22,-1.950821226942426e-05,4.3103168205721467e-07,-1.9939243951481476e-05,118.78938539031114,-0.0,-0.0,-0.0001,0.0
2022-02-23,0.0,2.5140779018967274e-09,-2.5140779018967274e-09,118.78938509166537,0.0,0.0,-0.0,0.0
2022-02-24,-0.0001666793649539225,0.0,-0.0001666793649539225,118.76958535239501,-0.0,-0.0,-0.0,-0.00025249837955000344
2022-02-25,0.006186905888938649,1.0457617122962282e-07,0.006186801312767419,119.50438917897006,-0.0,0.0,-0.0,0.009379817933647838
2022-02-28,-0.00029153441869656085,5.570364455762658e-05,-0.0003472380632541874,119.46289270632118,-0.0009610449440320523,0.0,0.0,-0.0001
2022-03-01,0.0008203099229454771,1.2422362321880544e-07,0.0008201856993222583,119.56087446251857,0.0031181271875186933,-0.0,0.0,0.0
2022-03-02,-3.3896418508157385e-05,7.666280868482201e-07,-3.466304659500561e-05,119.55673011835613,-0.0001,-0.0,-0.0,-2.079527128896466e-05
2022-03-03,-0.002190055232534898,5.030140479389545e-09,-0.0021900602626753773,119.2948936745885,-0.0019336334242975428,0.0,0.0,-0.004405280919563381
2022-03-04,-0.002192819385480132,4.1760099284535945e-06,-0.002196995395408586,119.03280334248967,-0.0001,-0.0,-0.0,-0.005975980194697472
2022-03-07,-0.004906749564455277,6.010684653954068e-06,-0.004912760249109231,118.44802371788865,-0.017477526810348875,-0.0,-0.0,-0.0001
2022-03-08,-0.00016873314228750829,1.59545491724477e-05,-0.00018468769145995597,118.42614782583021,-0.0008476009724390776,0.0,-0.0,-0.0
2022-03-09,0.0006028626619093485,1.8649295060824134e-08,0.0006028440126142877,118.49754031998398,0.003029792687134769,0.0,-0.0,-0.0
2022-03-10,-1.975644905417963e-05,2.8273969017716397e-07,-2.0039188744356792e-05,118.49516572540777,-0.0001,0.0,0.0,0.0
2022-03-11,0.0,1.7581806982247539e-10,-1.7581806982247539e-10,118.49516570457419,-0.0,0.0,-0.0,0.0
2022-03-14,0.0,0.0,0.0,118.49516570457419,-0.0,0.0,-0.0,-0.0
2022-03-15,0.0,0.0,0.0,118.49516570457419,0.0,0.0,-0.0,-0.0
2022-03-16,0.0,1.955309368769448e-07,-1.955309368769448e-07,118.49514253510343,0.0,0.0,0.0,-0.0
2022-03-17,0.0,6.186768415628042e-11,-6.186768415628042e-11,118.4951425277724,0.0,0.0,0.0,0.0
2022-03-18,0.0,1.4311259885992068e-05,-1.4311259885992068e-05,118.49344671299245,0.0,-0.0,0.0,0.0
2022-03-21,0.0008703152102039465,2.479756065777078e-07,0.0008700672345973687,118.59654397849194,0.004979824821331402,0.0,0.0,0.0
2022-03-22,-1.7134924589532587e-05,6.837984462848251e-07,-1.781872303581741e-05,118.59443073952175,-0.0001,0.0,0.0,-0.0
2022-03-23,0.0,1.2471825400206526e-10,-1.2471825400206526e-10,118.59443072473088,0.0,0.0,0.0,0.0
2022-03-24,0.002409765689321815,7.179127439193e-06,0.002402586561882622,118.87936411030424,-0.0,-0.0,0.004456048753846076,0.0
2022-03-25,-4.9619510336642575e-05,8.918040545666437e-06,-5.853755088230901e-05,118.87240520347879,0.0,0.0,-0.0001,0.0
2022-03-28,0.0,9.280900630231627e-08,-9.280900630231627e-08,118.872394171049,-0.0,-0.0,-0.0,0.0
2022-03-29,0.0,9.001711691090098e-08,-9.001711691090098e-08,118.8723834704988,0.0,0.0,-0.0,-0.0
2022-03-30,0.0,7.222471831649924e-09,-7.222471831649924e-09,118.87238261194635,0.0,-0.0,-0.0,0.0
2022-03-31,-0.0011004076643723445,2.0686064803077666e-07,-0.0011006145250203752,118.74154994101987,-0.006439906610299373,-0.0,0.0,-0.0
2022-04-01,0.0013296173802960368,1.0020543566164915e-06,0.0013286153259394202,118.89931178409732,0.008016361027705421,-0.0,0.0,-0.0
2022-04-04,-1.6280125354349852e-05,6.123415860019355e-07,-1.689246694035179e-05,118.89730328140378,-0.0001,0.0,-0.0,-0.0
2022-04-05,0.0,0.0,0.0,118.89730328140378,-0.0,0.0,0.0,0.0
2022-04-06,0.0,1.5915095112172816e-07,-1.5915095112172816e-07,118.89728435878489,-0.0,0.0,-0.0,0.0
2022-04-07,-0.00013936447592315638,4.032863129554976e-10,-0.00013936487920946934,118.88071425311189,-0.0008518871777932868,0.0,-0.0,-0.0
2022-04-08,-1.635409923257006e-05,1.0799908368366863e-08,-1.6364899140938426e-05,118.87876878221333,-0.0001,0.0,-0.0,-0.0
2022-04-11,0.0,2.0660021310384136e-07,-2.0660021310384136e-07,118.87874422183438,0.0,0.0,-0.0,-0.0
2022-04-12,0.0,7.34105431836607e-09,-7.34105431836607e-09,118.87874334913906,-0.0,0.0,-0.0,-0.0
2022-04-13,0.001437099881366369,1.846147158712686e-05,0.0014186384097792423,119.04738930056043,-0.0,-0.0,-0.0,0.005251166858695633
2022-04-14,-2.5619816666309593e-05,3.49486359111173e-06,-2.9114680257421322e-05,119.04392327388544,0.0,-0.0,0.0,-0.0001
2022-04-15,0.0,6.807541734674836e-06,-6.807541734674836e-06,119.0431128774095,-0.0,0.0,-0.0,-0.0
2022-04-18,-0.0005359133662667623,3.0074634413199135e-08,-0.0005359434409011755,118.97931250187838,-0.0,0.0,-0.0,-0.0023033961563594493
2022-04-19,-0.001126274848571319,5.632480734181544e-07,-0.0011268380966447371,118.84524207983867,-0.0,0.0,-0.0,-0.004900127604046789
2022-04-20,0.0012197671105124994,2.209835297501922e-06,0.0012175572752149975,118.98994296895764,0.001076526651407883,0.0,0.0,0.004946535132794194
2022-04-21,-3.382187997857284e-05,1.9467685293191788e-06,-3.576864850789202e-05,118.9856868595116,-0.0001,-0.0,0.0,-0.0001
2022-04-22,0.0,1.1731447634055758e-09,-1.1731447634055758e-09,118.98568671992417,-0.0,0.0,-0.0,-0.0
2022-04-25,0.0,0.0,0.0,118.98568671992417,-0.0,0.0,-0.0,-0.0
2022-04-26,0.0,0.0,0.0,118.98568671992417,-0.0,-0.0,-0.0,-0.0
2022-04-27,-0.0008638710638560005,0.0,-0.0008638710638560005,118.88289842815381,-0.006688426666132574,-0.0,-0.0,-0.0
2022-04-28,-0.0010990054578530327,5.948528034619233e-07,-0.0010996003106564947,118.75217475611046,-0.008317396565946322,0.0,-0.0,-0.0
2022-04-29,-0.0006071685234716353,1.240332259596849e-06,-0.0006084088557312321,118.67992488135151,-0.004821411811927856,0.0,-0.0,-0.0
2022-05-02,0.00039013665384528463,6.174809708297036e-07,0.00038951917287445494,118.72615298752808,0.0030238676157678945,-0.0,0.0,-0.0
2022-05-03,-1.2789804495070776e-05,2.2420939204722824e-07,-1.3014013887118004e-05,118.72460788372435,-0.0001,0.0,-0.0,-0.0
2022-05-04,0.0,1.3846882610524248e-09,-1.3846882610524248e-09,118.72460771932778,0.0,0.0,0.0,0.0
2022-05-05,0.0,0.0,0.0,118.72460771932778,0.0,-0.0,0.0,0.0
2022-05-06,0.0,3.253892681327475e-08,-3.253892681327475e-08,118.72460385615646,-0.0,0.0,-0.0,-0.0
2022-05-09,0.0,3.718145122270089e-08,-3.718145122270089e-08,118.7245994418034,-0.0,0.0,-0.0,-0.0
2022-05-10,0.0,1.3531930541627046e-09,-1.3531930541627046e-09,118.72459928114611,0.0,-0.0,0.0,-0.0
2022-05-11,0.0,0.0,0.0,118.72459928114611,-0.0,-0.0,-0.0,-0.0
2022-05-12,0.0,0.0,0.0,118.72459928114611,-0.0,-0.0,-0.0,-0.0
2022-05-13,0.0,0.0,0.0,118.72459928114611,-0.0,-0.0,-0.0,-0.0
2022-05-16,0.00024727685568817987,0.0,0.00024727685568817987,118.75395712674921,0.0019281326891944395,0.0,0.0,0.0
2022-05-17,0.00047078701907204734,9.746349530573573e-08,0.0004706895555767416,118.80985337405218,0.0036849476364928524,-0.0,0.0,0.0
2022-05-18,-1.2629290490566376e-05,2.9331638694592436e-07,-1.29226068775123e-05,118.80831804102388,-0.0001,0.0,0.0,0.0
2022-05-19,0.0,9.718580039036473e-10,-9.718580039036473e-10,118.80831792555907,-0.0,-0.0,-0.0,-0.0
2022-05-20,0.0,2.965226647751619e-06,-2.965226647751619e-06,118.80796563196876,0.0,-0.0,0.0,0.0
2022-05-23,0.0,2.635927139999911e-08,-2.635927139999911e-08,118.80796250027734,-0.0,0.0,0.0,0.0
2022-05-24,0.0,0.0,0.0,118.80796250027734,0.0,-0.0,0.0,0.0
2022-05-25,0.0006330085044779962,5.378229036125115e-09,0.00063300312624896,118.88316831196329,-0.005199795195760315,-0.0,0.0018566655679315037,0.0
2022-05-26,0.001214789615105314,1.1156732569298503e-05,0.0012036328825360157,119.02626000252363,0.004648668454274474,0.002921268948606215,-0.0001,-0.0
2022-05-27,-5.648693226563345e-05,7.65778681937214e-05,-0.00013306480045935484,119.01042179698698,-0.0001,-0.0001,0.0,0.0
2022-05-30,0.0,1.0918746305082633e-07,-1.0918746305082633e-07,119.01040880254095,-0.0,0.0,0.0,0.0
2022-05-31,-0.0005843314095140885,8.081623352897139e-10,-0.0005843322176764239,118.9408671864388,0.0,0.0,0.0,-0.004622184115736794
2022-06-01,0.00021972810724559812,1.5628800899529644e-07,0.00021957181923660282,118.9669832490285,-0.0,0.0,-0.0,0.0017489060638959941
2022-06-02,-1.4073423032511961e-05,3.019355025726446e-06,-1.7092778058238407e-05,118.96494977278755,-0.0,0.0,-0.0,-0.0001
2022-06-03,0.0,3.7440590907250267e-06,-3.7440590907250267e-06,118.96450436098587,0.0,-0.0,0.0,0.0
2022-06-06,0.0,1.2472333541466152e-08,-1.2472333541466152e-08,118.9645028772209,-0.0,0.0,-0.0,-0.0
2022-06-07,0.0,1.927243626799663e-07,-1.927243626799663e-07,118.9644799498629,-0.0,0.0,0.0,-0.0
2022-06-08,0.0,1.666175143341664e-10,-1.666175143341664e-10,118.96447993004134,0.0,0.0,0.0,0.0
2022-06-09,0.0,0.0,0.0,118.96447993004134,0.0,0.0,-0.0,-0.0
2022-06-10,0.0,0.0,0.0,118.96447993004134,-0.0,-0.0,-0.0,-0.0
2022-06-13,-0.0009372266646204231,0.0,-0.0009372266646204231,118.8529832473082,-0.012268340155825574,0.0,-0.0,-0.0
2022-06-14,-0.000462468966593533,2.3142742656567658e-06,-0.0004647832408591897,118.79774237256872,-0.007134383580962855,-0.0,-0.0,-0.0
2022-06-15,0.00015184936759224358,5.336229206209825e-07,0.0001513157446716226,118.81571834142113,0.002443097685334905,0.0,-0.0,-0.0
2022-06-16,-6.17338777881099e-06,8.411236828816532e-08,-6.257500147099156e-06,118.81497485204613,-0.0001,-0.0,0.0,0.0
2022-06-17,0.0,3.1938024917608777e-07,-3.1938024917608777e-07,118.81493690488986,0.0,-0.0,0.0,0.0
2022-06-20,0.0,8.955213959563335e-10,-8.955213959563335e-10,118.81493679848853,-0.0,0.0,-0.0,-0.0
2022-06-21,0.0,0.0,0.0,118.81493679848853,0.0,-0.0,0.0,0.0
2022-06-22,0.0,4.5011561034234335e-05,-4.5011561034234335e-05,118.80958875270906,0.0,0.0,0.0,-0.0
2022-06-23,0.0,1.1251392426151683e-07,-1.1251392426151683e-07,118.80957538497599,0.0,-0.0,-0.0,-0.0
2022-06-24,0.0,0.0,0.0,118.80957538497599,-0.0,-0.0,0.0,-0.0
2022-06-27,0.0,0.0,0.0,118.80957538497599,0.0,0.0,0.0,0.0
2022-06-28,0.0,0.0,0.0,118.80957538497599,0.0,0.0,-0.0,-0.0
2022-06-29,0.0,3.0651328021466324e-07,-3.0651328021466324e-07,118.80953896826331,-0.0,0.0,-0.0,-0.0
2022-06-30,0.0,7.028980746317735e-07,-7.028980746317735e-07,118.80945545726713,-0.0,0.0,-0.0,-0.0
2022-07-01,0.00013778783187832878,9.218232293189965e-10,0.00013778691005509946,118.82582584501992,0.0028757272313561957,-0.0,0.0,0.0
2022-07-04,-4.732226550567714e-06,1.1836340356817243e-07,-4.8505899541358865e-06,118.8252494696628,-0.0001,-0.0,-0.0,-0.0
2022-07-05,-8.18774831036574e-06,7.892634702411083e-10,-8.18853757383598e-06,118.8242764646428,-0.0001730066277221386,0.0,0.0,0.0
2022-07-06,-4.733354743614825e-06,1.467122623969447e-09,-4.734821866238794e-06,118.82371385286035,-0.0001,-0.0,-0.0,-0.0
2022-07-07,-0.00033356903780572245,0.0,-0.00033356903780572245,118.78407794096195,-0.007047201316480634,0.0,-0.0,-0.0
2022-07-08,-7.350023057509832e-05,4.3250244235189667e-07,-7.393273301745022e-05,118.77529590944083,-0.0016271539983527816,-0.0,0.0,0.0
2022-07-11,-1.651495367398452e-05,8.560571840904308e-09,-1.6523514245825424e-05,118.77333332414682,-0.0003659561389496302,0.0,-0.0,-0.0
2022-07-12,-4.444254398170547e-06,2.8008727137516885e-06,-7.245127111922235e-06,118.77247279624936,-0.0001,0.0,-0.0,-0.0
2022-07-13,-6.821688618071929e-05,9.840813111693104e-10,-6.821787026203045e-05,118.76437039110945,-0.001534779126710306,-0.0,-0.0,0.0
2022-07-14,-4.441871629601499e-06,5.729498605148986e-09,-4.447601128206648e-06,118.7638421745617,-0.0001,0.0,-0.0,-0.0
2022-07-15,0.0,6.503984966566644e-07,-6.503984966566644e-07,118.76376493073731,-0.0,0.0,-0.0,0.0
2022-07-18,0.0,4.268518342778987e-06,-4.268518342778987e-06,118.76325798542824,0.0,-0.0,0.0,0.0
2022-07-19,0.0,9.12974109284897e-06,-9.12974109284897e-06,118.76217370763149,0.0,-0.0,0.0,-0.0
2022-07-20,0.0,9.414841626212424e-10,-9.414841626212424e-10,118.7621735958188,0.0,-0.0,0.0,0.0
2022-07-21,0.00019054915317947557,0.0,0.00019054915317947557,118.78480362742725,0.00464514783408686,0.0,-0.0,-0.0
2022-07-22,-3.99252504746346e-06,2.1917332208445731e-07,-4.211698369547918e-06,118.7843033416635,-0.0001,-0.0,0.0,0.0
2022-07-25,0.0004524462604845805,7.398409723247124e-10,0.00045244552064360814,118.83804676763322,-0.0,-0.0,-0.0,0.002530028734271428
2022-07-26,-1.617179257973224e-05,3.4225114350764773e-06,-1.959430401480872e-05,118.83571821881634,0.0,0.0,0.0,-0.0001
2022-07-27,0.0007591382837347578,6.400485063840986e-07,0.0007584982352283737,118.9258549013674,-0.0,0.0,0.0014167209635894574,0.0004488680807015367
2022-07-28,-6.071590593974571e-05,1.1038560907598876e-05,-7.175446684734459e-05,118.91732144005458,0.0,-0.0,-0.0001,-0.0001
2022-07-29,-0.0005768340872322629,1.5829554872445265e-07,-0.0005769923827809874,118.84870705140295,-0.0,-0.0,-0.0009521892246236007,-0.0009491333343843
2022-08-01,0.0001859764469019751,3.921436200201662e-06,0.00018205501070177346,118.87034405403709,0.0,-0.0,0.0004989312393431922,-0.0001
2022-08-02,-0.004982176296981249,7.94011973326858e-07,-0.004982970308954576,118.27801665900061,0.0,-0.013854836605127218,-0.0001,0.0
2022-08-03,0.007260039762137986,5.082764298971295e-05,0.007209212119148272,119.1307079701275,0.010197809557554994,0.013733860484351545,0.008970845380336646,-0.0
2022-08-04,-5.37586356788882e-05,5.631861563573775e-05,-0.00011007725131462594,119.11759438924699,-0.0001,-0.0001,-0.0001,0.0
2022-08-05,0.0,1.0946105492731784e-08,-1.0946105492731784e-08,119.11759308537324,0.0,-0.0,0.0,0.0
2022-08-08,0.0,0.0,0.0,119.11759308537324,-0.0,0.0,-0.0,-0.0
2022-08-09,0.0,0.0,0.0,119.11759308537324,0.0,-0.0,0.0,0.0
2022-08-10,0.0,0.0,0.0,119.11759308537324,0.0,0.0,-0.0,-0.0
2022-08-11,0.0,0.0,0.0,119.11759308537324,0.0,-0.0,0.0,0.0
2022-08-12,-0.0018639654013855392,9.62900955520929e-08,-0.0018640616914810913,118.89555054332138,-0.0016475198656440537,0.0,-0.0,-0.0035974707273245363
2022-08-15,-3.7852878627019234e-05,8.347583975069195e-06,-4.620046260208843e-05,118.89005751388495,0.00584623010886498,0.0,-0.0,-0.001939968880609877
2022-08-16,0.005606032563467368,1.8500709644090453e-06,0.005604182492502959,119.55633909273695,-0.0001,-0.0,-0.0,0.013584310094202579
2022-08-17,-2.4263219292004316e-05,3.420273213829602e-05,-5.846595143030034e-05,119.54934911762236,0.0,0.0,0.0,-0.0001
2022-08-18,0.0,2.4849745524635483e-09,-2.4849745524635483e-09,119.54934882054526,0.0,0.0,-0.0,-0.0
2022-08-19,0.0,0.0,0.0,119.54934882054526,-0.0,0.0,-0.0,-0.0
2022-08-22,-0.0009310857709881952,0.0,-0.0009310857709881952,119.43803812292755,-0.005518936765523519,0.0,-0.0,-0.0
2022-08-23,-0.0015942530056544002,8.612810457832993e-07,-0.0015951142867001835,119.24752080194223,-0.009541994707629509,0.0,-0.0,0.0
2022-08-24,0.000437368136483793,1.7326134589664812e-06,0.00043563552302482655,119.29946925803621,0.002760910212849188,-0.0,0.0,0.0
2022-08-25,-1.572747624483958e-05,2.279421186493491e-07,-1.5955418363488928e-05,119.29756578509365,-0.0001,0.0,-0.0,-0.0
2022-08-26,0.0,1.193969576276932e-09,-1.193969576276932e-09,119.297565642656,0.0,-0.0,0.0,0.0
2022-08-29,0.0,1.9151885547113142e-06,-1.9151885547113142e-06,119.29733716532367,-0.0,0.0,-0.0,-0.0
2022-08-30,0.0,2.2483945896095148e-07,-2.2483945896095148e-07,119.29731034257493,0.0,0.0,0.0,0.0
2022-08-31,0.0,3.707446920198088e-09,-3.707446920198088e-09,119.29730990028648,0.0,0.0,-0.0,-0.0
2022-09-01,0.0,0.0,0.0,119.29730990028648,0.0,0.0,-0.0,-0.0
2022-09-02,0.0,0.0,0.0,119.29730990028648,-0.0,0.0,-0.0,-0.0
2022-09-05,0.0,0.0,0.0,119.29730990028648,-0.0,0.0,-0.0,-0.0
2022-09-06,0.0006542190231582773,0.0,0.0006542190231582773,119.37535646983486,0.004219330685996547,-0.0,0.0,0.0
2022-09-07,-1.5274656675611484e-05,4.61245993156062e-07,-1.5735902668767547e-05,119.37347799084439,-0.0001,0.0,-0.0,-0.0
2022-09-08,0.0,8.317597157608825e-10,-8.317597157608825e-10,119.37347789155434,0.0,0.0,0.0,0.0
2022-09-09,0.0,4.010924754914247e-06,-4.010924754914247e-06,119.3729990935168,0.0,-0.0,0.0,0.0
2022-09-12,0.0,1.8497124321292274e-06,-1.8497124321292274e-06,119.37277828779631,0.0,-0.0,0.0,0.0
2022-09-13,0.0,2.271395775946733e-07,-2.271395775946733e-07,119.37275117351388,0.0,-0.0,0.0,0.0
2022-09-14,0.008735876171337099,6.743800524705579e-10,0.008735875496957047,120.41557666549491,0.014463821472942773,0.0,0.015605974978577065,-0.0
2022-09-15,-4.47498830754915e-05,2.6593692370333834e-05,-7.134357544582533e-05,120.40698578771622,-0.0001,-0.0,-0.0001,0.0
2022-09-16,0.0,5.171224239877703e-09,-5.171224239877703e-09,120.4069851650647,0.0,0.0,-0.0,-0.0
2022-09-19,0.0,0.0,0.0,120.4069851650647,0.0,-0.0,-0.0,0.0
2022-09-20,0.0,0.0,0.0,120.4069851650647,0.0,0.0,0.0,0.0
2022-09-21,0.0,0.0,0.0,120.4069851650647,-0.0,0.0,-0.0,-0.0
2022-09-22,0.0,0.0,0.0,120.4069851650647,-0.0,0.0,-0.0,-0.0
2022-09-23,0.00019089510672526175,0.0,0.00019089510672526175,120.42997026934825,0.0010022116201444553,-0.0,0.0,0.0
2022-09-26,-0.0029336596083614813,1.2326012487218208e-08,-0.0029336719343739685,120.07666824551157,-0.015406887200598907,0.0,-0.0,-0.0
2022-09-27,-0.001126633643677636,5.105885636221219e-06,-0.0011317395293138574,119.94077273350983,-0.0068329364477182075,0.0,-0.0,-0.0
2022-09-28,-0.0004607716586848584,7.510637258994563e-07,-0.00046152272241075786,119.88541734154981,-0.0028596715824625862,0.0,-0.0,-0.0
2022-09-29,0.0018815750299204287,2.2913691226800205e-08,0.001881552116229202,120.11098800225382,0.011669258220226686,-0.0,0.0,0.0
2022-09-30,-1.5149150655266847e-05,1.9501071900004026e-06,-1.709925784526725e-05,120.1089341934999,-0.0001,0.0,0.0,0.0
2022-10-03,0.0,2.966096830703258e-10,-2.966096830703258e-10,120.10893415787443,-0.0,0.0,-0.0,-0.0
2022-10-04,0.0,1.8805764432083816e-10,-1.8805764432083816e-10,120.10893413528703,0.0,-0.0,0.0,0.0
2022-10-05,0.0,6.741596917942489e-07,-6.741596917942489e-07,120.10885316268501,0.0,-0.0,0.0,0.0
2022-10-06,0.0011234148796269695,4.3154913110493576e-08,0.001123371724713859,120.24378005221577,0.007244075551207085,0.0,-0.0,-0.0
2022-10-07,-1.5181311824709307e-05,6.534769333472163e-07,-1.5834788758056524e-05,120.24187601735916,-0.0001,0.0,-0.0,-0.0
2022-10-10,0.0,0.0,0.0,120.24187601735916,-0.0,0.0,-0.0,-0.0
2022-10-11,0.0,4.21651828011016e-08,-4.21651828011016e-08,120.24187094733847,-0.0,0.0,0.0,-0.0
2022-10-12,0.0,9.274876645870568e-10,-9.274876645870568e-10,120.24187083581562,-0.0,0.0,-0.0,-0.0
2022-10-13,0.0,0.0,0.0,120.24187083581562,0.0,0.0,0.0,0.0
2022-10-14,0.0,0.0,0.0,120.24187083581562,0.0,0.0,0.0,0.0
2022-10-17,0.0,0.0,0.0,120.24187083581562,-0.0,0.0,-0.0,-0.0
2022-10-18,0.0,0.0,0.0,120.24187083581562,0.0,0.0,0.0,0.0
2022-10-19,0.0,2.5020049144089673e-07,-2.5020049144089673e-07,120.24184075124045,0.0,0.0,-0.0,0.0
2022-10-20,0.0,7.600868534268779e-10,-7.600868534268779e-10,120.2418406598462,-0.0,0.0,-0.0,-0.0
2022-10-21,0.0,6.230865286630222e-07,-6.230865286630222e-07,120.2417657387751,0.0,0.0,0.0,0.0
2022-10-24,0.0,3.6338746215669463e-09,-3.6338746215669463e-09,120.24176530183159,0.0,-0.0,0.0,0.0
2022-10-25,0.0,5.168933195708603e-08,-5.168933195708603e-08,120.24175908661508,0.0,0.0,-0.0,-0.0
2022-10-26,0.0,4.9680054217265956e-09,-4.9680054217265956e-09,120.24175848925336,0.0,-0.0,0.0,0.0
2022-10-27,-0.006116114384037249,1.296551271905977e-07,-0.00611624403916444,119.50633055063481,-0.012967329366482493,-0.0,-0.015450763612114182,0.0
2022-10-28,0.005583444284412947,1.0033225148064943e-05,0.005573411059264882,120.17238845497789,0.012300296335898353,0.0,0.006199436372041123,0.006459220699445811
2022-10-31,0.0023695786929896277,1.8077361276713013e-05,0.0023515013317129147,120.45497398646489,-0.0001,0.0,-0.0001,0.0076881043247123415
2022-11-01,-5.708191889207974e-07,0.0001264157149887882,-0.000126986534177709,120.43967782679388,-0.0,0.0,-0.0,-0.0001
2022-11-02,0.0,0.00017243281875525064,-0.00017243281875525064,120.41891007365624,-0.0,-0.0,0.0,-0.0
2022-11-03,0.0,0.0,0.0,120.41891007365624,-0.0,-0.0,-0.0,-0.0
2022-11-04,0.0,0.0,0.0,120.41891007365624,-0.0,0.0,-0.0,-0.0
2022-11-07,0.004035594922538872,0.0,0.004035594922538872,120.90487201572715,0.018278184728221614,-0.0,0.0,0.0
2022-11-08,-2.0070155096083616e-05,4.017192125969343e-06,-2.4087347222052958e-05,120.90195973809408,-0.0001,-0.0,0.0,0.0
2022-11-09,0.0,8.509393242900343e-10,-8.509393242900343e-10,120.90195963521384,0.0,-0.0,0.0,0.0
2022-11-10,0.006834474282063805,1.3337149016718453e-06,0.006833140567162133,121.72809972024663,-0.0,0.006190660217917354,-0.0,0.011423538441646664
2022-11-11,-7.535306139977693e-05,9.001944414203559e-05,-0.00016537250554181252,121.70796923940104,0.0,-0.0001,0.0,-0.0001
2022-11-14,-0.014026661976457926,9.167881828124924e-06,-0.014035829858286051,119.99969689075928,-0.01347554378096084,-0.015487979281015096,-0.008949345551445786,-0.014012801072484714
2022-11-15,0.0027346381047684658,3.943342925161579e-05,0.00269520467551685,120.32312063487987,0.0008978306983772333,0.004027227962292823,0.003952381880915512,0.0010332103452366237
2022-11-16,-0.006104512816959225,1.130169633720468e-06,-0.006105642986592946,119.58847061725054,-0.0001,-0.008207608822664914,-0.0001,-0.011596091437315437
2022-11-17,0.0020192279530907146,5.593787857806424e-06,0.0020136341652329083,119.82927804745336,0.0,0.002569063412395156,0.0,0.004431937207809988
2022-11-18,0.0019164779988353464,8.167918798372865e-07,0.001915661206955509,120.05883034686636,-0.0,-0.0001,-0.0,0.007463075310597422
2022-11-21,-2.515948967036643e-05,1.9224381694484513e-06,-2.708192783981488e-05,120.05557892228636,-0.0,-0.0,0.0,-0.0001
2022-11-22,0.0,5.252292769152012e-08,-5.252292769152012e-08,120.05557261661586,-0.0,0.0,-0.0,-0.0
2022-11-23,0.0,5.848092815313733e-10,-5.848092815313733e-10,120.05557254640624,0.0,-0.0,0.0,0.0
2022-11-24,0.0,0.0,0.0,120.05557254640624,0.0,-0.0,0.0,0.0
2022-11-25,-0.0008704290321903289,0.0,-0.0008704290321903289,119.9510726905856,-0.0,-0.0,-0.0034069743657896387,0.0
2022-11-28,0.0012295620031931777,3.5192607221723186e-07,0.0012292100771209606,120.09851775789835,-0.0,0.0,0.004846045094603291,-0.0
2022-11-29,-2.5026626743646907e-05,6.917139733869343e-07,-2.571834071703384e-05,120.09542902329903,-0.0,-0.0,-0.0001,-0.0
2022-11-30,0.0,5.117443282964818e-10,-5.117443282964818e-10,120.0954289618409,-0.0,0.0,-0.0,0.0
2022-12-01,0.0,0.0,0.0,120.0954289618409,0.0,-0.0,0.0,0.0
2022-12-02,-0.0004505540637952197,0.0,-0.0004505540637952197,120.0413194782789,0.0,-0.0,0.0,-0.0017789339676577253
2022-12-05,-0.0003352803714410385,1.6466299410274888e-07,-0.00033544503443514123,120.00105221373288,-0.0015973029524858462,-0.0,0.0,-0.0002929031073546362
2022-12-06,0.0007074538643816894,2.7074149042582986e-08,0.0007074267902326468,120.08594417292497,0.0044822536852026085,0.0,-0.0,-0.0001
2022-12-07,-1.6266772109048592e-05,1.600454417123587e-07,-1.642681755076095e-05,120.08397154302963,-0.0001,0.0,-0.0,-0.0
2022-12-08,0.0,5.511567674892914e-10,-5.511567674892914e-10,120.08397147684452,0.0,-0.0,0.0,0.0
2022-12-09,0.0,0.0,0.0,120.08397147684452,0.0,0.0,0.0,0.0
2022-12-12,0.0,0.0,0.0,120.08397147684452,-0.0,0.0,0.0,0.0
2022-12-13,0.0,8.766752764666187e-06,-8.766752764666187e-06,120.08291873035559,0.0,0.0,0.0,-0.0
2022-12-14,0.0,1.6877458289488167e-09,-1.6877458289488167e-09,120.08291852768616,0.0,-0.0,0.0,0.0
2022-12-15,-0.0013270185671273114,0.0,-0.0013270185671273114,119.92356626520508,-0.00477631552644221,-0.0,0.0,-0.0023650863619708693
2022-12-16,0.005714170784732043,3.0265915803987244e-07,0.005713868125574004,120.608793707993,0.0033518427765883985,0.0,-0.0,0.022146932469373715
2022-12-19,-3.579064905937151e-05,9.137904306195316e-06,-4.492855336556683e-05,120.60337492936853,-0.0001,-0.0,-0.0,-0.0001
2022-12-20,0.0,1.4080977822850118e-09,-1.4080977822850118e-09,120.6033747595472,0.0,0.0,-0.0,0.0
2022-12-21,0.0,0.0,0.0,120.6033747595472,0.0,-0.0,0.0,-0.0
2022-12-22,0.0,1.0276760340138802e-08,-1.0276760340138802e-08,120.60337352013522,-0.0,0.0,-0.0,0.0
2022-12-23,0.0,2.808536276242371e-06,-2.808536276242371e-06,120.60303480118566,-0.0,-0.0,-0.0,-0.0
2022-12-26,0.0,6.924829900955416e-07,-6.924829900955416e-07,120.60295128563551,0.0,0.0,0.0,0.0
2022-12-27,0.0,1.4580833575457697e-07,-1.4580833575457697e-07,120.6029337007199,-0.0,-0.0,0.0,0.0
2022-12-28,0.0,2.0020486065182948e-06,-2.0020486065182948e-06,120.60269224778455,-0.0,0.0,-0.0,-0.0
2022-12-29,0.0,8.693408124427205e-10,-8.693408124427205e-10,120.6026921429397,-0.0,0.0,0.0,0.0
2022-12-30,0.0,0.0,0.0,120.6026921429397,0.0,-0.0,0.0,0.0
2023-01-02,0.0,0.0,0.0,120.6026921429397,0.0,-0.0,0.0,0.0
2023-01-03,0.000572857898035144,0.0,0.000572857898035144,120.67178034765809,0.0028897675594858787,-0.0,-0.0,-0.0
2023-01-04,-2.0193924580847608e-05,7.405151638658514e-07,-2.093443974471346e-05,120.6692541515435,-0.0001,0.0,-0.0,-0.0
2023-01-05,0.0011192452369849302,0.0,0.0011192452369849302,120.80431263950315,0.005542484981084106,0.0,0.0,0.0
2023-01-06,0.0019107086257145007,5.033927021879047e-07,0.001910205233012313,121.03507366967759,-0.0001,0.0,-0.0,0.010649699995889151
2023-01-09,0.0025236246198064704,1.2650962920460253e-06,0.0025223595235144246,121.34036764042757,0.012645001629152375,-0.0,0.0,-0.0001
2023-01-10,-1.8908924339655533e-05,2.373854475690951e-06,-2.1282778815346484e-05,121.33778518022172,-0.0001,-0.0,0.0,0.0
2023-01-11,0.0,1.350526065849178e-09,-1.350526065849178e-09,121.33778501635189,0.0,0.0,-0.0,-0.0
2023-01-12,0.0,0.0,0.0,121.33778501635189,0.0,-0.0,0.0,0.0
2023-01-13,0.0,0.0,0.0,121.33778501635189,0.0,-0.0,0.0,0.0
2023-01-16,0.0006012501271941375,0.0,0.0006012501271941375,121.41073937502642,0.0031798297386377186,-0.0,0.0,0.0
2023-01-17,-1.8857034991558278e-05,1.0242817012865724e-07,-1.8959463161686937e-05,121.4084374925858,-0.0001,0.0,-0.0,-0.0
2023-01-18,0.0,1.4761259314460817e-09,-1.4761259314460817e-09,121.40843731337168,-0.0,-0.0,0.0,0.0
2023-01-19,0.0,0.0,0.0,121.40843731337168,0.0,0.0,0.0,-0.0
2023-01-20,0.0,0.0,0.0,121.40843731337168,0.0,-0.0,0.0,-0.0
2023-01-23,0.0,0.0,0.0,121.40843731337168,0.0,0.0,0.0,0.0
2023-01-24,0.0,0.0,0.0,121.40843731337168,0.0,0.0,-0.0,0.0
2023-01-25,0.0,1.874805856423079e-05,-1.874805856423079e-05,121.40616114087872,0.0,-0.0,-0.0,0.0
2023-01-26,0.0,5.3374534144362244e-06,-5.3374534144362244e-06,121.4055131411494,0.0,-0.0,0.0,0.0
2023-01-27,0.00042649123927438967,5.430240493844302e-07,0.00042594821522500524,121.45722560279033,0.0024275947466020245,0.0,0.0,0.0
2023-01-30,-1.753600366976767e-05,6.493138315402381e-08,-1.7600935052921692e-05,121.45508784205079,-0.0001,0.0,-0.0,-0.0
2023-01-31,0.0,2.152295878152244e-09,-2.152295878152244e-09,121.4550875806435,-0.0,0.0,-0.0,-0.0
2023-02-01,0.0,0.0,0.0,121.4550875806435,0.0,-0.0,-0.0,-0.0
2023-02-02,0.00276575080259992,0.0,0.00276575080259992,121.79100208659952,0.0,-0.0,0.006491572653878552,0.0
2023-02-03,0.0021871597133234326,1.1014105195601052e-05,0.0021761456081278315,122.05603704089975,0.009681939220090186,0.0,-0.0001,-0.0
2023-02-06,-0.005564562458144944,3.068041513907777e-06,-0.005567630499658852,121.37647412640335,-0.0001,0.0,-0.01465040439300459,-0.0
2023-02-07,-0.0018312689433588997,1.774948419710184e-05,-0.0018490184275560015,121.15204678907186,-0.0056692473876857165,0.0,-0.001527483469499602,-0.0
2023-02-08,0.0025658386782149477,3.7176230148688873e-06,0.002562121055200079,121.46245299903072,-9.653820013244552e-05,-0.0,0.0023144552748617375,0.011049625634334415
2023-02-09,-6.8734718409978e-05,1.4387802194394951e-06,-7.01734986294175e-05,121.45392955375168,-0.0001,0.0,-0.0001,-0.0001
2023-02-10,0.0,2.317772641096584e-05,-2.317772641096584e-05,121.45111452780095,0.0,0.0,0.0,0.0
2023-02-13,0.0,4.524251931979448e-06,-4.524251931979448e-06,121.4505650523614,-0.0,0.0,-0.0,-0.0
2023-02-14,0.0,5.5736269438886556e-05,-5.5736269438886556e-05,121.44379585094414,0.0,0.0,0.0,0.0
2023-02-15,0.0,5.118849122234689e-05,-5.118849122234689e-05,121.43757932626622,0.0,0.0,0.0,0.0
2023-02-16,0.0,0.00017215730218422273,-0.00017215730218422273,121.41667296022563,-0.0,0.0,-0.0,-0.0
2023-02-17,-0.0003442707578981158,3.5824987854871096e-09,-0.00034427434039690125,121.37487231522906,-0.0,-0.001377083031592463,-0.0,-0.0
2023-02-20,0.0003056482874305433,0.0001416490743566766,0.0001639992130738667,121.39477769877571,0.0016521907973379047,-0.0001,0.004447248178213836,0.0
2023-02-21,-1.2226437053072452e-05,3.824876757371469e-07,-1.2608924728809599e-05,121.39324704116123,-0.0001,0.0,-0.0001,0.0
2023-02-22,0.0,1.6290245582910313e-09,-1.6290245582910313e-09,121.39324684340865,-0.0,0.0,0.0,-0.0
2023-02-23,0.0,2.2296488145420665e-07,-2.2296488145420665e-07,121.39321977697774,-0.0,-0.0,-0.0,-0.0
2023-02-24,-7.001331672591749e-05,4.941847474293756e-07,-7.050750147334686e-05,121.38466064435546,-0.0008312747413590337,-0.0,-0.0,-0.0005085675656144705
2023-02-27,-0.0007032956661886963,2.574555718221905e-08,-0.0007033214117458785,121.29928821346678,-0.004084682530496653,0.0,-0.0,-0.010932030330730202
2023-02-28,0.0002998011570929262,8.938300995889403e-07,0.00029890732699333725,121.33554545947287,0.0053479946234309406,-0.0,0.0,-0.0001
2023-03-01,-5.530958728254645e-06,2.971499218883393e-07,-5.828108650142984e-06,121.33483830273082,-0.0001,0.0,-0.0,-0.0
2023-03-02,0.0,2.158501025375584e-08,-2.158501025375584e-08,121.3348356837171,0.0,-0.0,-0.0,0.0
2023-03-03,0.0,5.2243459699953535e-08,-5.2243459699953535e-08,121.33482934476551,-0.0,0.0,-0.0,-0.0
2023-03-06,0.0004299135658287981,1.9638212040706053e-07,0.0004297171837083911,121.3869690059173,0.0,-0.0,0.00633515778340209,0.0
2023-03-07,-6.379822255824927e-06,8.126635674056631e-07,-7.19248582323059e-06,121.38609593186361,0.0,0.0,-0.0001,-0.0
2023-03-08,0.0007253561727359773,3.63156418473759e-10,0.0007253558095795589,121.47414404174997,0.012771932027811673,0.0,-0.0,-0.0
2023-03-09,-4.905677115824427e-06,1.5472432171391444e-06,-6.452920332963571e-06,121.47336017877595,-0.0001,-0.0,0.0,0.0
2023-03-10,0.0,1.2253686383509321e-09,-1.2253686383509321e-09,121.4733600299263,0.0,-0.0,0.0,-0.0
2023-03-13,0.0,0.0,0.0,121.4733600299263,0.0,-0.0,0.0,0.0
2023-03-14,0.0,0.0,0.0,121.4733600299263,0.0,-0.0,0.0,0.0
2023-03-15,-1.745314855667415e-05,2.8205250329976786e-07,-1.773520105997392e-05,121.47120567546274,-0.00034675464840751004,0.0,-0.0,0.0
2023-03-16,-4.953785403169254e-06,4.006366658300763e-06,-8.960152061470016e-06,121.47011727498882,-0.0001,-0.0,-0.0,-0.0
2023-03-17,0.0,6.628621362733678e-10,-6.628621362733678e-10,121.47011719447087,0.0,0.0,0.0,0.0
2023-03-20,0.0,0.0,0.0,121.47011719447087,0.0,-0.0,0.0,0.0
2023-03-21,0.0,0.0,0.0,121.47011719447087,0.0,-0.0,0.0,0.0
2023-03-22,0.0,0.0,0.0,121.47011719447087,0.0,0.0,-0.0,-0.0
2023-03-23,0.0,0.0,0.0,121.47011719447087,0.0,-0.0,0.0,0.0
2023-03-24,0.00015607126260636507,0.0,0.00015607126260636507,121.48907518903036,0.00315055660065543,-0.0,0.0,-0.0
2023-03-27,-4.929751645181534e-06,4.803257640388914e-08,-4.977784221585423e-06,121.48847044262878,-0.0001,-0.0,-0.0,-0.0
2023-03-28,0.0,1.417218417094912e-09,-1.417218417094912e-09,121.48847027045309,0.0,0.0,0.0,0.0
2023-03-29,0.0,0.0,0.0,121.48847027045309,0.0,-0.0,0.0,0.0
2023-03-30,0.0,0.0,0.0,121.48847027045309,0.0,0.0,-0.0,-0.0
2023-03-31,0.0,0.0,0.0,121.48847027045309,0.0,0.0,0.0,0.0
2023-04-03,0.0,3.720825501810632e-08,-3.720825501810632e-08,121.4884657500791,-0.0,0.0,-0.0,-0.0
2023-04-04,0.0,1.3511662509284317e-09,-1.3511662509284317e-09,121.48846558592798,0.0,-0.0,0.0,0.0
2023-04-05,-0.00022676211967755837,2.175280532303238e-07,-0.0002269796477307887,121.46089017680595,-0.004484046445045531,-0.0,0.0,-0.0
2023-04-06,0.0002526871696315111,2.353435282065667e-06,0.00025033373434944545,121.4912959350213,0.005179136878680768,-0.0,-0.0,-0.0
2023-04-07,-5.555216264792732e-06,1.352545238687078e-06,-6.907761503479809e-06,121.49045670212423,-0.0001,0.0,-0.0,-0.0
2023-04-10,0.0,0.0,0.0,121.49045670212423,-0.0,0.0,-0.0,-0.0
2023-04-11,0.0,0.0,0.0,121.49045670212423,-0.0,0.0,-0.0,-0.0
2023-04-12,0.0,0.0,0.0,121.49045670212423,0.0,0.0,0.0,0.0
2023-04-13,0.0,0.0,0.0,121.49045670212423,0.0,-0.0,0.0,0.0
2023-04-14,-0.0002844566113813417,1.0068587613761005e-07,-0.0002845572972574793,121.45588570612249,-0.005074544770415257,-0.0,0.0,0.0
2023-04-17,0.0003334075863141666,3.730296876390607e-07,0.00033303455662652754,121.49633471316832,0.006152516278222664,0.0,-0.0,-0.0
2023-04-18,-5.225568252598322e-06,3.8695221288738495e-07,-5.612520465485707e-06,121.49565281250325,-0.0001,0.0,-0.0,-0.0
2023-04-19,0.0,9.67732560027551e-10,-9.67732560027551e-10,121.49565269492794,0.0,-0.0,0.0,0.0
2023-04-20,0.0,0.0,0.0,121.49565269492794,-0.0,0.0,0.0,-0.0
2023-04-21,0.0,0.0,0.0,121.49565269492794,0.0,-0.0,0.0,0.0
2023-04-24,0.0,0.0,0.0,121.49565269492794,0.0,-0.0,0.0,-0.0
2023-04-25,0.0,0.0,0.0,121.49565269492794,0.0,0.0,0.0,0.0
2023-04-26,0.00037795831759701175,0.0,0.00037795831759701175,121.54157298741586,0.007233535186277218,-0.0,-0.0,-0.0
2023-04-27,-5.0091799417612025e-06,4.3180888911419777e-07,-5.4409888308754005e-06,121.54091168107475,-0.0001,-0.0,0.0,-0.0
2023-04-28,0.0,0.0,0.0,121.54091168107475,-0.0,0.0,0.0,0.0
2023-05-01,0.0,0.0,0.0,121.54091168107475,-0.0,0.0,0.0,-0.0
2023-05-02,-0.006873244940335483,0.0,-0.006873244940335483,120.70553122481904,-0.0,-0.008421928157067004,-0.0,0.0
2023-05-03,-4.124879129354363e-05,8.072501471251114e-05,-0.00012197380600605478,120.69080831176957,0.0,-0.0001,-0.0,0.0
2023-05-04,0.0,2.590795509091476e-06,-2.590795509091476e-06,120.6904956265654,0.0,-0.0,0.0,-0.0
2023-05-05,0.0,2.8609572600596156e-05,-2.8609572600596156e-05,120.68704272306856,-0.0,-0.0,0.0,0.0
2023-05-08,0.0,1.4741300245076805e-06,-1.4741300245076805e-06,120.68686481467532,-0.0,0.0,0.0,0.0
2023-05-09,0.0,1.122016762508975e-05,-1.122016762508975e-05,120.68551068782195,-0.0,-0.0,-0.0,0.0
2023-05-10,0.0,1.75281542035749e-08,-1.75281542035749e-08,120.68550857242771,-0.0,0.0,0.0,-0.0
2023-05-11,0.000219202942832769,0.0,0.000219202942832769,120.71196319106406,0.0016684600274869843,-0.0,0.0,0.0
2023-05-12,-1.3117208834130893e-05,4.1661976622467405e-08,-1.315887081075336e-05,120.71037475793511,-0.0001,0.0,-0.0,-0.0
2023-05-15,-0.0007276502279755066,2.9506882904539736e-09,-0.0007276531786637971,120.6225394700448,-0.005547918677450203,0.0,-0.0,-0.0
2023-05-16,0.002209538136360905,1.0018516256398657e-06,0.002208536284735265,120.88893872522131,0.001935433839248546,0.0,0.005862104560102377,0.0
2023-05-17,-4.232794994029899e-05,9.337585304067256e-06,-5.1665535244366245e-05,120.88269293349694,-0.0001,0.0,-0.0001,-0.0
2023-05-18,0.0,4.7110168953606313e-07,-4.7110168953606313e-07,120.88263598545606,-0.0,0.0,-0.0,-0.0
2023-05-19,0.0,4.5967643547784934e-06,-4.5967643547784934e-06,120.88208031646384,-0.0,0.0,-0.0,-0.0
2023-05-22,0.0017467115638891252,1.3413989683308536e-08,0.001746698149899442,121.09322482250859,0.004294152576518539,-0.0,0.003825194079574146,0.0
2023-05-23,-4.252241431419803e-05,3.332731031045605e-06,-4.585514534524364e-05,121.08767207508404,-0.0001,0.0,-0.0001,-0.0
2023-05-24,0.0,1.3781164332934971e-08,-1.3781164332934971e-08,121.08767040635493,-0.0,-0.0,-0.0,-0.0
2023-05-25,0.0,3.6708474327543094e-08,-3.6708474327543094e-08,121.08766596141129,-0.0,0.0,-0.0,-0.0
2023-05-26,-4.5615407963321256e-05,0.00014461695332140164,-0.0001902323612847229,121.064631168793,-0.0,0.0,-0.004362171486322353,-0.0
2023-05-29,0.0007970249284712934,0.00016963770924583254,0.0006273872192254608,121.14058557108855,-0.00022871945594561395,0.0,0.0023212236349843263,0.0
2023-05-30,-5.499755946266515e-05,9.465886047275024e-07,-5.594414806739265e-05,121.13380846423239,-0.0001,-0.0,-0.0001,0.0
2023-05-31,0.0,9.830806437791106e-09,-9.830806437791106e-09,121.13380727338937,0.0,-0.0,0.0,-0.0
2023-06-01,0.0,0.0,0.0,121.13380727338937,-0.0,-0.0,0.0,-0.0
2023-06-02,0.0,9.935886424792201e-06,-9.935886424792201e-06,121.13260370163808,0.0,-0.0,0.0,0.0
2023-06-05,0.0,1.1025293248298486e-08,-1.1025293248298486e-08,121.1326023661156,-0.0,0.0,-0.0,0.0
2023-06-06,0.0,8.28672800489829e-06,-8.28672800489829e-06,121.13159857318728,0.0,-0.0,0.0,0.0
2023-06-07,0.0,3.874307928089515e-09,-3.874307928089515e-09,121.13159810388616,-0.0,0.0,-0.0,0.0
2023-06-08,0.0,0.0,0.0,121.13159810388616,0.0,0.0,0.0,-0.0
2023-06-09,0.0,0.0,0.0,121.13159810388616,0.0,-0.0,0.0,0.0
2023-06-12,0.0006234026424945981,0.0,0.0006234026424945981,121.2071118622337,0.002845761613426079,0.0,0.0,0.0
2023-06-13,-2.1665045046278123e-05,4.82619977987514e-07,-2.2147665024265636e-05,121.20442740772161,-0.0001,0.0,-0.0,0.0
2023-06-14,0.0,0.0,0.0,121.20442740772161,0.0,0.0,0.0,0.0
2023-06-15,0.0,0.0,0.0,121.20442740772161,0.0,-0.0,0.0,0.0
2023-06-16,-0.00207769667411966,0.0,-0.00207769667411966,120.95260137200803,-0.009590087025812998,0.0,0.0,0.0
2023-06-19,6.613842935771374e-05,5.5514612936097166e-06,6.058696806410402e-05,120.95992952340463,0.0003501367384702858,0.0,0.0,-0.0
2023-06-20,0.0003074535213937852,2.190582445316114e-09,0.0003074513308113399,120.99711881471144,0.0016277528317081291,0.0,-0.0,-0.0
2023-06-21,-1.8835999654359035e-05,1.0443890778314425e-07,-1.894043856214218e-05,120.99482707621634,-0.0001,-0.0,-0.0,-0.0
2023-06-22,0.0,4.334790417347467e-07,-4.334790417347467e-07,120.99477462749464,0.0,0.0,0.0,0.0
2023-06-23,0.0,1.3053500730803025e-09,-1.3053500730803025e-09,120.99477446955412,-0.0,0.0,-0.0,-0.0
2023-06-26,0.0,0.0,0.0,120.99477446955412,-0.0,0.0,-0.0,-0.0
2023-06-27,0.0,0.0,0.0,120.99477446955412,0.0,-0.0,-0.0,-0.0
2023-06-28,0.0,0.0,0.0,120.99477446955412,0.0,0.0,0.0,0.0
2023-06-29,0.0,0.0,0.0,120.99477446955412,-0.0,0.0,-0.0,-0.0
2023-06-30,-0.0009247258052617418,0.0,-0.0009247258052617418,120.8828874793003,-0.0,0.0,-0.0023074738798919523,0.0
2023-07-03,0.003123820090503586,1.8321933574484918e-06,0.003121987897146138,121.26028239098277,0.003532209849898205,-0.0,0.006232325992891363,0.0
2023-07-04,-5.556818173955208e-05,9.27155240176257e-06,-6.483973414131466e-05,121.25241990651064,-0.0001,0.0,-0.0001,0.0
2023-07-05,0.0,1.4117242900267974e-06,-1.4117242900267974e-06,121.25224873152422,-0.0,-0.0,0.0,0.0
2023-07-06,0.0,2.153010706756886e-09,-2.153010706756886e-09,121.25224847046685,-0.0,0.0,-0.0,-0.0
2023-07-07,0.0006605009969704875,0.0,0.0006605009969704875,121.3323357014665,0.0030365420823148417,-0.0,0.0,-0.0
2023-07-10,-2.1510048948591283e-05,4.833991112941804e-07,-2.1993448059885463e-05,121.32966718504328,-0.0001,-0.0,0.0,0.0
2023-07-11,-0.000731698207240731,2.62850661026659e-09,-0.0007317008357473413,121.24089016616304,-0.0034018654170349214,-0.0,0.0,-0.0
2023-07-12,-0.00015610296599276492,7.035055357700438e-07,-0.00015680647152853497,121.2218788099711,-0.0007378319201123418,-0.0,0.0,0.0
2023-07-13,-0.002597078588130624,1.5307257358454063e-06,-0.0025986093138664697,120.90687050665112,-0.011846719009202866,-0.0,0.0,0.0
2023-07-14,-0.002202489797014435,5.172985883453884e-06,-0.002207662782897889,120.63994890843695,-0.007081930556925409,-0.001835209405543281,0.0,0.0
2023-07-17,0.0019254734953546011,1.4689995643559217e-06,0.0019240044957902452,120.87206071250868,-0.00038184037288013783,0.004396233214640999,-0.0,-0.0
2023-07-18,-0.00021452261298933033,6.11350320204615e-06,-0.00022063611619137647,120.84539197047704,-0.0008764642952545643,-0.0001,-0.0,-0.0
2023-07-19,-1.963568605144543e-05,1.4989077735155788e-08,-1.9650675129180588e-05,120.84301727693855,-0.0001,0.0,-0.0,0.0
2023-07-20,0.0,1.2687489601342916e-09,-1.2687489601342916e-09,120.8430171236191,-0.0,0.0,-0.0,-0.0
2023-07-21,0.0,0.0,0.0,120.8430171236191,-0.0,0.0,-0.0,0.0
2023-07-24,0.0,0.0,0.0,120.8430171236191,-0.0,0.0,-0.0,-0.0
2023-07-25,0.0,2.2487324987239795e-06,-2.2487324987239795e-06,120.84274537999926,-0.0,-0.0,-0.0,0.0
2023-07-26,0.0,2.5233529871715455e-09,-2.5233529871715455e-09,120.84274507507035,-0.0,-0.0,0.0,0.0
2023-07-27,0.0005035900098287866,0.0,0.0005035900098287866,120.90360027425045,0.002425837950030141,-0.0,0.0,-0.0
2023-07-28,-2.0599218628139434e-05,3.2041274130893694e-07,-2.0919631369448372e-05,120.90107101550147,-0.0001,-0.0,-0.0,-0.0
2023-07-31,0.0005826201594794253,3.4983380142238556e-05,0.0005476367793371867,120.9672808886508,0.004045109563362004,0.0,0.0,-0.0
2023-08-01,-1.4111665668180185e-05,5.82818428106982e-07,-1.4694484096287167e-05,120.96550333686562,-0.0001,0.0,-0.0,0.0
2023-08-02,0.0,1.130655958317406e-09,-1.130655958317406e-09,120.96550320009524,0.0,0.0,-0.0,-0.0
2023-08-03,0.0,0.0,0.0,120.96550320009524,-0.0,0.0,-0.0,-0.0
2023-08-04,-2.832606412388208e-05,0.0,-2.832606412388208e-05,120.96207672349483,0.0005790391062911904,-0.0,-0.00041788194659210233,0.0
2023-08-07,0.0006399181380278218,5.598205701249082e-08,0.0006398621559708092,121.03947577869785,-0.0001,-0.0,0.002485929813496268,0.0
2023-08-08,-2.5883317866270166e-05,8.516144172084157e-07,-2.673493228347858e-05,121.03623979650928,0.0,0.0,-0.0001,-0.0
2023-08-09,0.0,1.1092028943040234e-07,-1.1092028943040234e-07,121.03622637113453,-0.0,0.0,-0.0,-0.0
2023-08-10,0.0,1.2636316575997953e-09,-1.2636316575997953e-09,121.03622621818933,0.0,0.0,-0.0,0.0
2023-08-11,0.0,9.133565132021043e-07,-9.133565132021043e-07,121.03611566896377,0.0,0.0,-0.0,-0.0
2023-08-14,0.0005377227166362922,6.126823010864926e-06,0.0005315958936254273,121.10045797103378,-0.0,-0.0,0.0018678323623226745,-0.0
2023-08-15,-2.845344349359122e-05,6.703054293390188e-07,-2.912374892293024e-05,121.09693107170136,-0.0,0.0,-0.0001,-0.0
2023-08-16,-8.871377514759043e-05,8.69408790480919e-09,-8.872246923549524e-05,121.08618705295984,-0.0006233900728965902,0.0,0.0,-0.0
2023-08-17,-0.00038219427864559134,4.553453953115572e-09,-0.0003821988320995445,121.03990805368481,-0.0026861019315007617,0.0,0.0,-0.0
2023-08-18,-3.069872831347262e-06,3.1870392401079973e-06,-6.2569120714552595e-06,121.03915071762299,-2.170454328709326e-05,-0.0,0.0,-0.0
2023-08-21,-1.4142489693075428e-05,7.771079339952136e-09,-1.415026077241538e-05,121.03743798207667,-0.0001,-0.0,-0.0,0.0
2023-08-22,0.0,1.8432331173490192e-09,-1.8432331173490192e-09,121.03743775897647,0.0,0.0,0.0,-0.0
2023-08-23,0.0,0.0,0.0,121.03743775897647,-0.0,-0.0,-0.0,0.0
2023-08-24,0.0,6.435806387401358e-06,-6.435806387401358e-06,121.03665878546141,0.0,-0.0,-0.0,0.0
2023-08-25,0.0,1.915376696894136e-06,-1.915376696894136e-06,121.0364269546657,-0.0,0.0,-0.0,-0.0
2023-08-28,-0.00015526416683319394,1.5016081078811363e-08,-0.00015527918291427276,121.01763251718532,-0.00026204929212715324,0.0,-0.0003518064986334334,0.0
2023-08-29,0.000929191652769277,8.843845883931279e-08,0.0009291032143104377,121.13007038854526,0.0026089969157068182,-0.0,0.0017025838539828086,0.0
2023-08-30,-4.7005135479488245e-05,9.730794725527958e-07,-4.7978214952041044e-05,121.124258783991,-0.0001,-0.0,-0.0001,0.0
2023-08-31,0.0,1.583147952941566e-08,-1.583147952941566e-08,121.12425686641477,0.0,0.0,0.0,0.0
2023-09-01,0.0010606426427657108,0.0,0.0010606426427657108,121.25272641832059,0.007989840838697682,-0.0,-0.0,0.0
2023-09-04,-1.2320546685894559e-05,1.908688136464108e-06,-1.4229234822358666e-05,121.25100108480353,-0.0001,0.0,-0.0,-0.0
2023-09-05,0.0,5.107444349602974e-10,-5.107444349602974e-10,121.25100102287524,0.0,0.0,0.0,0.0
2023-09-06,0.0,0.0,0.0,121.25100102287524,-0.0,0.0,-0.0,-0.0
2023-09-07,-3.479133379665448e-05,0.0,-3.479133379665448e-05,121.24678253882549,-0.00028237880644911274,0.0,-0.0,0.0
2023-09-08,-0.0006921424499153195,2.3394105457473086e-07,-0.0006923763909698942,121.16283412911454,-0.0001,-0.0,-0.0019961894232287778,-0.0
2023-09-11,0.00039751357722480983,1.722168090676242e-06,0.0003957914091341336,121.2107893379692,0.0,-0.0,0.001197725983343556,0.0
2023-09-12,-3.2979500067836766e-05,4.190500616038512e-07,-3.339855012944062e-05,121.20674107334528,0.0,-0.0,-0.0001,0.0
2023-09-13,0.0,1.2680873008860671e-08,-1.2680873008860671e-08,121.20673953633798,0.0,0.0,-0.0,-0.0
2023-09-14,0.0,2.7810416243667982e-06,-2.7810416243667982e-06,121.20640245535019,-0.0,0.0,-0.0,-0.0
2023-09-15,0.0,5.83546655143763e-09,-5.83546655143763e-09,121.20640174805428,-0.0,0.0,-0.0,0.0
2023-09-18,0.0003976965597452385,1.0595614212162153e-07,0.0003975906036031169,121.25459227448584,0.002823086612704795,0.0,-0.0,0.0
2023-09-19,-1.3935869337302499e-05,3.0285277827331313e-07,-1.4238722115575813e-05,121.25286576404122,-0.0001,-0.0,-0.0,-0.0
2023-09-20,0.0,1.069093104488772e-10,-1.069093104488772e-10,121.25286575107816,-0.0,0.0,0.0,0.0
2023-09-21,0.0,0.0,0.0,121.25286575107816,-0.0,0.0,-0.0,-0.0
2023-09-22,0.0,0.0,0.0,121.25286575107816,0.0,-0.0,-0.0,-0.0
2023-09-25,0.0,0.0,0.0,121.25286575107816,-0.0,0.0,-0.0,0.0
2023-09-26,0.0,0.0,0.0,121.25286575107816,-0.0,0.0,-0.0,-0.0
2023-09-27,-0.0003055789479381474,0.0,-0.0003055789479381474,121.21581342792747,-0.002192759652620346,0.0,-0.0,-0.0
2023-09-28,-0.0008271064698756466,2.3289249686641037e-06,-0.0008294353948443107,121.11527274185549,-0.006071963299337679,0.0,-0.0,-0.0
2023-09-29,0.0005752380194161157,2.7116201330803753e-05,0.0005481218180853119,121.18165866534866,0.005439666364406293,-0.0,0.0,0.0
2023-10-02,-1.0181314870580458e-05,7.871239709456538e-07,-1.0968438841526112e-05,121.1803294917369,-0.0001,0.0,-0.0,0.0
2023-10-03,0.0,4.014126691029296e-10,-4.014126691029296e-10,121.18032944309358,-0.0,0.0,-0.0,-0.0
2023-10-04,-9.228778512654737e-05,0.0,-9.228778512654737e-05,121.16914597888837,-0.0009064248286944187,-0.0,-0.0,-0.0
2023-10-05,-1.0296984492959614e-05,2.3093783208920776e-07,-1.0527922325048822e-05,121.16787031953132,-0.0001,-0.0,0.0,0.0
2023-10-06,0.0,0.0,0.0,121.16787031953132,0.0,-0.0,0.0,0.0
2023-10-09,0.0,2.562332672861975e-07,-2.562332672861975e-07,121.16783927229203,0.0,0.0,0.0,0.0
2023-10-10,0.0,8.507430406144712e-09,-8.507430406144712e-09,121.16783824146506,0.0,-0.0,0.0,0.0
2023-10-11,-0.0015847692793660203,4.821977223082272e-06,-0.0015895912565891026,120.97523090521662,0.0,0.0,-0.0034432982571000023,0.0
2023-10-12,-0.0007617198082398039,1.7082739425787242e-05,-0.0007788025476655911,120.88101508718321,0.0,0.0,-0.0020321536697283094,-0.0
2023-10-13,0.00017875007899731564,0.00010088271776901825,7.786736122829739e-05,120.89042777285064,-0.0,0.0,0.010806558346849182,-0.0
2023-10-16,-5.223081610338998e-05,0.0001702482626162893,-0.00022247907871967928,120.8635321818537,-0.0,-0.0,-0.0001,-0.0
2023-10-17,0.0,1.3248490310918681e-08,-1.3248490310918681e-08,120.86353058059439,0.0,0.0,0.0,0.0
2023-10-18,0.0,0.0,0.0,120.86353058059439,0.0,0.0,-0.0,0.0
2023-10-19,0.0,0.0,0.0,120.86353058059439,-0.0,-0.0,-0.0,-0.0
2023-10-20,0.0,0.0,0.0,120.86353058059439,0.0,0.0,-0.0,-0.0
2023-10-23,0.0,0.0,0.0,120.86353058059439,0.0,0.0,0.0,-0.0
2023-10-24,0.0,0.0,0.0,120.86353058059439,0.0,-0.0,0.0,0.0
2023-10-25,0.0033127786534569263,7.167019091210536e-07,0.0033120619515478052,121.26383808156011,0.006882386055249034,0.0,-0.0,0.0
2023-10-26,-4.529874427109224e-05,5.670829650467558e-06,-5.09695739215598e-05,121.25765731540102,-0.0001,0.0,-0.0,-0.0
2023-10-27,0.0,1.7011302206747016e-06,-1.7011302206747016e-06,121.25745104033567,-0.0,0.0,0.0,0.0
2023-10-30,0.0,5.9899275177299764e-09,-5.9899275177299764e-09,121.25745031401232,-0.0,-0.0,-0.0,0.0
2023-10-31,0.0,0.0,0.0,121.25745031401232,0.0,-0.0,0.0,0.0
2023-11-01,0.0,0.0,0.0,121.25745031401232,-0.0,0.0,-0.0,-0.0
2023-11-02,0.0,3.6220192563501954e-08,-3.6220192563501954e-08,121.25744592204413,0.0,-0.0,0.0,0.0
2023-11-03,-0.00023132771104822646,9.270984985622122e-07,-0.00023225480954678867,121.22928329703538,0.0,-0.0,0.0,-0.0009253108441929058
2023-11-06,-0.012131743400670551,0.00015030798777773314,-0.012282051388448284,119.74033900979644,0.0,-0.0,0.0,-0.013840491302714586
2023-11-07,0.00243411706031804,0.00011098301614897977,0.00232313404416906,120.01851186781043,0.0008864732863564817,0.0,0.0021839366717452016,0.004211557045941228
2023-11-08,0.005224745110655672,1.762192968436127e-06,0.005222982917687236,120.64536650510225,0.0023744990630868434,0.0,0.004351219146677687,0.009141084510324249
2023-11-09,-0.00010000000000000002,5.726762065588692e-06,-0.00010572676206558872,120.63261106114345,-0.0001,0.0,-0.0001,-0.0001
2023-11-10,0.0,3.874849011762938e-07,-3.874849011762938e-07,120.63256431782807,-0.0,0.0,-0.0,-0.0
2023-11-13,0.0,6.955347643550214e-09,-6.955347643550214e-09,120.63256347878666,0.0,0.0,0.0,0.0
2023-11-14,0.0,7.419406860579847e-08,-7.419406860579847e-08,120.63255452856598,0.0,0.0,0.0,0.0
2023-11-15,0.0,9.531855564874293e-07,-9.531855564874293e-07,120.63243954335736,0.0,-0.0,0.0,0.0
2023-11-16,0.00017765936830348899,1.4808071922500778e-09,0.00017765788749629673,120.65387084773016,0.0020817144951142843,0.0,-0.0,-0.0018946031322748635
2023-11-17,0.0017793232453154498,3.147819592375312e-07,0.0017790084633562122,120.86851510510496,7.599816506165258e-05,-0.0,-0.0,0.006248256211183523
2023-11-20,-6.14233903491994e-05,2.463440710781667e-06,-6.388683105998106e-05,120.86079319869998,-0.0001,-0.0,0.0,-0.0001
2023-11-21,0.0,7.909406997214098e-09,-7.909406997214098e-09,120.86079224276278,0.0,-0.0,0.0,0.0
2023-11-22,-0.00020522709864525236,0.0,-0.00020522709864525236,120.83598833303084,-0.0,-0.0015155020460653312,0.0,0.0006471464191772803
2023-11-23,0.006756493384410351,0.0001281968250278183,0.006628296559382533,121.63692509874824,-0.0,0.008828864811831316,-0.0,-0.0001
2023-11-24,-3.5566829429993456e-05,8.206316616783136e-05,-0.00011762999559782481,121.62261694778434,0.0,-0.0001,0.0,0.0
2023-11-27,0.0,4.992908780715372e-07,-4.992908780715372e-07,121.62255622272113,0.0,-0.0,0.0,0.0
2023-11-28,0.0,7.684169080363069e-09,-7.684169080363069e-09,121.62255528815284,0.0,-0.0,0.0,0.0
2023-11-29,0.0,0.0,0.0,121.62255528815284,0.0,-0.0,0.0,0.0
2023-11-30,0.0006416118903433874,6.678612102944218e-06,0.0006349332782404431,121.69977749588993,0.002830098224145139,-0.0002632094722502364,-0.0,-0.0
2023-12-01,-5.9423952748831235e-05,9.243973974034786e-07,-6.034835014623471e-05,121.69243311510489,-0.0001,-0.0001,-0.0,-0.0
2023-12-04,0.0,9.259468532080151e-09,-9.259468532080151e-09,121.69243198829764,-0.0,-0.0,0.0,0.0
2023-12-05,0.0,0.0,0.0,121.69243198829764,-0.0,0.0,-0.0,-0.0
2023-12-06,-0.0010577448561201442,2.622229246583008e-08,-0.00105777107841261,121.56370925327873,-0.004169243241751064,-0.0,-0.0,-0.0
2023-12-07,-0.0006027306485669256,2.4794113899173575e-06,-0.000605210059956843,121.49013767351298,-0.0024977977499496262,-0.0,-0.0,-0.0
2023-12-08,0.0005609341125296349,7.933150108370535e-07,0.0005601407975187978,121.5581892561201,0.00236343746955181,-0.0,0.0,0.0
2023-12-11,0.0016382123620443377,5.252998065040204e-07,0.0016376870622378337,121.75726352997391,-0.0001,0.004786412562214337,-0.0,-0.0
2023-12-12,-3.205897078173382e-05,5.31541862110064e-06,-3.737438940283446e-05,121.75271292659411,0.0,-0.0001,-0.0,-0.0
2023-12-13,0.0,1.0076695252356217e-08,-1.0076695252356217e-08,121.75271169972912,0.0,-0.0,0.0,-0.0
2023-12-14,0.0,0.0,0.0,121.75271169972912,0.0,-0.0,0.0,0.0
2023-12-15,-0.0011351230032455237,7.923982502126032e-07,-0.0011359154014957363,121.61441091933554,0.0,-0.00355995429406154,0.0,0.0
2023-12-18,0.0022094061436362523,2.7420952639713615e-06,0.002206664048372281,121.8827730676752,0.008845032271384546,-0.0001,-0.0,-0.0
2023-12-19,-2.197108101204164e-05,6.705951273251887e-06,-2.8677032285293525e-05,121.87927783145693,-0.0001,0.0,-0.0,0.0
2023-12-20,0.0,4.123292120769562e-09,-4.123292120769562e-09,121.87927732891306,0.0,0.0,0.0,0.0
2023-12-21,0.0,0.0,0.0,121.87927732891306,-0.0,-0.0,-0.0,-0.0
2023-12-22,0.0,0.0,0.0,121.87927732891306,0.0,-0.0,0.0,0.0
2023-12-25,0.0,0.0,0.0,121.87927732891306,0.0,0.0,-0.0,0.0
2023-12-26,0.0,4.2719836200019736e-07,-4.2719836200019736e-07,121.87922526228543,-0.0,-0.0,0.0,-0.0
2023-12-27,0.0,3.3594623212490876e-06,-3.3594623212490876e-06,121.8788158136204,0.0,0.0,0.0,0.0
2023-12-28,0.0,2.6446551801702747e-06,-2.6446551801702747e-06,121.87849348617881,0.0,-0.0,0.0,0.0
2023-12-29,0.0008920288298282601,7.477476017536678e-09,0.0008920213523522427,121.987211704761,0.003541424869924248,0.0,-0.0,-0.0
2024-01-01,-2.4635428799103095e-05,1.1059744731934218e-06,-2.5741403272296517e-05,121.98407158275045,-0.0001,-0.0,-0.0,-0.0
2024-01-02,0.0,1.428352411524253e-07,-1.428352411524253e-07,121.98405415912616,-0.0,0.0,-0.0,-0.0
2024-01-03,0.0,8.489554852653125e-09,-8.489554852653125e-09,121.98405312353584,-0.0,0.0,-0.0,-0.0
2024-01-04,0.0007096293159150572,0.0,0.0007096293159150572,122.07061658370644,-0.0013785158887330673,0.0,0.00395590630731778,-0.0
2024-01-05,0.0004202601839865985,1.5666990560424367e-06,0.0004186934849305561,122.12172675557149,0.0017953771819319009,0.0,-0.0001,-0.0
2024-01-08,-2.4743377093275805e-05,1.9933927807501973e-07,-2.4942716371350826e-05,122.11868070797824,-0.0001,-0.0,0.0,0.0
2024-01-09,0.0,1.6498351016594776e-06,-1.6498351016594776e-06,122.11847923229224,0.0,-0.0,0.0,0.0
2024-01-10,0.0,6.999559031898112e-07,-6.999559031898112e-07,122.1183937547418,-0.0,0.0,-0.0,-0.0
2024-01-11,0.00039505245795657057,3.0738223273962845e-05,0.00036431423468260773,122.16288322390324,0.0,0.0,0.0,0.0027867410445714283
2024-01-12,-1.4041867080532294e-05,2.685563200429342e-07,-1.4310423400575229e-05,122.16113502132046,0.0,-0.0,0.0,-0.0001
2024-01-15,0.0,1.021952683588623e-09,-1.021952683588623e-09,122.16113489647758,-0.0,0.0,-0.0,-0.0
2024-01-16,0.0,0.0,0.0,122.16113489647758,0.0,0.0,-0.0,-0.0
2024-01-17,-0.0013125137866456748,0.0,-0.0013125137866456748,122.00079672273367,-0.0,0.0,-0.0,-0.009347485933028709
2024-01-18,0.00065510474163422,2.6322565775661447e-06,0.0006524724850566538,122.08039888575027,0.0005421361876616238,0.0,0.0029298102694741315,-0.005600696197149757
2024-01-19,-0.00017812309692212565,4.057074806764399e-06,-0.00018218017172889005,122.05815825771653,-0.0006091998707791202,0.0,-0.0001,-0.0001
2024-01-22,-2.0363885492062942e-05,6.284255426937669e-08,-2.0426728046332318e-05,122.05566500891196,-0.0001,-0.0,-0.0,0.0
2024-01-23,0.0,4.504284650328685e-06,-4.504284650328685e-06,122.05511523545358,-0.0,0.0,0.0,-0.0
2024-01-24,0.0,7.498349244765279e-09,-7.498349244765279e-09,122.0551143202417,-0.0,0.0,-0.0,0.0
2024-01-25,0.0,0.0,0.0,122.0551143202417,0.0,-0.0,0.0,-0.0
2024-01-26,0.0,0.0,0.0,122.0551143202417,-0.0,0.0,-0.0,0.0
2024-01-29,0.0,0.0,0.0,122.0551143202417,-0.0,0.0,-0.0,-0.0
2024-01-30,0.0,0.0,0.0,122.0551143202417,-0.0,-0.0,0.0,0.0
2024-01-31,0.000163791647577514,0.0,0.000163791647577514,122.07510592851145,0.0007241081449942289,-0.0,-0.0,-0.0
2024-02-01,-2.2608546029675103e-05,2.2461924349133357e-08,-2.2631007954024237e-05,122.07234324581819,-0.0001,-0.0,-0.0,-0.0
2024-02-02,0.00345130566940504,6.449910852800941e-06,0.003444855758552239,122.49286486040852,0.006446518613900431,-0.0,0.0053304216820457715,0.0
2024-02-05,-5.575150823503662e-05,8.874374924396122e-06,-6.462588315943274e-05,122.48494865083617,-0.0001,0.0,-0.0001,-0.0
2024-02-06,-0.0032728578533491024,7.928798398703605e-06,-0.003280786651747806,122.08310166626248,-0.003644747978426521,0.0,-0.007031576840229714,-0.0
2024-02-07,0.00027487336539375044,1.4815219220898937e-05,0.0002600581461728515,122.11485037136084,0.001430711534839757,-0.0,-0.0001,0.0
2024-02-08,-2.118249303679476e-05,1.1146759541312002e-07,-2.129396063220788e-05,122.11225006254442,-0.0001,0.0,0.0,-0.0
2024-02-09,0.0,5.715485684112954e-09,-5.715485684112954e-09,122.11224936461362,0.0,0.0,-0.0,-0.0
2024-02-12,0.0,0.0,0.0,122.11224936461362,0.0,-0.0,0.0,0.0
2024-02-13,0.0,0.0,0.0,122.11224936461362,-0.0,0.0,-0.0,0.0
2024-02-14,0.0,4.475374341708277e-07,-4.475374341708277e-07,122.11219471481085,-0.0,0.0,-0.0,-0.0
2024-02-15,0.0004253315427667918,5.14888998746961e-06,0.0004201826527793222,122.16350414072284,0.002067910845264354,-0.0,-0.0,0.0
2024-02-16,-2.0433316773460455e-05,2.6971851011560465e-07,-2.070303528357606e-05,122.16097498538625,-0.0001,-0.0,0.0,0.0
2024-02-19,0.0,5.541843830200732e-09,-5.541843830200732e-09,122.16097430838919,0.0,0.0,0.0,0.0
2024-02-20,0.0,4.284184463917013e-07,-4.284184463917013e-07,122.16092197237435,-0.0,0.0,-0.0,-0.0
2024-02-21,0.0,2.5023215069290828e-05,-2.5023215069290828e-05,122.15786511335078,0.0,-0.0,0.0,0.0
2024-02-22,0.0,7.969131019067155e-09,-7.969131019067155e-09,122.15786413985875,0.0,0.0,0.0,-0.0
2024-02-23,0.0,0.0,0.0,122.15786413985875,0.0,0.0,0.0,0.0
2024-02-26,0.0,0.0,0.0,122.15786413985875,-0.0,0.0,0.0,0.0
2024-02-27,0.0,0.0,0.0,122.15786413985875,0.0,0.0,0.0,-0.0
2024-02-28,0.0,4.813819918841777e-07,-4.813819918841777e-07,122.15780533526276,-0.0,-0.0,-0.0,0.0
2024-02-29,0.0,8.585164127861145e-09,-8.585164127861145e-09,122.15780428651797,-0.0,0.0,-0.0,-0.0
2024-03-01,0.0,0.0,0.0,122.15780428651797,-0.0,-0.0,-0.0,0.0
2024-03-04,0.0,0.0,0.0,122.15780428651797,0.0,0.0,0.0,0.0
2024-03-05,0.0,1.6253054070969636e-06,-1.6253054070969636e-06,122.15760574277814,0.0,0.0,0.0,-0.0
2024-03-06,0.0,7.224335850489955e-07,-7.224335850489955e-07,122.15751749202109,0.0,-0.0,0.0,-0.0
2024-03-07,0.0,3.961073279322214e-07,-3.961073279322214e-07,122.15746910453325,0.0,-0.0,0.0,0.0
2024-03-08,-0.0006941874611749717,2.577486428030337e-05,-0.000719962325455275,122.06952032900502,-0.00474290604729456,-0.0,0.0,0.0
2024-03-11,-0.0037910880159483153,1.8433627164895468e-06,-0.003792931378664805,121.60651901497057,0.0006565677953876969,-0.007498451109246529,0.0,0.0
2024-03-12,0.00011538394450684593,4.020797793093847e-05,7.517596657590747e-05,121.61566090257945,0.0010603929401840073,-0.00028620495247888567,-0.0,-0.0
2024-03-13,0.0018950212606194462,5.5137780745911914e-08,0.0018949661228387002,121.84611845999646,-0.0001,0.0060450937727349885,-0.0,-0.0
2024-03-14,-2.8240772091891798e-05,6.8563916687961245e-06,-3.5097163760687925e-05,121.84184200682327,0.0,-0.0001,0.0,0.0
2024-03-15,0.0,9.564230300135999e-06,-9.564230300135999e-06,121.84067668338612,-0.0,0.0,-0.0,-0.0
2024-03-18,0.0,5.891366550186961e-09,-5.891366550186961e-09,121.84067596557804,-0.0,0.0,-0.0,-0.0
2024-03-19,0.0,0.0,0.0,121.84067596557804,-0.0,0.0,-0.0,-0.0
2024-03-20,0.0,0.0,0.0,121.84067596557804,-0.0,0.0,-0.0,-0.0
2024-03-21,0.0,0.0,0.0,121.84067596557804,0.0,-0.0,0.0,0.0
2024-03-22,0.0,0.0,0.0,121.84067596557804,-0.0,0.0,-0.0,-0.0
2024-03-25,-0.0013059076433606324,0.0,-0.0013059076433606324,121.68156329556237,-0.0,-0.0,-0.005151789361340986,-0.0
2024-03-26,0.0014447423752120133,4.3090907294299485e-06,0.0014404332844825834,121.85683746944119,0.0027396139828046342,0.0,0.0031721459037605815,0.0
2024-03-27,-4.8216240936810136e-05,1.7142348355217747e-06,-4.993047577233191e-05,121.85075309957023,-0.0001,0.0,-0.0001,0.0
2024-03-28,0.0,2.1448564743289824e-06,-2.1448564743289824e-06,121.85049174719353,-0.0,-0.0,-0.0,-0.0
2024-03-29,0.0,5.902726724860141e-09,-5.902726724860141e-09,121.85049102794339,-0.0,0.0,0.0,-0.0
2024-04-01,0.0,0.0,0.0,121.85049102794339,-0.0,-0.0,0.0,0.0
2024-04-02,0.0,0.0,0.0,121.85049102794339,-0.0,0.0,-0.0,-0.0
2024-04-03,0.0007448198889803175,1.963207254730806e-06,0.0007428566817255866,121.94100847937503,0.0028182757337018474,-0.0,0.0,0.0
2024-04-04,-2.5990788036441288e-05,8.748481636477207e-07,-2.6865636200089007e-05,121.93773245660336,-0.0001,0.0,0.0,0.0
2024-04-05,0.0,0.0,0.0,121.93773245660336,-0.0,-0.0,-0.0,0.0
2024-04-08,0.0,0.0,0.0,121.93773245660336,-0.0,0.0,-0.0,-0.0
2024-04-09,0.0,0.0,0.0,121.93773245660336,0.0,0.0,0.0,0.0
2024-04-10,0.0,1.3608182537648479e-06,-1.3608182537648479e-06,121.9375665215112,-0.0,-0.0,0.0,0.0
2024-04-11,0.0,6.02509686630226e-09,-6.02509686630226e-09,121.93756578682556,-0.0,0.0,-0.0,-0.0
2024-04-12,0.0,0.0,0.0,121.93756578682556,-0.0,0.0,0.0,0.0
2024-04-15,0.0,0.0,0.0,121.93756578682556,-0.0,0.0,-0.0,-0.0
2024-04-16,-0.0004927393671925855,2.783107130029635e-05,-0.0005205704384928819,121.87408869473515,-0.002342108544694643,0.0,-0.0,-0.0
2024-04-17,-3.767592732148033e-06,0.00011830969169763348,-0.00012207728442978152,121.85921063694494,-0.00040354405243714364,0.0,-0.0,-0.0
2024-04-18,-3.294608032284942e-05,0.00016932796904726684,-0.00020227404937011627,121.83456168095637,-0.0001,-0.0,0.0,0.0
2024-04-19,0.0,0.0,0.0,121.83456168095637,-0.0,0.0,-0.0,-0.0
2024-04-22,0.0,0.0,0.0,121.83456168095637,0.0,0.0,-0.0,0.0
2024-04-23,0.0,0.0,0.0,121.83456168095637,-0.0,0.0,-0.0,0.0
2024-04-24,0.0,0.0,0.0,121.83456168095637,0.0,-0.0,0.0,0.0
2024-04-25,0.0,0.0,0.0,121.83456168095637,-0.0,0.0,0.0,0.0
2024-04-26,0.0,0.0,0.0,121.83456168095637,0.0,0.0,0.0,0.0
2024-04-29,0.0005979705468192921,0.0,0.0005979705468192921,121.90741516042623,0.002020068399481645,0.0,-0.00021254727748033488,0.0
2024-04-30,-6.455625516969174e-05,6.682165188394318e-07,-6.522447168853117e-05,121.89946381367747,-0.0001,-0.0,-0.0001,0.0
2024-05-01,0.0,6.604404328369729e-10,-6.604404328369729e-10,121.89946373317014,-0.0,0.0,-0.0,-0.0
2024-05-02,0.0,8.534853985604063e-06,-8.534853985604063e-06,121.89842333904626,0.0,-0.0,0.0,0.0
2024-05-03,0.0,7.504859114937368e-09,-7.504859114937368e-09,121.89842242421578,0.0,-0.0,0.0,0.0
2024-05-06,0.0,1.6649694918098986e-05,-1.6649694918098986e-05,121.89639285267143,0.0,0.0,0.0,0.0
2024-05-07,-0.0003276554999479906,7.659779448146332e-07,-0.00032842147789280526,121.85635945918094,-0.000972174615762722,0.0,0.0,0.0
2024-05-08,0.0005293102736270961,4.183012804739261e-07,0.0005288919723466221,121.92080830947828,0.0015803038824503401,0.0,-0.0,-0.0
2024-05-09,-3.30265552517501e-05,9.353060289421567e-07,-3.3961861280692256e-05,121.91666765189923,-0.0001,0.0,-0.0,-0.0
2024-05-10,0.0,8.635004634455213e-09,-8.635004634455213e-09,121.91666659914826,0.0,-0.0,0.0,0.0
2024-05-13,0.0,0.0,0.0,121.91666659914826,-0.0,0.0,-0.0,-0.0
2024-05-14,0.0,0.0,0.0,121.91666659914826,0.0,0.0,0.0,0.0
2024-05-15,0.0,1.6660250984112447e-06,-1.6660250984112447e-06,121.91646348292178,0.0,0.0,0.0,0.0
2024-05-16,-0.0023899127041158404,6.631405751061914e-09,-0.0023899193355215913,121.62509296952553,-0.007058517197712899,-0.0,0.0,0.0
2024-05-17,0.0005433990568277331,1.3950901518413285e-05,0.0005294481553093198,121.68948715063756,0.002021339610122852,0.0,-0.0,-0.0
2024-05-20,-2.6474427225134008e-05,8.173760343467673e-07,-2.7291803259480774e-05,121.6861660250955,-0.0001,0.0,0.0,0.0
2024-05-21,0.0,7.120566949958551e-11,-7.120566949958551e-11,121.68616601643075,-0.0,0.0,0.0,-0.0
2024-05-22,0.0,0.0,0.0,121.68616601643075,-0.0,-0.0,0.0,-0.0
2024-05-23,0.0,0.0,0.0,121.68616601643075,-0.0,0.0,0.0,-0.0
2024-05-24,0.0,0.0,0.0,121.68616601643075,-0.0,0.0,-0.0,-0.0
2024-05-27,0.0,0.0,0.0,121.68616601643075,0.0,-0.0,0.0,0.0
2024-05-28,0.0,0.0,0.0,121.68616601643075,0.0,-0.0,0.0,0.0
2024-05-29,0.0,0.0,0.0,121.68616601643075,-0.0,0.0,-0.0,-0.0
2024-05-30,0.0,0.0,0.0,121.68616601643075,-0.0,0.0,-0.0,-0.0
2024-05-31,0.0007968111064229786,0.0,0.0007968111064229786,121.78312690501065,0.0030097347455193438,-0.0,0.0,0.0
2024-06-03,-2.567310316836943e-05,1.6027193191986589e-06,-2.727582248756809e-05,121.77980517005922,-0.0001,0.0,0.0,0.0
2024-06-04,0.0,1.4590913727574596e-09,-1.4590913727574596e-09,121.77980499237135,0.0,-0.0,0.0,0.0
2024-06-05,0.0005749635129974912,0.0,0.0005749635129974912,121.84982393686192,0.0022396196060713194,-0.0,-0.0,-0.0
2024-06-06,-2.7334806943201596e-05,3.3248666410370888e-06,-3.0659673584238685e-05,121.84608806103373,-0.0001,0.0,0.0,0.0
2024-06-07,0.0,2.07784010636139e-05,-2.07784010636139e-05,121.84355629414796,0.0,-0.0,-0.0,0.0
2024-06-10,0.0,1.4214012796084086e-07,-1.4214012796084086e-07,121.84353897528928,-0.0,0.0,-0.0,-0.0
2024-06-11,0.0009569495115529262,0.00011800630322496404,0.0008389432083279622,121.94575878479124,-0.0014563397936423583,0.0,-0.0,0.0038851636590959584
2024-06-12,-0.0004754109469167426,0.00014483466093956823,-0.0006202456078563108,121.87012246350825,-0.0022233252467018794,0.0,0.0,-0.0001
2024-06-13,0.0012733654405484725,7.617227283740091e-07,0.0012726037178200985,122.0252148344465,0.006779958626546678,-0.0,0.0,0.0
2024-06-14,-1.6186547607131973e-05,5.189536379464582e-06,-2.1376083986596554e-05,122.02260641320572,-0.0001,0.0,-0.0,-0.0
2024-06-17,0.0,3.200542661632722e-09,-3.200542661632722e-09,122.02260602266716,-0.0,0.0,-0.0,-0.0
2024-06-18,0.0008136098833453994,0.0,0.0008136098833453994,122.12188482091877,0.0,0.0,0.0024928236701322495,0.0
2024-06-19,-3.091464283520318e-05,3.4468823228344744e-06,-3.4361525158037654e-05,122.11768852670116,0.0,0.0,-0.0001,0.0
2024-06-20,0.0,5.059794649653338e-09,-5.059794649653338e-09,122.11768790881072,0.0,0.0,0.0,0.0
2024-06-21,0.0,2.284772983274141e-05,-2.284772983274141e-05,122.1148977968696,-0.0,0.0,-0.0,-0.0
2024-06-24,-0.0009661229182714953,2.305617348040024e-05,-0.0009891790917518955,121.99410429317751,-0.0,0.0,-0.0017936316643491045,-0.0
2024-06-25,0.0017074295911434414,1.0531739427155745e-05,0.0016968978517162856,122.20111582667465,0.0,-0.0,0.003513360105923402,0.0
2024-06-26,-3.8525641417022985e-05,2.0145106927696645e-05,-5.8670748344719626e-05,122.19394619576053,-0.0,0.0,-0.0001,-0.0
2024-06-27,0.0,2.3991839539300176e-08,-2.3991839539300176e-08,122.193943264103,-0.0,0.0,-0.0,-0.0
2024-06-28,0.0010765303021178282,0.0,0.0010765303021178282,122.32548874676208,0.0025557280984471633,0.0,0.001796876378042922,0.0
2024-07-01,-5.2266317500487236e-05,2.784845413102427e-06,-5.505116291358966e-05,122.3187545863526,-0.0001,0.0,-0.0001,0.0
2024-07-02,0.0,6.676199497404667e-07,-6.676199497404667e-07,122.3186729239118,0.0,0.0,-0.0,-0.0
2024-07-03,0.0,2.381277218466149e-09,-2.381277218466149e-09,122.31867263263713,0.0,-0.0,0.0,0.0
2024-07-04,0.0,0.0,0.0,122.31867263263713,0.0,0.0,0.0,0.0
2024-07-05,-0.00026482805269729216,0.0,-0.00026482805269729216,122.28627921675532,-0.0017107649996139895,-0.0,0.0,0.0
2024-07-08,-0.00021750254930894783,2.890945287548269e-07,-0.00021779164383770266,122.25964628698591,-0.0014182900309382962,-0.0,0.0,0.0
2024-07-09,-6.932533160025382e-05,1.9034039942868453e-07,-6.95156719996825e-05,122.25114732551583,-0.00045487934906107697,0.0,0.0,-0.0
2024-07-10,-1.5230194487558973e-05,2.036674322766774e-08,-1.5250561230786642e-05,122.24928292690802,-0.0001,0.0,-0.0,-0.0
2024-07-11,0.0,1.2546117677231238e-09,-1.2546117677231238e-09,122.24928277353264,0.0,0.0,0.0,0.0
2024-07-12,0.0,0.0,0.0,122.24928277353264,0.0,-0.0,0.0,0.0
2024-07-15,-0.00019756350134553526,5.148555987430692e-07,-0.00019807835694427833,122.22506783646323,-0.0012756735673209562,0.0,0.0,0.0
2024-07-16,-1.541510086282275e-05,1.4378823644780326e-07,-1.5558889099270555e-05,122.2231661501876,-0.0001,-0.0,0.0,-0.0
2024-07-17,-2.8849744739592123e-05,0.0,-2.8849744739592123e-05,122.21964004304292,-0.0001871524876568941,0.0,0.0,-0.0
2024-07-18,-1.5412769257941442e-05,4.6632097626203575e-09,-1.541743246770406e-05,122.21775572999631,-0.0001,-0.0,0.0,-0.0
2024-07-19,0.0028548190794160993,1.6481091056674835e-09,0.0028548174313069935,122.56666510946953,0.00343208229081603,0.009303473749681313,-0.0,-0.0
2024-07-22,-2.9102378423898022e-05,2.4999999999999977e-05,-5.4102378423898e-05,122.56003396137163,-0.0001,-0.0001,-0.0,-0.0
2024-07-23,0.0,7.102280299489672e-09,-7.102280299489672e-09,122.56003309091592,-0.0,-0.0,-0.0,-0.0
2024-07-24,-0.0017228139473449886,0.0,-0.0017228139473449886,122.34888495651984,-0.0,-0.0,-0.0,-0.004318487396466686
2024-07-25,-0.0017253247584934088,1.8612025910146493e-05,-0.0017439367844035553,122.13551623551339,-0.0,-0.0,-0.0,-0.0056405451457255396
2024-07-26,-0.00015350899636154067,1.3090807811500541e-05,-0.00016659980417304122,122.11516848242599,0.0009851384423080645,-0.0013606340590720633,-0.0,-0.0001
2024-07-29,0.00027767006564575277,4.169969951197117e-07,0.00027725306865063307,122.14902528761651,-0.0001,-0.0001,0.0008007843731760889,0.0
2024-07-30,-3.9018246687783765e-05,4.632189318706098e-07,-3.9481465619654375e-05,122.14420266507415,-0.0,-0.0,-0.0001,-0.0
2024-07-31,0.0,2.9014621855374958e-08,-2.9014621855374958e-08,122.1441991211063,-0.0,-0.0,-0.0,-0.0
2024-08-01,0.0,0.0,0.0,122.1441991211063,0.0,-0.0,0.0,0.0
2024-08-02,0.0,0.0,0.0,122.1441991211063,-0.0,-0.0,-0.0,-0.0
2024-08-05,0.0035736080286292767,9.903365973986668e-08,0.003573508994969537,122.58068251534893,0.011323649815007986,-0.0,0.004529219034921528,0.0
2024-08-06,-0.0005666359617602155,1.4439764240379462e-05,-0.0005810757260005949,122.50945385626267,-0.0038794715598380546,0.0,-0.0001,0.0
2024-08-07,0.00030267288786225776,6.93208003088866e-07,0.00030197967985916887,122.54644922191788,0.002261616420014323,-0.0,-0.0,-0.0
2024-08-08,-0.00016443290587507352,1.6700459460846918e-07,-0.000164599910469682,122.52627808734758,-0.0001,0.0,-0.0004424581578909125,0.0
2024-08-09,0.001802416920696287,1.733102720305163e-07,0.0018022436104242565,122.74710028913958,-0.0,0.0,0.005290177597744972,0.0
2024-08-12,-2.9152970393632634e-05,9.83607854549203e-06,-3.898904893912467e-05,122.74231449643926,-0.0,-0.0,-0.0001,-0.0
2024-08-13,0.0,1.746785664031303e-08,-1.746785664031303e-08,122.74231235239412,0.0,-0.0,0.0,0.0
2024-08-14,0.0,2.578782599683874e-06,-2.578782599683874e-06,122.74199582665479,0.0,-0.0,0.0,0.0
2024-08-15,0.0,1.5610431379701195e-07,-1.5610431379701195e-07,122.74197666609976,0.0,0.0,-0.0,-0.0
2024-08-16,0.0,3.927106021023308e-09,-3.927106021023308e-09,122.74197618407901,-0.0,0.0,0.0,0.0
2024-08-19,0.0,0.0,0.0,122.74197618407901,0.0,-0.0,0.0,0.0
2024-08-20,-0.0008901080098594472,0.0,-0.0008901080098594472,122.63272256793158,-0.0056765110529510944,-0.0,0.0,0.0
2024-08-21,-0.0005528043658092868,1.7916843055947375e-06,-0.0005545960501148815,122.56471094438058,-0.0037390286396496997,-0.0,0.0,0.0
2024-08-22,-0.00035602259351439643,6.866634974939446e-07,-0.00035670925701189037,122.52099097740373,-0.0024652959222828397,-0.0,0.0,0.0
2024-08-23,0.0004895942800033306,2.857625047527623e-07,0.0004893085174985779,122.58094154186135,0.00342409723658188,0.0,0.0,-0.0
2024-08-26,-1.4078931698895353e-05,4.391212189236299e-07,-1.4518052917818984e-05,122.57916190526532,-0.0001,-0.0,0.0,0.0
2024-08-27,0.0,1.72136415571289e-09,-1.72136415571289e-09,122.57916169426196,-0.0,0.0,-0.0,-0.0
2024-08-28,0.0,0.0,0.0,122.57916169426196,0.0,-0.0,0.0,0.0
2024-08-29,0.0,3.32670125941259e-07,-3.32670125941259e-07,122.5791209158368,-0.0,0.0,-0.0,-0.0
2024-08-30,0.0,1.3918834017245808e-09,-1.3918834017245808e-09,122.57912074522098,-0.0,0.0,-0.0,0.0
2024-09-02,0.0,0.0,0.0,122.57912074522098,-0.0,0.0,-0.0,-0.0
2024-09-03,0.00027927337292143014,1.9040401288183685e-07,0.0002790829689085483,122.61333049016474,0.0019474717717107182,0.0,0.0,0.0
2024-09-04,-1.4269705185081788e-05,1.4119768569624826e-07,-1.4410902870778037e-05,122.61156352136837,-0.0001,-0.0,-0.0,-0.0
2024-09-05,0.0,1.3741779091969165e-09,-1.3741779091969165e-09,122.61156335287828,0.0,-0.0,0.0,0.0
2024-09-06,0.0,0.0,0.0,122.61156335287828,0.0,0.0,0.0,0.0
2024-09-09,0.0,6.152504665371031e-06,-6.152504665371031e-06,122.61080898466273,-0.0,-0.0,-0.0,-0.0
2024-09-10,-0.0006807435033062315,2.329677728689833e-07,-0.0006809764710791004,122.5273139086442,-0.0,0.0,-0.0,-0.0020373200739223327
2024-09-11,-6.078132422982315e-05,2.3932987201675914e-06,-6.317462294999075e-05,122.51957329178693,-0.0,-0.0,0.0005802510152694729,-0.0006879994542556833
2024-09-12,0.0011202075522580412,7.891353368267019e-08,0.0011201286387243585,122.65681097463535,-0.0,0.0,-0.0001,0.0035621429189576226
2024-09-13,0.0029238336305755486,5.022286365759471e-06,0.002918811344209789,123.01482306595271,0.005981768854457658,-0.0,0.0070177201208154625,-0.0001
2024-09-16,-4.0304313591307705e-05,8.295061980960945e-06,-4.859937557226865e-05,123.00884462236556,-0.0001,-0.0,-0.0001,-0.0
2024-09-17,0.0,2.0146629222561607e-09,-2.0146629222561607e-09,123.0088443745442,0.0,0.0,0.0,0.0
2024-09-18,7.479012207399995e-05,0.0,7.479012207399995e-05,123.01804422103115,0.0004783979918021487,0.0,-0.0,0.0
2024-09-19,-1.5631741056582262e-05,3.4225794166120596e-09,-1.5635163635998874e-05,123.01612081377957,-0.0001,0.0,0.0,0.0
2024-09-20,0.0,7.629433197298502e-07,-7.629433197298502e-07,123.01602695945198,0.0,0.0,0.0,0.0
2024-09-23,7.654040091326799e-08,1.8804943975077566e-06,-1.8039539965944886e-06,123.01580504419849,4.984230504879458e-07,0.0,0.0,0.0
2024-09-24,-1.535506813639285e-05,1.3962285670854335e-08,-1.5369030422063704e-05,123.01391441054837,-0.0001,-0.0,0.0,0.0
2024-09-25,0.0,2.0256713416377803e-09,-2.0256713416377803e-09,123.0139141613626,0.0,-0.0,0.0,0.0
2024-09-26,0.0,5.423364418113114e-07,-5.423364418113114e-07,123.01384744643408,-0.0,0.0,-0.0,-0.0
2024-09-27,0.0,1.2739474166634235e-08,-1.2739474166634235e-08,123.01384587930235,0.0,0.0,0.0,0.0
2024-09-30,0.0,0.0,0.0,123.01384587930235,-0.0,-0.0,-0.0,0.0
2024-10-01,0.0,0.0,0.0,123.01384587930235,-0.0,0.0,-0.0,-0.0
2024-10-02,0.0,0.0,0.0,123.01384587930235,-0.0,0.0,-0.0,-0.0
2024-10-03,-0.00023168738644889755,1.6550698415547517e-07,-0.00023185289343305302,122.9853247632029,-0.001492079970038207,0.0,-0.0,0.0
2024-10-04,-0.0006866624659696149,1.162790466577579e-08,-0.0006866740938742807,122.9008739267613,-0.0011698119884903102,-0.0018600769820280693,-0.0,-0.0
2024-10-07,-0.004593803733732679,8.291036825007786e-07,-0.00459463283741518,122.33618953567039,-0.005531086014798681,-0.013484139442307974,-0.00048068160255610993,-0.0
2024-10-08,-0.00010688627754197166,1.8243007430179788e-05,-0.00012512928497215145,122.32088169574757,0.00010970973519652816,0.004529036401673792,-0.0030879376973896866,-0.0
2024-10-09,0.00018911299094857186,2.417808768928381e-06,0.00018669518217964348,122.34371841504013,-0.0001,-0.0001,0.0007725763105872474,-0.0
2024-10-10,-0.0012688939597428625,4.8438347680440646e-08,-0.001268942398090543,122.18847128360323,-0.0,0.0,-0.0001,-0.003393485752269176
2024-10-11,0.001224710739162712,3.3492522712483793e-06,0.0012213614868914638,122.33770757657116,-0.0,-0.0,-0.0,0.0035127106834480504
2024-10-14,-3.304076569646361e-05,3.648705425810445e-06,-3.668947112227406e-05,122.33321907078188,-0.0,0.0,-0.0,-0.0001
2024-10-15,0.0,5.360770175008578e-09,-5.360770175008578e-09,122.33321841498159,-0.0,0.0,0.0,-0.0
2024-10-16,0.0,1.2933601422793208e-09,-1.2933601422793208e-09,122.33321825676067,-0.0,-0.0,-0.0,-0.0
2024-10-17,0.0,5.545388024975564e-06,-5.545388024975564e-06,122.33253987159709,-0.0,0.0,-0.0,-0.0
2024-10-18,-1.0983923275853882e-05,2.5887802743151945e-09,-1.0986512056128198e-05,122.33119586367293,-0.0031323382838879363,0.0,0.001865406027446992,0.0
2024-10-21,0.0006070168219924565,6.878552166285773e-07,0.0006063289667758278,122.40536881126542,0.003608352223611222,-0.0,-0.0001,0.0
2024-10-22,-1.6706985762528045e-05,5.081762995909023e-06,-2.1788748758437067e-05,122.4027017514377,-0.0001,0.0,-0.0,-0.0
2024-10-23,-0.00032884851435329413,1.3313438624908197e-05,-0.0003421619529782023,122.36082020395662,-0.002000348354956227,0.0,-0.00011294658724748655,0.0
2024-10-24,-0.00025722192632688566,1.523920948662494e-07,-0.0002573743184217519,122.3293276712551,-0.0015524310655355977,0.0,-0.0001,-0.0
2024-10-25,0.0017716827010018652,1.0002484065796958e-07,0.0017715826761612072,122.54604418894397,0.004048280359946421,-0.0,0.004518559015495238,5.3951727061674144e-05
2024-10-28,-8.10564724775415e-05,2.7275018840527077e-06,-8.378397436159421e-05,122.53577679431953,-0.0001,0.0,-0.0001,-0.0001
2024-10-29,0.0,8.499844515794109e-09,-8.499844515794109e-09,122.53577575278447,0.0,0.0,0.0,-0.0
2024-10-30,0.0,0.0,0.0,122.53577575278447,0.0,0.0,0.0,-0.0
2024-10-31,0.0,0.0,0.0,122.53577575278447,0.0,-0.0,-0.0,0.0
2024-11-01,0.0,7.0150261170721845e-06,-7.0150261170721845e-06,122.5349161611173,0.0,-0.0,-0.0,0.0
2024-11-04,0.0012039577012907567,1.071984267981116e-06,0.0012028857170227755,122.68231166160407,0.0009655995851047706,0.0,0.00421613463330649,0.0
2024-11-05,-4.2008050446540616e-05,2.515106723617222e-06,-4.4523157170157836e-05,122.67684945775996,-0.0001,-0.0,-0.0001,-0.0
2024-11-06,0.0,5.7268261733098295e-08,-5.7268261733098295e-08,122.67684243227004,0.0,-0.0,0.0,0.0
2024-11-07,0.0033738778800683545,4.16045660900084e-06,0.003369717423459354,123.09022872566902,0.01831790161863377,0.0,-0.0,-0.0
2024-11-08,0.0027262113920812907,1.3131044205932025e-05,0.002713080347875359,123.4241824062401,0.005586161482286279,-0.0,0.00758546970712447,0.0
2024-11-11,-3.5448890272922504e-05,7.96839820829984e-06,-4.3417288481222344e-05,123.41882366290702,-0.0001,-0.0,-0.0001,-0.0
2024-11-12,-0.0005883358416247774,9.116769644611223e-09,-0.0005883449583944221,123.34621082023398,-0.004813679148511618,0.0,-0.0,-0.0
2024-11-13,-0.0005355129969596487,4.820098221309605e-07,-0.0005359950067817796,123.28009786712887,-0.004469625327243376,0.0,-0.0,-0.0
2024-11-14,-0.0005841120003988521,3.835105088836152e-07,-0.0005844955109077357,123.20804120334128,-0.0049545500735181935,0.0,-0.0,-0.0
2024-11-15,-0.0003729403024311428,4.309661289215866e-07,-0.0003733712685600644,123.16203886070039,-0.003222246420885977,0.0,-0.0,-0.0
2024-11-18,-1.1761501602350552e-05,3.75158271811063e-07,-1.2136659874161615e-05,123.16054408492532,-0.0001,-0.0,-0.0,0.0
2024-11-19,0.0,2.6091656137747224e-07,-2.6091656137747224e-07,123.16051195029966,0.0,-0.0,0.0,0.0
2024-11-20,0.0,1.2419992225315702e-07,-1.2419992225315702e-07,123.16049665377366,0.0,0.0,0.0,0.0
2024-11-21,0.0,1.9852260463439353e-07,-1.9852260463439353e-07,123.16047220363106,-0.0,0.0,-0.0,-0.0
2024-11-22,0.0,6.441162701084635e-10,-6.441162701084635e-10,123.16047212430139,-0.0,-0.0,-0.0,-0.0
2024-11-25,0.00010920581638329263,0.0,0.00010920581638329263,123.17392196420587,0.0009059984149974887,-0.0,0.0,0.0
2024-11-26,-1.2048143864670907e-05,1.099867989440978e-08,-1.2059142544565318e-05,123.17243659232314,-0.0001,0.0,-0.0,-0.0
2024-11-27,0.000528935343856717,6.97119541689939e-10,0.0005289346467371753,123.23758676155985,0.004390308188931369,-0.0,0.0,0.0
2024-11-28,-1.1884627829544046e-05,3.263349507120331e-07,-1.221096278025608e-05,123.23608191197476,-0.0001,-0.0,0.0,0.0
2024-11-29,0.0,9.12520456834709e-10,-9.12520456834709e-10,123.23608179951933,0.0,-0.0,0.0,0.0
2024-12-02,0.0,5.518714814428949e-08,-5.518714814428949e-08,123.23607499847142,-0.0,-0.0,0.0,-0.0
2024-12-03,0.0,8.073096567487448e-10,-8.073096567487448e-10,123.23607489898174,-0.0,-0.0,-0.0,-0.0
2024-12-04,0.0,0.0,0.0,123.23607489898174,0.0,0.0,0.0,0.0
2024-12-05,0.0,0.0,0.0,123.23607489898174,0.0,0.0,0.0,-0.0
2024-12-06,0.0,0.0,0.0,123.23607489898174,0.0,-0.0,0.0,0.0
2024-12-09,0.0002093844215874673,2.7072024847324046e-06,0.00020667721910273487,123.261544988235,0.0018018358549439673,-0.0,-0.0,-0.0
2024-12-10,-1.1559080327639264e-05,3.9475519134724306e-07,-1.1953835518986507e-05,123.26007154000041,-0.0001,0.0,-0.0,0.0
2024-12-11,0.0,1.0502930144548635e-05,-1.0502930144548635e-05,123.2587769480794,-0.0,0.0,0.0,-0.0
2024-12-12,0.00022762884930779782,5.920574863909177e-06,0.00022170827444388863,123.28610443882661,-0.0,0.0,0.000972413617162371,0.0
2024-12-13,-2.3373149777546974e-05,7.098997897250076e-08,-2.3444139756519475e-05,123.28321410216412,-0.0,0.0,-0.0001,-0.0
2024-12-16,0.0003439972145423707,9.986664508029875e-09,0.00034398722787786266,123.325621953227,0.0033367237538093233,0.0,-0.0,-0.0
2024-12-17,-1.0224887685548407e-05,1.6908551899941506e-07,-1.0393973204547822e-05,123.32434011001698,-0.0001,0.0,0.0,0.0
2024-12-18,0.0,0.0,0.0,123.32434011001698,-0.0,-0.0,0.0,-0.0
2024-12-19,0.0,0.0,0.0,123.32434011001698,-0.0,0.0,-0.0,-0.0
2024-12-20,0.00013496805555951596,2.5001584580408576e-12,0.0001349680530593575,123.34098495609646,0.0013199956440721361,0.0,-0.0,0.0
2024-12-23,0.0006713804933371986,2.07695832393745e-08,0.0006713597237539593,123.42379112568413,0.006572816929756531,-0.0,0.0,0.0
2024-12-24,-9.900869221108334e-06,6.272648454823213e-07,-1.0528134066590655e-05,123.42249170346416,-0.0001,0.0,-0.0,-0.0
2024-12-25,0.0,9.778469316296112e-10,-9.778469316296112e-10,123.42249158277585,-0.0,-0.0,0.0,-0.0
2024-12-26,0.0,0.0,0.0,123.42249158277585,-0.0,0.0,0.0,0.0
2024-12-27,0.0,0.0,0.0,123.42249158277585,0.0,0.0,-0.0,-0.0
2024-12-30,0.0,0.0,0.0,123.42249158277585,0.0,0.0,0.0,0.0
2024-12-31,0.0,0.0,0.0,123.42249158277585,-0.0,-0.0,-0.0,-0.0
2025-01-02,0.0,4.61129245046113e-08,-4.61129245046113e-08,123.42248589140381,-0.0,0.0,-0.0,-0.0
2025-01-03,0.0,2.0184128956891453e-07,-2.0184128956891453e-07,123.42246097965011,-0.0,-0.0,-0.0,0.0
2025-01-06,0.00026234396934983245,4.439763533825661e-05,0.00021794633401157583,123.4493604525553,0.003517188874099453,0.0,0.0,0.0
2025-01-07,-4.0166729903081704e-07,0.00011474955928683449,-0.00011515122658586531,123.43514510727796,-0.0001,0.0,0.0,0.0
2025-01-08,0.0,0.00016830518422247134,-0.00016830518422247134,123.41437033244114,-0.0,0.0,-0.0,-0.0
2025-01-09,0.0,1.5711253468946145e-05,-1.5711253468946145e-05,123.41243133798712,-0.0,-0.0,-0.0,-0.0
2025-01-10,0.0,6.282498738406956e-05,-6.282498738406956e-05,123.40467795354526,-0.0,-0.0,-0.0,-0.0
2025-01-13,0.0,1.0236549109439991e-06,-1.0236549109439991e-06,123.40455162974064,-0.0,-0.0,-0.0,-0.0
2025-01-14,9.038564407585342e-06,0.0,9.038564407585342e-06,123.40566702972875,0.0019325468147885938,-0.0,0.0,0.0
2025-01-15,-4.669327127322925e-07,1.5390199458715712e-09,-4.6847173267816406e-07,123.4056092176621,-0.0001,0.0,-0.0,-0.0
2025-01-16,0.0,8.813858006252729e-11,-8.813858006252729e-11,123.40560920678531,-0.0,-0.0,0.0,0.0
2025-01-17,0.0,4.028338343404674e-08,-4.028338343404674e-08,123.40560423558983,0.0,-0.0,-0.0,-0.0
2025-01-20,0.0015037419395995094,8.623615282996045e-09,0.0015037333159842264,123.59117335405804,-0.0,0.0060149677583980375,-0.0,-0.0
2025-01-21,-1.8362412234857573e-06,2.5e-05,-2.6836241223485758e-05,123.58785663151683,0.0,-0.0001,0.0,0.0
2025-01-22,0.0028883456079523027,5.979848983285897e-09,0.0028883396281033195,123.94482033537801,0.0013152030165980322,0.003281723419901617,0.0,0.0029226509024204875
2025-01-23,-0.00010431098718482258,8.54034192703156e-05,-0.0001897144064551382,123.92130621735491,-0.00040599688560072345,-0.0001,-0.0,-0.0001
2025-01-24,-0.0007542316888651135,3.1339611275846654e-06,-0.0007573656499926981,123.82745247672364,-0.0001,-0.0,0.0,-0.0014163360264489832
2025-01-27,-0.0007681158509441747,5.510918193724436e-06,-0.0007736267691378991,123.7316562447335,0.0,-0.0,0.0,-0.0015354456382898896
2025-01-28,6.521112896431375e-05,5.108446673375938e-06,6.010268229093781e-05,123.7390928491581,0.002051614513769107,-0.0,-0.00019960138397113737,-0.0001
2025-01-29,0.00029386416546436705,3.531319255549864e-08,0.00029382885227181155,123.77545096479112,-0.0001,0.0,0.0015177892263845694,-0.0
2025-01-30,-1.967221955651088e-05,3.550156662689083e-07,-2.002723522277979e-05,123.77297208471984,-0.0,-0.0,-0.0001,-0.0
2025-01-31,0.0,1.120178982887965e-08,-1.120178982887965e-08,123.77297069824102,-0.0,-0.0,-0.0,-0.0
2025-02-03,0.0,3.9529899972468645e-06,-3.9529899972468645e-06,123.77248142492591,-0.0,0.0,-0.0,-0.0
2025-02-04,0.0005554988811204337,1.1508736987619895e-08,0.0005554873723834461,123.84123547540602,0.007666210111102678,-0.0,0.0,0.0
2025-02-05,-6.94884781502356e-06,5.944425469623024e-07,-7.543290361985863e-06,123.84030130500805,-0.0001,-0.0,0.0,0.0
2025-02-06,0.0,6.086250275358335e-06,-6.086250275358335e-06,123.83954758194014,0.0,-0.0,0.0,0.0
2025-02-07,0.0,6.398452419094852e-05,-6.398452419094852e-05,123.83162376741208,-0.0,-0.0,-0.0,-0.0
2025-02-10,0.0,1.2551947260551756e-07,-1.2551947260551756e-07,123.83160822413197,-0.0,0.0,-0.0,-0.0
2025-02-11,0.0,7.035112980822954e-07,-7.035112980822954e-07,123.83152110719652,-0.0,-0.0,-0.0,0.0
2025-02-12,0.0,7.450700420207929e-07,-7.450700420207929e-07,123.8314288440399,0.0,0.0,0.0,0.0
2025-02-13,0.0,1.1375607928234041e-06,-1.1375607928234041e-06,123.83128797826153,0.0,0.0,-0.0,-0.0
2025-02-14,0.0,6.463867618452329e-07,-6.463867618452329e-07,123.83120793535628,0.0,-0.0,0.0,0.0
2025-02-17,-0.0011264100516126733,5.8708302052110085e-09,-0.0011264159224428786,123.69172249104254,-0.0027327820045104476,-0.0,-0.0017484514348729107,0.0
2025-02-18,-0.001279881930776117,1.6535749038374532e-05,-0.0012964176798144916,123.53136635515844,0.0003669738116622856,-0.0,-0.0029660806215781044,-3.65180933748043e-05
2025-02-19,4.5524027370646216e-05,2.0356233017879883e-05,2.5167794352766332e-05,123.53447536718298,-0.0001,0.0,-0.00034096277687645227,0.0004701897891919993
2025-02-20,-6.995183120973872e-05,3.2046155715316773e-07,-7.027229276689189e-05,123.52579431636318,-0.0,-0.0,-0.0001,-0.0001
2025-02-21,0.0,1.8076437638593623e-08,-1.8076437638593623e-08,123.52579208345685,0.0,-0.0,0.0,0.0
2025-02-24,0.0018732830976816715,3.47426295132236e-09,0.0018732796234187201,123.75719043273344,-0.0,-0.0,-0.0,0.005174613178435583
2025-02-25,-2.4671001684332024e-05,2.3060823010254297e-05,-4.7731824694586324e-05,123.75128327621499,-0.0,0.0,-0.0,-0.0001
2025-02-26,0.0,1.1884534966870337e-06,-1.1884534966870337e-06,123.75113620356966,0.0,-0.0,0.0,0.0
2025-02-27,0.00042780966708469594,7.627718030922547e-09,0.000427802039366665,123.80407719201148,0.0032563824334480465,-0.0,0.0,-0.0
2025-02-28,-1.2827089411325634e-05,6.209701089013504e-07,-1.3448059520226984e-05,123.80241226741255,-0.0001,0.0,-0.0,-0.0
2025-03-03,0.0002182126960864687,7.870056325595676e-09,0.0002182048260301431,123.82942655124347,0.0017017084062638133,0.0,0.0,-0.0
2025-03-04,-1.2774074369676631e-05,9.816002697241589e-08,-1.2872234396649047e-05,123.82783258983972,-0.0001,-0.0,0.0,-0.0
2025-03-05,-0.002943188174940782,8.154417175074147e-09,-0.002943196329357957,123.46338296748895,0.0,0.0,-0.00740555354028728,0.0
2025-03-06,-0.002595852399395243,3.211902727583587e-05,-0.002627971426671079,123.13892472481025,-0.015903682242369942,-0.0,-0.0001,0.0
2025-03-07,6.688187776925119e-05,1.1679864611686816e-05,5.520201315756437e-05,123.14572224135314,0.000647234466842117,-0.0,-0.0,-0.0
2025-03-10,-0.0006975722096912078,5.228422715223835e-08,-0.0006976244939183601,123.05981276919631,-0.0067335647250317265,-0.0,0.0,-0.0
2025-03-11,0.00019237796821364238,9.986978542425861e-07,0.00019137927035939978,123.08336386637464,0.001951039928978826,-0.0,-0.0,-0.0
2025-03-12,-9.828117317144074e-06,6.432211662704413e-08,-9.892439433771117e-06,123.08214627165228,-0.0001,0.0,0.0,0.0
2025-03-13,0.0,3.61854905989209e-07,-3.61854905989209e-07,123.08210173377381,-0.0,0.0,0.0,0.0
2025-03-14,0.0,7.529653775033284e-09,-7.529653775033284e-09,123.08210080700819,-0.0,-0.0,-0.0,-0.0
2025-03-17,0.0,2.0301559011531858e-07,-2.0301559011531858e-07,123.08207581942285,0.0,0.0,-0.0,0.0
2025-03-18,0.0,5.439349996472221e-10,-5.439349996472221e-10,123.08207575247421,0.0,0.0,0.0,0.0
2025-03-19,0.0010542677321671691,0.0,0.0010542677321671691,123.2118372133482,0.0,0.0,0.0,0.003156874487611028
2025-03-20,-3.109065474569593e-05,4.6105592575610774e-06,-3.5701214003257006e-05,123.20743840118014,-0.0,-0.0,0.0,-0.0001
2025-03-21,0.0,3.395988631437752e-08,-3.395988631437752e-08,123.20743421706952,-0.0,0.0,-0.0,-0.0
2025-03-24,0.0,9.49538860492985e-07,-9.49538860492985e-07,123.20731722682284,-0.0,0.0,-0.0,-0.0
2025-03-25,0.0,6.24435331886275e-11,-6.24435331886275e-11,123.20731721912934,-0.0,0.0,-0.0,-0.0
2025-03-26,-0.00017063213431835463,0.0,-0.00017063213431835463,123.1862940916286,-0.0015886306947903272,-0.0,0.0,0.0
2025-03-27,-0.00045111697295974694,5.5913805945222166e-08,-0.0004511728867656922,123.13071577571331,-0.004210979976130513,0.0,-0.0,-0.0
2025-03-28,0.0020779759532758403,3.8687820773599253e-07,0.0020775890750681044,123.38653080561426,0.005486903144057864,0.0,0.0056766017174656345,0.0
2025-03-31,-3.3471279655698316e-05,7.365252119766806e-06,-4.083653177546512e-05,123.38149212762835,-0.0001,-0.0,-0.0001,-0.0
2025-04-01,0.0,1.483665876558793e-09,-1.483665876558793e-09,123.38149194457144,-0.0,0.0,-0.0,-0.0
2025-04-02,0.0,0.0,0.0,123.38149194457144,-0.0,-0.0,0.0,0.0
2025-04-03,0.0,0.0,0.0,123.38149194457144,0.0,-0.0,0.0,-0.0
2025-04-04,-0.0013545466113184363,2.760449136153656e-07,-0.0013548226562320517,123.21433190392521,-0.012480016951382577,-0.0,0.0,0.0
2025-04-07,0.0005099199204557027,2.6821491467624833e-06,0.0005072377713089402,123.27683086703347,0.005360440510336351,-0.0,-0.0,-0.0
2025-04-08,-9.292595662025552e-06,4.40107789797542e-07,-9.732703451823094e-06,123.27563105019617,-0.0001,0.0,-0.0,0.0
2025-04-09,0.0,4.3370891843891315e-10,-4.3370891843891315e-10,123.27563099673043,0.0,-0.0,0.0,-0.0
2025-04-10,0.0,0.0,0.0,123.27563099673043,-0.0,0.0,0.0,0.0
2025-04-11,0.0,0.0,0.0,123.27563099673043,0.0,-0.0,0.0,0.0
2025-04-14,-0.000715837451236603,6.2581425745252e-08,-0.0007159000326623482,123.18737796847338,-0.007677279343956134,-0.0,0.0,0.0
2025-04-15,2.7484551365182812e-05,6.987061949886908e-07,2.678584517019412e-05,123.19067764650657,0.0003062430815494732,-0.0,0.0,0.0
2025-04-16,-8.972846570710263e-06,3.807122305587995e-09,-8.976653693015852e-06,123.18957180645513,-0.0001,-0.0,0.0,0.0
2025-04-17,0.0,7.468325834522616e-10,-7.468325834522616e-10,123.18957171445315,0.0,-0.0,0.0,0.0
2025-04-22,0.0,3.535497706798711e-05,-3.535497706798711e-05,123.18521634997018,0.0,-0.0,0.0,0.0
2025-04-23,0.0,4.681597730289422e-08,-4.681597730289422e-08,123.18521058293388,-0.0,0.0,-0.0,-0.0
2025-04-24,0.0,8.995103440553102e-05,-8.995103440553102e-05,123.17412994581846,-0.0,0.0,-0.0,-0.0
2025-04-25,0.0,0.0001693235659391016,-0.0001693235659391016,123.15327366290458,0.0,-0.0,0.0,0.0
2025-04-28,0.0,1.4285012651523406e-06,-1.4285012651523406e-06,123.15309773829735,-0.0,0.0,-0.0,-0.0
2025-04-29,0.0,1.8178942908223058e-06,-1.8178942908223058e-06,123.15287385898408,0.0,-0.0,0.0,0.0
2025-04-30,0.0,8.873847925577327e-08,-8.873847925577327e-08,123.15286293058534,-0.0,0.0,-0.0,-0.0
2025-05-01,0.0,5.786064723949075e-07,-5.786064723949075e-07,123.15279167354176,-0.0,0.0,-0.0,0.0
2025-05-02,0.0,2.8417257353474667e-09,-2.8417257353474667e-09,123.1527913235753,-0.0,0.0,-0.0,-0.0
2025-05-05,0.0,0.0,0.0,123.1527913235753,0.0,-0.0,-0.0,0.0
2025-05-06,0.0,0.0,0.0,123.1527913235753,-0.0,-0.0,0.0,0.0
2025-05-07,-0.0038451369387556707,1.1722842700540971e-06,-0.0038463092230257246,122.67910760646608,0.0,-0.0,0.0,-0.007107645257399942
2025-05-08,-4.300571029691414e-05,2.218578957932733e-05,-6.519149987624147e-05,122.67110997143773,-0.0,0.0,-0.0,-0.0001
2025-05-09,0.0,3.964351398566546e-09,-3.964351398566546e-09,122.67110948512634,-0.0,0.0,-0.0,-0.0
2025-05-12,6.285049262521792e-05,0.0,6.285049262521792e-05,122.67881942478836,0.0003828175986058003,-0.0,0.0,0.0
2025-05-13,-1.6411647834439528e-05,1.24427371481467e-08,-1.6424090571587675e-05,122.67680453674691,-0.0001,0.0,-0.0,-0.0
2025-05-14,0.006465288857567857,2.1359873435655706e-09,0.006465286721580513,123.46994525216427,0.008009462705120585,0.005172723980425664,0.009505794776707644,0.0
2025-05-15,-7.411646985316238e-05,6.93645146213382e-05,-0.0001434809844745006,123.45222966286646,-0.0001,-0.0001,-0.0001,-0.0
2025-05-16,0.0,2.452195432712523e-08,-2.452195432712523e-08,123.45222663557654,0.0,-0.0,0.0,-0.0
2025-05-19,0.0,0.0,0.0,123.45222663557654,-0.0,-0.0,-0.0,0.0
2025-05-20,0.0,2.7752259539538805e-07,-2.7752259539538805e-07,123.4521923747942,0.0,-0.0,0.0,0.0
2025-05-21,0.0,7.54065575236676e-07,-7.54065575236676e-07,123.45209928374574,0.0,-0.0,0.0,-0.0
2025-05-22,0.0,4.5498747241536075e-08,-4.5498747241536075e-08,123.45209366682988,0.0,-0.0,0.0,0.0
2025-05-23,0.00039638580571678433,4.0483841638502825e-09,0.00039638175733262046,123.50102782466395,0.004254733454185355,0.0,0.0,-0.0
2025-05-26,-9.187159035235766e-06,2.5837937039222825e-07,-9.445538405627995e-06,123.49986129096249,-0.0001,-0.0,0.0,0.0
2025-05-27,-0.00012901798727139714,7.409256989865224e-06,-0.00013642724426126237,123.48301254521992,-0.0014780624862818059,-0.0,0.0,-0.0
2025-05-28,0.00039352161933639974,1.4897823174289672e-08,0.0003935067215132254,123.53160394064918,0.004512133069928481,0.0,-0.0,-0.0
2025-05-29,-8.592337980357848e-06,2.5814379826083063e-07,-8.850481778618678e-06,123.53051062643942,-0.0001,0.0,-0.0,-0.0
2025-05-30,0.0,1.384296652107875e-07,-1.384296652107875e-07,123.5304935261522,0.0,-0.0,0.0,0.0
2025-06-02,0.0,5.483254793881009e-10,-5.483254793881009e-10,123.53049345841727,-0.0,0.0,-0.0,-0.0
2025-06-03,0.0,4.47001989639248e-08,-4.47001989639248e-08,123.53048793657963,0.0,-0.0,0.0,0.0
2025-06-04,0.0005142676557770573,6.10669048121959e-10,0.0005142670451080092,123.59401559559151,0.005922474969410218,0.0,-0.0,-0.0
2025-06-05,-8.166310834281374e-06,6.07146435085234e-06,-1.4237775185133714e-05,123.59225589178322,-0.0001,-0.0,0.0,0.0
2025-06-06,0.0,3.4076036521617116e-06,-3.4076036521617116e-06,123.59183473836066,0.0,0.0,0.0,0.0
2025-06-09,0.0,7.166590738465206e-09,-7.166590738465206e-09,123.59183385262855,-0.0,0.0,-0.0,-0.0
2025-06-10,0.0,9.147859501764056e-07,-9.147859501764056e-07,123.59172079255538,0.0,-0.0,0.0,0.0
2025-06-11,0.0,7.208507958746668e-08,-7.208507958746668e-08,123.59171188343636,0.0,0.0,-0.0,0.0
2025-06-12,0.0,6.193835696693961e-10,-6.193835696693961e-10,123.59171180688568,0.0,-0.0,0.0,-0.0
2025-06-13,-0.0008293699605040765,0.0,-0.0008293699605040765,123.48920855374577,-0.00799975565342127,-0.0,0.0,0.0
2025-06-16,0.0003658390649253107,1.254296946541747e-06,0.00036458476797876895,123.53423083819422,0.0037559350278424386,0.0,-0.0,-0.0
2025-06-17,-9.618047784421387e-06,2.4448980941195186e-07,-9.86253759383334e-06,123.53301247719845,-0.0001,0.0,0.0,0.0
2025-06-18,0.0,2.617364101689668e-10,-2.617364101689668e-10,123.53301244486536,-0.0,0.0,-0.0,-0.0
2025-06-19,-0.00021458849750824436,3.962335108229402e-06,-0.00021855083261647376,123.50601420213991,-0.0,-0.0,-0.0011062200840144087,0.0
2025-06-20,0.0008655354324099836,2.236299974786915e-07,0.0008653118024125049,123.61288541389794,0.0,0.0,0.004487769389002194,-0.0
2025-06-23,-1.8236619032696674e-05,2.0998416713275183e-06,-2.0336460704024192e-05,123.61037156531123,-0.0,0.0,-0.0001,-0.0
2025-06-24,0.001438563942594046,7.3274341304274685e-09,0.0014385566151599155,123.78819208302889,0.0,-0.0,0.0,0.004723417200948032
2025-06-25,-2.6578998519865057e-05,7.754002954905693e-06,-3.433300147477075e-05,123.78394206284753,0.0,-0.0,0.0,-0.0001
2025-06-26,0.0,4.684527319719217e-08,-4.684527319719217e-08,123.78393626415493,0.0,-0.0,0.0,0.0
2025-06-27,-8.421682872600462e-05,3.3565475082225627e-07,-8.455248347682688e-05,123.77347002492927,-0.0008249234392081583,-0.0,0.0,0.0
2025-06-30,-0.0003085836380779885,3.771510623034083e-06,-0.0003123551487010226,123.73480874429438,-0.003013925168278808,-0.0,-0.0,-0.0
2025-07-01,-0.0005168133866599972,1.783326599005028e-07,-0.0005169917193198977,123.67083887278196,-0.005092043354437914,-0.0,0.0,0.0
2025-07-02,-0.00015450089500752639,4.705370150772534e-07,-0.00015497143202260365,123.6516734257824,-0.0015583858686389895,-0.0,0.0,0.0
2025-07-03,-9.895778046873977e-06,3.6767316609873095e-08,-9.93254536348385e-06,123.65044524992683,-0.0001,0.0,-0.0,-0.0
2025-07-04,0.0,3.01969080128417e-10,-3.01969080128417e-10,123.65044521258821,-0.0,0.0,0.0,-0.0
2025-07-07,0.0,3.571059708254834e-06,-3.571059708254834e-06,123.65000364946542,0.0,-0.0,-0.0,-0.0
2025-07-08,0.0,9.080905603219683e-07,-9.080905603219683e-07,123.64989136406433,-0.0,0.0,-0.0,-0.0
2025-07-09,0.0,1.9316239089489652e-10,-1.9316239089489652e-10,123.6498913401798,-0.0,0.0,-0.0,0.0
2025-07-10,0.002156019367150866,0.0,0.002156019367150866,123.91648290065534,0.0,0.004905145525263321,0.00047089345439842455,0.0
2025-07-11,-5.784754084895352e-05,1.473243267990082e-05,-7.257997352885434e-05,123.90748904560662,-0.0,-0.0001,-0.0001,0.0
2025-07-14,0.0,1.692164831564591e-08,-1.692164831564591e-08,123.90748694888767,-0.0,0.0,-0.0,-0.0
2025-07-15,-0.0013562444945015401,2.5671411733191346e-06,-0.0013588116356748592,123.73912001387428,-0.0014532100753279597,0.0,-0.004974447377550828,-0.0
2025-07-16,-0.0036400478901961507,3.6802892239981094e-06,-0.003643728179420149,123.28824829538307,-0.005049252023216044,-0.006656471878069292,-0.0025849010423318886,-0.0
2025-07-17,0.0021463098296159045,1.3303532705873373e-05,0.002133006296910031,123.55122290533214,0.002443466592229049,0.0050953919198096775,0.0013263737429620726,0.0
2025-07-18,-6.654676521587983e-05,4.466781191139288e-06,-7.101354640701912e-05,123.5424490948307,-0.0001,-0.0001,-0.0001,-0.0
2025-07-21,0.0006833342964266779,6.073331804465343e-09,0.0006833282230948734,123.62686913704746,0.0,-0.0,-0.0,0.002042512387918849
2025-07-22,-3.2823192235371644e-05,1.264768721618892e-06,-3.4087960956990536e-05,123.6226549491591,0.0,-0.0,0.0,-0.0001
2025-07-23,0.0,2.3250263718077593e-09,-2.3250263718077593e-09,123.62265466173316,0.0,-0.0,0.0,0.0
2025-07-24,0.0,0.0,0.0,123.62265466173316,0.0,-0.0,0.0,0.0
2025-07-25,0.0002436570426643123,0.0,0.0002436570426643123,123.65277619217434,0.0014400473566333783,0.0,-0.0,-0.0
2025-07-28,-1.6873021873964756e-05,9.409929208093193e-08,-1.6967121166045688e-05,123.65067816053816,-0.0001,0.0,-0.0,-0.0
2025-07-29,0.0,9.997211655510264e-10,-9.997211655510264e-10,123.65067803692196,-0.0,0.0,-0.0,-0.0
2025-07-30,0.0,0.0,0.0,123.65067803692196,-0.0,-0.0,-0.0,-0.0
2025-07-31,-0.0017929421343351602,0.0,-0.0017929421343351602,123.42897952633045,-0.010626402697315417,0.0,-0.0,-0.0
2025-08-01,-0.0019602329104833724,4.3225625070569845e-06,-0.0019645554729904296,123.18649644907637,-0.0004912575965008159,0.0,-0.0037063084096394913,-0.002896752435220595
2025-08-04,0.005672563824736137,2.39705265271557e-06,0.005670166772083421,123.88498442801128,0.014263281535664252,-0.0,0.0060602434493330914,0.00622330912312874
2025-08-05,-7.159584099888247e-05,8.66085852368137e-06,-8.025669952256384e-05,123.87504182804068,-0.0001,-0.0,-0.0001,-0.0001
2025-08-06,0.0,3.308588245892752e-09,-3.308588245892752e-09,123.87504141818917,-0.0,0.0,0.0,-0.0
2025-08-07,0.0,0.0,0.0,123.87504141818917,0.0,-0.0,0.0,0.0
2025-08-08,0.0,1.290523357283524e-09,-1.290523357283524e-09,123.87504125832554,0.0,-0.0,0.0,0.0
2025-08-11,0.0,5.307691378825253e-10,-5.307691378825253e-10,123.87504119257649,-0.0,0.0,-0.0,-0.0
2025-08-12,0.0,9.582322217853467e-06,-9.582322217853467e-06,123.87385418201704,-0.0,0.0,-0.0,-0.0
2025-08-13,0.0,3.644038442973674e-09,-3.644038442973674e-09,123.87385373061596,0.0,-0.0,0.0,0.0
2025-08-14,0.0,0.0,0.0,123.87385373061596,0.0,-0.0,0.0,0.0
2025-08-15,0.0,0.0,0.0,123.87385373061596,-0.0,0.0,-0.0,-0.0
2025-08-18,0.0,0.0,0.0,123.87385373061596,0.0,-0.0,0.0,0.0
2025-08-19,0.0,0.0,0.0,123.87385373061596,-0.0,0.0,-0.0,-0.0
2025-08-20,0.0,0.0,0.0,123.87385373061596,-0.0,-0.0,-0.0,-0.0
2025-08-21,0.0,3.668519484150562e-07,-3.668519484150562e-07,123.87380828725136,0.0,-0.0,-0.0,-0.0
2025-08-22,-0.0005686715601766586,1.8246827438034299e-10,-0.000568671742644933,123.80336475282459,-0.0,0.0,-0.0,-0.001747529761110933
2025-08-25,0.0029591957539490815,1.064473099066088e-06,0.0029581312808500152,124.16959135877438,0.0,-0.0,0.0,0.00924482435102747
2025-08-26,-2.4538124105053563e-05,1.494218289443186e-05,-3.9480306999485425e-05,124.16468910518755,-0.0,0.0,-0.0,-0.0001
2025-08-27,0.0,7.48935784743443e-09,-7.48935784743443e-09,124.16468817527375,0.0,-0.0,0.0,0.0
2025-08-28,0.0,0.0,0.0,124.16468817527375,0.0,-0.0,0.0,0.0
2025-08-29,0.0,0.0,0.0,124.16468817527375,0.0,-0.0,0.0,0.0
2025-09-01,0.0,0.0,0.0,124.16468817527375,0.0,0.0,-0.0,0.0
2025-09-02,0.0,9.271154148856348e-07,-9.271154148856348e-07,124.16457306027735,0.0,-0.0,0.0,0.0
2025-09-03,0.0009540107388532262,9.652265195864153e-10,0.0009540097736267067,124.28302727651503,0.006718667442679227,0.0,-0.0,-0.0
2025-09-04,0.002443832169916533,1.1656409668763607e-06,0.0024426665289496567,124.58660926735992,-0.0001,0.0037237364823596744,0.0042416359709747,0.0
2025-09-05,-6.010738842007612e-05,3.415183188394619e-06,-6.352257160847074e-05,124.57869520555127,-0.0,-0.0001,-0.0001,-0.0
2025-09-08,0.0,5.715664839181511e-09,-5.715664839181511e-09,124.5786944935012,0.0,-0.0,0.0,0.0
2025-09-09,0.0,0.0,0.0,124.5786944935012,0.0,-0.0,0.0,0.0
2025-09-10,0.0007882600954597183,0.0,0.0007882600954597183,124.67689490711489,0.00554072504420543,0.0,-0.0,-0.0
2025-09-11,-1.4633967387638268e-05,8.146154291345299e-07,-1.5448582816772797e-05,124.67496882577858,-0.0001,-0.0,0.0,0.0
2025-09-12,0.0,3.6273477756048613e-07,-3.6273477756048613e-07,124.6749236018315,0.0,-0.0,0.0,0.0
2025-09-15,0.0,4.1219991207819275e-10,-4.1219991207819275e-10,124.6749235504405,-0.0,0.0,-0.0,-0.0
2025-09-16,0.0,0.0,0.0,124.6749235504405,0.0,-0.0,0.0,0.0
2025-09-17,0.0,2.3063194793503662e-07,-2.3063194793503662e-07,124.67489479642002,0.0,-0.0,0.0,0.0
2025-09-18,0.0005324424501047226,3.7145578828829186e-06,0.0005287278922218397,124.74081389075873,0.003696270085562381,0.0,-0.0,-0.0
2025-09-19,-1.423276094614545e-05,3.441937280281304e-07,-1.457695467417358e-05,124.73899554956861,-0.0001,0.0,-0.0,-0.0
2025-09-22,0.0,2.5910419915508965e-06,-2.5910419915508965e-06,124.73867234559317,-0.0,0.0,-0.0,-0.0
2025-09-23,0.0011013866989297945,6.9891970390256746e-09,0.0011013797097327554,124.87605698833362,0.0,-0.0,0.0036301295700329364,0.0
2025-09-24,-2.9093780126867044e-05,2.492736561114964e-06,-3.158651668798201e-05,124.87211258867563,0.0,-0.0,-0.0001,-0.0
2025-09-25,0.0,2.1978269345485082e-08,-2.1978269345485082e-08,124.87210984420271,-0.0,0.0,-0.0,-0.0
2025-09-26,-0.0025306189332434535,2.540175757973884e-07,-0.002530872950819251,124.5560743990863,-0.0,0.0,-0.008712732580643767,-0.0
2025-09-29,0.002582783547010229,1.0098077051850891e-05,0.002572685469958378,124.87651800188789,0.0037988363183798393,-0.0,0.00537671700620046,0.002452108473226289
2025-09-30,-6.72892154330291e-05,2.2505743504562386e-06,-6.953978978348533e-05,124.86783411507713,-0.0001,-0.0,-0.0001,-0.0001
2025-10-01,0.0,7.874691511491895e-09,-7.874691511491895e-09,124.86783313178145,0.0,-0.0,0.0,0.0
2025-10-02,0.0,0.0,0.0,124.86783313178145,-0.0,-0.0,0.0,0.0
2025-10-03,0.0,0.0,0.0,124.86783313178145,-0.0,0.0,-0.0,-0.0
2025-10-06,0.0,0.0,0.0,124.86783313178145,-0.0,0.0,-0.0,-0.0
2025-10-07,0.0,0.0,0.0,124.86783313178145,-0.0,0.0,0.0,0.0
2025-10-08,0.0,5.502656803016512e-06,-5.502656803016512e-06,124.86714602695,-0.0,0.0,-0.0,-0.0
2025-10-09,-0.00031309531022269215,4.007416256943119e-09,-0.0003130993176389491,124.82805020873344,-0.0020424973329146276,0.0,-0.0,0.0
2025-10-10,-0.000859130553905165,1.5374304620059954e-07,-0.0008592842969513655,124.72078742537003,-0.005632840619910651,0.0,-0.0,-0.0
2025-10-13,0.0009745822763124424,2.3504857995819087e-06,0.0009722317905128605,124.84204493984276,0.0031094642734201816,-0.0,0.0022471911119072876,-0.0
2025-10-14,0.0004130935174347795,1.81869158972143e-05,0.0003949066015375652,124.89134588753896,-0.0001,0.0,-0.0001,0.0019310005734460734
2025-10-15,-0.0005479708657918602,2.5891411059309045e-05,-0.0005738622768511693,124.81967545542894,0.0,-0.0,-0.0,-0.0031171705164768637
2025-10-16,0.0004383198851533606,1.0832329177745571e-06,0.00043723665223558604,124.8742511924582,0.0,-0.0,0.0,0.0025726780634707236
2025-10-17,-1.6938451988046965e-05,1.9808514726620265e-07,-1.7136537135313167e-05,124.8721112802154,0.0,-0.0,0.0,-0.0001
2025-10-20,0.00048746197660656354,0.0,0.00048746197660656354,124.9329816864031,-0.0,0.0,-0.0,0.0028778425380935227
2025-10-21,-1.6643052907174166e-05,5.907981617456024e-07,-1.7233851068919768e-05,124.93082861000313,-0.0,-0.0,-0.0,-0.0001
2025-10-22,0.0,5.388819872156891e-09,-5.388819872156891e-09,124.93082793677341,-0.0,0.0,-0.0,-0.0
2025-10-23,0.0,2.3970783421405076e-08,-2.3970783421405076e-08,124.93082494208359,0.0,0.0,-0.0,-0.0
2025-10-24,0.0,1.2866486520560216e-09,-1.2866486520560216e-09,124.9308247813415,0.0,0.0,-0.0,0.0
2025-10-27,0.0,0.0,0.0,124.9308247813415,0.0,0.0,-0.0,0.0
2025-10-28,0.0,0.0,0.0,124.9308247813415,0.0,-0.0,0.0,0.0
2025-10-29,0.0,2.8925250634285015e-06,-2.8925250634285015e-06,124.93046341579961,0.0,-0.0,-0.0,0.0
2025-10-30,-0.0010089914992036325,1.562324313431543e-06,-0.001010553823517064,124.80421445832101,-0.0,0.0,-0.006420565267233458,-0.0
2025-10-31,-1.4281881838661654e-05,1.1136360762724022e-05,-2.5418242601385676e-05,124.80104215452023,-0.0,0.0,-0.0001,-0.0
2025-11-03,-0.0006282927968459599,9.333272244468893e-09,-0.0006283021301182044,124.72262939389358,-0.00393881271845421,0.0,-0.0,-0.0
2025-11-04,-0.00011749848458690471,1.4562382197440549e-06,-0.00011895472280664876,124.70779304808633,-0.0007718380054317908,0.0,0.0,-0.0
2025-11-05,-0.0004431340219126699,6.694363085332222e-08,-0.0004432009655435232,124.6525224337966,-0.0029173258419082915,-0.0,-0.0,-0.0
2025-11-06,0.0001450111371654835,7.034091167556462e-07,0.00014430772804872784,124.67051075610458,0.0009772937991558983,0.0,0.0,0.0
2025-11-07,-1.4811833035406844e-05,5.239189470937766e-08,-1.4864224930116222e-05,124.66865762559054,-0.0001,-0.0,0.0,-0.0
2025-11-10,0.0,2.5622139860875806e-09,-2.5622139860875806e-09,124.66865730616277,-0.0,0.0,0.0,0.0
2025-11-11,0.0,0.0,0.0,124.66865730616277,0.0,0.0,0.0,0.0
2025-11-12,0.0,0.0,0.0,124.66865730616277,0.0,-0.0,-0.0,-0.0
2025-11-13,0.0,0.0,0.0,124.66865730616277,0.0,0.0,-0.0,0.0
2025-11-14,0.0,0.0,0.0,124.66865730616277,0.0,-0.0,0.0,-0.0
2025-11-17,0.00019679263491503753,0.0,0.00019679263491503753,124.69319117972537,0.0013287326216215756,-0.0,0.0,0.0
2025-11-18,-1.4760012561528145e-05,1.0107873377132316e-07,-1.4861091295299468e-05,124.69133810282733,-0.0001,0.0,-0.0,-0.0
2025-11-19,0.0,2.8133707845545697e-09,-2.8133707845545697e-09,124.69133775202437,-0.0,0.0,-0.0,0.0
2025-11-20,0.0,4.837371151187403e-07,-4.837371151187403e-07,124.69127743419637,-0.0,0.0,-0.0,-0.0
2025-11-21,0.0,2.1923915657684637e-05,-2.1923915657684637e-05,124.68854371314666,-0.0,0.0,0.0,-0.0
2025-11-24,0.0,1.8456445292686087e-08,-1.8456445292686087e-08,124.68854141183938,-0.0,-0.0,0.0,0.0
2025-11-25,0.0002491871337133453,0.0,0.0002491871337133453,124.7196121920807,0.0009828438194874223,0.0,0.0,0.00042628151763145504
2025-11-26,-4.178028738713379e-05,7.407135856242752e-08,-4.185435874569622e-05,124.71439213268938,-0.0001,-0.0,0.0,-0.0001
2025-11-27,0.0,1.8339896595692686e-08,-1.8339896595692686e-08,124.71438984544032,0.0,0.0,0.0,0.0
2025-11-28,2.3599357060818387e-05,0.0,2.3599357060818387e-05,124.7173330248569,-0.0,0.0,0.00018855044264053388,0.0
2025-12-01,1.3261581773802844e-05,2.1504854662679484e-09,1.3259431288336577e-05,124.7189867057646,0.0,-0.0,0.0001059644098230228,0.0
2025-12-02,-1.2275523091998548e-05,3.3372941505001738e-06,-1.5612817242498723e-05,124.71703949101848,0.0,-0.0,-0.0001,-0.0
2025-12-03,0.0,0.00010385619460759213,-0.00010385619460759213,124.70408685389422,0.0,0.0,0.0,0.0
2025-12-04,0.0,0.00016853418709787948,-0.00016853418709787948,124.68306995198853,0.0,-0.0,0.0,0.0
2025-12-05,0.0005056875080971599,0.0,0.0005056875080971599,124.74612062293444,0.001960723075929638,0.0,-0.0,0.0
2025-12-08,-2.5537373421297457e-05,5.069899467676886e-07,-2.6044363368065146e-05,124.74287168964018,-0.0001,0.0,0.0,0.0
2025-12-09,0.0,4.919943845609007e-06,-4.919943845609007e-06,124.74225796171632,0.0,0.0,0.0,-0.0
2025-12-10,0.0,1.7834236312908036e-09,-1.7834236312908036e-09,124.74225773924803,-0.0,0.0,-0.0,0.0
2025-12-11,0.0,0.0,0.0,124.74225773924803,0.0,-0.0,0.0,0.0
2025-12-12,-0.0009417611320285076,0.0,-0.0009417611320285076,124.62478032938773,-0.0033636443971369998,-0.0,0.0,-0.0
2025-12-15,4.121284799971004e-05,1.9906480737565515e-06,3.922219992595349e-05,124.62966838743755,0.00015262371126645302,0.0,-0.0,-0.0
2025-12-16,-0.00039036763864905494,6.7279687079147006e-09,-0.00039037436661776287,124.58101615957902,-0.0014458302179327642,-0.0,0.0,-0.0
2025-12-17,0.00012230318173422067,2.262545132543395e-06,0.00012004063660167728,124.59597094406732,0.00043476576500012243,-0.0,0.0,-0.0
2025-12-18,-2.8100038695960263e-05,6.156580999361616e-08,-2.816160450595388e-05,124.59246212161055,-0.0001,0.0,-0.0,-0.0
2025-12-19,0.0,2.9786506035550664e-09,-2.9786506035550664e-09,124.59246175049314,-0.0,0.0,0.0,0.0
2025-12-22,0.0,1.555000364127704e-06,-1.555000364127704e-06,124.59226800916976,-0.0,0.0,-0.0,-0.0
2025-12-23,0.0,1.701423570896199e-09,-1.701423570896199e-09,124.59226779718553,0.0,-0.0,0.0,0.0
2025-12-24,0.0,0.0,0.0,124.59226779718553,0.0,-0.0,0.0,0.0
2025-12-26,0.00019303168834327117,1.3445144386782032e-05,0.00017958654395648914,124.61464289196292,0.0007604524763223819,-0.0,-0.0,0.0
2025-12-29,-2.391036449190519e-05,6.9359234111134044e-06,-3.0846287903018594e-05,124.61079899281134,-0.0001,0.0,-0.0,0.0
2025-12-30,0.0,2.1641944269001903e-08,-2.1641944269001903e-08,124.61079629599136,0.0,-0.0,0.0,-0.0
